Time,Sample,Replicate,CD,DP,CA,PC,CS,CH,BU,BT,PV,EL
0,BT,1,0,0,0,0,0,0,0,0.0055,0,0
0,BT,2,0,0,0,0,0,0,0,0.0055,0,0
0,BT,3,0,0,0,0,0,0,0,0.0055,0,0
1,BT,1,0,0,0,0,0,0,0,1.067866638,0,0
1,BT,2,0,0,0,0,0,0,0,1.070966676,0,0
1,BT,3,0,0,0,0,0,0,0,1.029966667,0,0
7,BT,1,0,0,0,0,0,0,0,0.851166671,0,0
7,BT,2,0,0,0,0,0,0,0,0.837466662,0,0
7,BT,3,0,0,0,0,0,0,0,0.83266664,0,0
14,BT,1,0,0,0,0,0,0,0,1.145533333,0,0
14,BT,2,0,0,0,0,0,0,0,1.228833333,0,0
14,BT,3,0,0,0,0,0,0,0,1.212633333,0,0
21,BT,1,0,0,0,0,0,0,0,1.1372,0,0
21,BT,2,0,0,0,0,0,0,0,1.1513,0,0
21,BT,3,0,0,0,0,0,0,0,1.1358,0,0
28,BT,1,0,0,0,0,0,0,0,1.114000047,0,0
28,BT,2,0,0,0,0,0,0,0,1.106399978,0,0
28,BT,3,0,0,0,0,0,0,0,1.158799971,0,0
35,BT,1,0,0,0,0,0,0,0,0.89183332,0,0
35,BT,2,0,0,0,0,0,0,0,0.950533345,0,0
35,BT,3,0,0,0,0,0,0,0,0.613533333,0,0
0,BU,1,0,0,0,0,0,0,0.0055,0,0,0
0,BU,2,0,0,0,0,0,0,0.0055,0,0,0
0,BU,3,0,0,0,0,0,0,0.0055,0,0,0
1,BU,1,0,0,0,0,0,0,1.023266628,0,0,0
1,BU,2,0,0,0,0,0,0,1.002466634,0,0,0
1,BU,3,0,0,0,0,0,0,1.089066699,0,0,0
7,BU,1,0,0,0,0,0,0,0.373466675,0,0,0
7,BU,2,0,0,0,0,0,0,0.373666679,0,0,0
7,BU,3,0,0,0,0,0,0,0.369166677,0,0,0
14,BU,1,0,0,0,0,0,0,0.555233333,0,0,0
14,BU,2,0,0,0,0,0,0,0.579233333,0,0,0
14,BU,3,0,0,0,0,0,0,0.562633333,0,0,0
21,BU,1,0,0,0,0,0,0,0.7256,0,0,0
21,BU,2,0,0,0,0,0,0,0.7155,0,0,0
21,BU,3,0,0,0,0,0,0,0.7137,0,0,0
28,BU,1,0,0,0,0,0,0,0.576899971,0,0,0
28,BU,2,0,0,0,0,0,0,0.556099976,0,0,0
28,BU,3,0,0,0,0,0,0,0.58510002,0,0,0
35,BU,1,0,0,0,0,0,0,0.523133352,0,0,0
35,BU,2,0,0,0,0,0,0,0.497933343,0,0,0
35,BU,3,0,0,0,0,0,0,0.578833356,0,0,0
0,CA,1,0,0,0.0055,0,0,0,0,0,0,0
0,CA,2,0,0,0.0055,0,0,0,0,0,0,0
0,CA,3,0,0,0.0055,0,0,0,0,0,0,0
1,CA,1,0,0,0.028066665,0,0,0,0,0,0,0
1,CA,2,0,0,0.027966663,0,0,0,0,0,0,0
1,CA,3,0,0,0.034766659,0,0,0,0,0,0,0
7,CA,1,0,0,-0.001133333,0,0,0,0,0,0,0
7,CA,2,0,0,-0.000633332,0,0,0,0,0,0,0
7,CA,3,0,0,0.001566668,0,0,0,0,0,0,0
14,CA,1,0,0,-0.046466667,0,0,0,0,0,0,0
14,CA,2,0,0,-0.048966667,0,0,0,0,0,0,0
14,CA,3,0,0,-0.069866667,0,0,0,0,0,0,0
21,CA,1,0,0,0.0058,0,0,0,0,0,0,0
21,CA,2,0,0,-0.0163,0,0,0,0,0,0,0
21,CA,3,0,0,-0.0136,0,0,0,0,0,0,0
28,CA,1,0,0,-0.000300003,0,0,0,0,0,0,0
28,CA,2,0,0,-0.002100003,0,0,0,0,0,0,0
28,CA,3,0,0,0.000400002,0,0,0,0,0,0,0
35,CA,1,0,0,0.03503333,0,0,0,0,0,0,0
35,CA,2,0,0,0.030333333,0,0,0,0,0,0,0
35,CA,3,0,0,0.032233335,0,0,0,0,0,0,0
0,CD,1,0.0055,0,0,0,0,0,0,0,0,0
0,CD,2,0.0055,0,0,0,0,0,0,0,0,0
0,CD,3,0.0055,0,0,0,0,0,0,0,0,0
1,CD,1,0.194866672,0,0,0,0,0,0,0,0,0
1,CD,2,0.231466666,0,0,0,0,0,0,0,0,0
1,CD,3,0.182966664,0,0,0,0,0,0,0,0,0
7,CD,1,0.207566654,0,0,0,0,0,0,0,0,0
7,CD,2,0.247966652,0,0,0,0,0,0,0,0,0
7,CD,3,0.374066656,0,0,0,0,0,0,0,0,0
14,CD,1,0.397033333,0,0,0,0,0,0,0,0,0
21,CD,1,0.4214,0,0,0,0,0,0,0,0,0
28,CD,1,0.358099992,0,0,0,0,0,0,0,0,0
35,CD,1,0.325333342,0,0,0,0,0,0,0,0,0
0,CD_BT,1,0.00275,0,0,0,0,0,0,0.00275,0,0
0,CD_BT,2,0.00275,0,0,0,0,0,0,0.00275,0,0
0,CD_BT,3,0.00275,0,0,0,0,0,0,0.00275,0,0
1,CD_BT,1,0.17500087,0,0,0,0,0,0,1.059865824,0,0
1,CD_BT,2,0.169878731,0,0,0,0,0,0,1.062687939,0,0
1,CD_BT,3,0.168655375,0,0,0,0,0,0,1.070811247,0,0
7,CD_BT,1,0.001055702,0,0,0,0,0,0,0.807410976,0,0
7,CD_BT,2,0.00145964,0,0,0,0,0,0,0.889707052,0,0
7,CD_BT,3,0.00136767,0,0,0,0,0,0,0.85739901,0,0
14,CD_BT,1,0.000265054,0,0,0,0,0,0,1.232768279,0,0
14,CD_BT,2,0.000237716,0,0,0,0,0,0,1.232795617,0,0
14,CD_BT,3,0.000298133,0,0,0,0,0,0,1.2238352,0,0
21,CD_BT,1,0.000937094,0,0,0,0,0,0,1.295062906,0,0
21,CD_BT,2,0.000167981,0,0,0,0,0,0,1.286232019,0,0
21,CD_BT,3,0.001311094,0,0,0,0,0,0,1.224888906,0,0
28,CD_BT,1,0.000392641,0,0,0,0,0,0,1.07740736,0,0
28,CD_BT,2,0.000160651,0,0,0,0,0,0,1.085039386,0,0
28,CD_BT,3,0.000622181,0,0,0,0,0,0,1.079277811,0,0
35,CD_BT,1,0.000355445,0,0,0,0,0,0,0.963077895,0,0
35,CD_BT,2,0.000720622,0,0,0,0,0,0,0.960012747,0,0
35,CD_BT,3,0.000173153,0,0,0,0,0,0,0.971560134,0,0
0,CD_BT_EL,1,0.001833333,0,0,0,0,0,0,0.001833333,0,0.001833333
0,CD_BT_EL,2,0.001833333,0,0,0,0,0,0,0.001833333,0,0.001833333
0,CD_BT_EL,3,0.001833333,0,0,0,0,0,0,0.001833333,0,0.001833333
1,CD_BT_EL,1,0.138588267,0,0,0,0,0,0,1.147935301,0,0.000643101
1,CD_BT_EL,2,0.126435031,0,0,0,0,0,0,1.154708696,0,0.00032295
1,CD_BT_EL,3,0.147978369,0,0,0,0,0,0,1.127747851,0,0.000440412
7,CD_BT_EL,1,0.000545274,0,0,0,0,0,0,0.9542299,0,0.001291439
7,CD_BT_EL,2,0.000145396,0,0,0,0,0,0,0.958121562,0,0.000799677
7,CD_BT_EL,3,0.000452346,0,0,0,0,0,0,0.963086307,0,0.00102806
14,CD_BT_EL,1,0.067239235,0,0,0,0,0,0,1.273400571,0,0.002993528
14,CD_BT_EL,2,0.05313624,0,0,0,0,0,0,1.244406196,0,0.005090897
14,CD_BT_EL,3,0.015476527,0,0,0,0,0,0,1.30510256,0,0.013954246
21,CD_BT_EL,1,0.083052591,0,0,0,0,0,0,1.266744267,0,0.002403142
21,CD_BT_EL,2,0.028147762,0,0,0,0,0,0,1.301869346,0,0.000282892
21,CD_BT_EL,3,0.032966988,0,0,0,0,0,0,1.338215512,0,0.0010175
28,CD_BT_EL,1,0.020478764,0,0,0,0,0,0,1.221196902,0,0.006324324
28,CD_BT_EL,2,0.000251031,0,0,0,0,0,0,1.052822136,0,0.006526794
28,CD_BT_EL,3,0.081370518,0,0,0,0,0,0,1.012164084,0,0.002365422
35,CD_BT_EL,1,0.145693153,0,0,0,0,0,0,0.974878048,0,0.01606215
35,CD_BT_EL,2,0,0,0,0,0,0,0,1.155919101,0,0.034114291
35,CD_BT_EL,3,0.213516792,0,0,0,0,0,0,1.026809139,0,0.044907403
0,CD_BT_PV,1,0.001833333,0,0,0,0,0,0,0.001833333,0.001833333,0
0,CD_BT_PV,2,0.001833333,0,0,0,0,0,0,0.001833333,0.001833333,0
0,CD_BT_PV,3,0.001833333,0,0,0,0,0,0,0.001833333,0.001833333,0
1,CD_BT_PV,1,0.243923046,0,0,0,0,0,0,0.99326092,0.057882704,0
1,CD_BT_PV,2,0.243370002,0,0,0,0,0,0,0.982290435,0.06340619,0
1,CD_BT_PV,3,0.221231081,0,0,0,0,0,0,0.994923867,0.068111717,0
7,CD_BT_PV,1,0.000173757,0,0,0,0,0,0,0.88608866,0.000104254,0
7,CD_BT_PV,2,0.000176345,0,0,0,0,0,0,0.887131531,5.88E-05,0
7,CD_BT_PV,3,0.296222231,0,0,0,0,0,0,0.533200017,0.059244446,0
14,CD_BT_PV,1,0.000231843,0,0,0,0,0,0,1.223201491,0,0
14,CD_BT_PV,2,0.000859638,0,0,0,0,0,0,1.211573695,0,0
14,CD_BT_PV,3,0.000534534,0,0,0,0,0,0,1.2067988,0,0
21,CD_BT_PV,1,0.000400319,0,0,0,0,0,0,1.129799681,0,0
21,CD_BT_PV,2,0.000748728,0,0,0,0,0,0,1.13756808,8.32E-05,0
21,CD_BT_PV,3,0.000242598,0,0,0,0,0,0,1.208014805,0.000242598,0
28,CD_BT_PV,1,0.000683882,0,0,0,0,0,0,1.038816082,0,0
28,CD_BT_PV,2,0.000248299,0,0,0,0,0,0,1.058251717,0,0
28,CD_BT_PV,3,0.000475105,0,0,0,0,0,0,0.956624894,0,0
35,CD_BT_PV,1,0,0,0,0,0,0,0,0.993933275,0,0
35,CD_BT_PV,2,0,0,0,0,0,0,0,1.066533282,0,0
35,CD_BT_PV,3,0.000185547,0,0,0,0,0,0,0.962247746,0,0
0,CD_BU,1,0.00275,0,0,0,0,0,0.00275,0,0,0
0,CD_BU,2,0.00275,0,0,0,0,0,0.00275,0,0,0
0,CD_BU,3,0.00275,0,0,0,0,0,0.00275,0,0,0
1,CD_BU,1,0.468930551,0,0,0,0,0,0.646636135,0,0,0
1,CD_BU,2,0.490802206,0,0,0,0,0,0.62536446,0,0,0
1,CD_BU,3,0.511428257,0,0,0,0,0,0.618738467,0,0,0
7,CD_BU,1,0.368994024,0,0,0,0,0,0.095372655,0,0,0
7,CD_BU,2,0.407171476,0,0,0,0,0,0.074995177,0,0,0
7,CD_BU,3,0.380714026,0,0,0,0,0,0.089252629,0,0,0
14,CD_BU,1,0.534412791,0,0,0,0,0,0.115120542,0,0,0
14,CD_BU,2,0.519135601,0,0,0,0,0,0.102697732,0,0,0
14,CD_BU,3,0.50108973,0,0,0,0,0,0.109643603,0,0,0
21,CD_BU,1,0.558408976,0,0,0,0,0,0.290991024,0,0,0
21,CD_BU,2,0.575192715,0,0,0,0,0,0.271807285,0,0,0
21,CD_BU,3,0.58627034,0,0,0,0,0,0.29792966,0,0,0
28,CD_BU,1,0.381896518,0,0,0,0,0,0.301803472,0,0,0
28,CD_BU,2,0.369348396,0,0,0,0,0,0.301251626,0,0,0
28,CD_BU,3,0.44791474,0,0,0,0,0,0.251085286,0,0,0
35,CD_BU,1,0.422872974,0,0,0,0,0,0.17516035,0,0,0
35,CD_BU,2,0.342751375,0,0,0,0,0,0.298781955,0,0,0
35,CD_BU,3,0.356416267,0,0,0,0,0,0.259317073,0,0,0
0,CD_BU_BT,1,0.001833333,0,0,0,0,0,0.001833333,0.001833333,0,0
0,CD_BU_BT,2,0.001833333,0,0,0,0,0,0.001833333,0.001833333,0,0
0,CD_BU_BT,3,0.001833333,0,0,0,0,0,0.001833333,0.001833333,0,0
1,CD_BU_BT,1,0.165784328,0,0,0,0,0,0.197929414,0.888152912,0,0
1,CD_BU_BT,2,0.197393356,0,0,0,0,0,0.199176399,0.850196887,0,0
1,CD_BU_BT,3,0.191067999,0,0,0,0,0,0.197022832,0.852875802,0,0
7,CD_BU_BT,1,0.000165964,0,0,0,0,0,0.001541099,0.887459595,0,0
7,CD_BU_BT,2,0.000187597,0,0,0,0,0,0.001563309,0.888115749,0,0
7,CD_BU_BT,3,0.000183707,0,0,0,0,0,0.001506399,0.87297659,0,0
14,CD_BU_BT,1,0.000145953,0,0,0,0,0,0.000145953,1.204841427,0,0
14,CD_BU_BT,2,0.000226979,0,0,0,0,0,0,1.222506355,0,0
14,CD_BU_BT,3,0.000193498,0,0,0,0,0,0.000193498,1.165246337,0,0
21,CD_BU_BT,1,0,0,0,0,0,0,0.000163785,1.263436215,0,0
21,CD_BU_BT,2,0.000320815,0,0,0,0,0,0.001283258,1.384795927,0,0
21,CD_BU_BT,3,0.000183593,0,0,0,0,0,0.000367187,1.20014922,0,0
28,CD_BU_BT,1,0.008864111,0,0,0,0,0,0.002332661,1.029403254,0,0
28,CD_BU_BT,2,0.000624303,0,0,0,0,0,0.106755736,1.056319911,0,0
28,CD_BU_BT,3,0.000232024,0,0,0,0,0,0.001392142,0.978675868,0,0
35,CD_BU_BT,1,0.000167439,0,0,0,0,0,0.030976181,1.074789763,0,0
35,CD_BU_BT,2,0,0,0,0,0,0,0.057423197,1.020610086,0,0
0,CD_BU_EL,1,0.001833333,0,0,0,0,0,0.001833333,0,0,0.001833333
0,CD_BU_EL,2,0.001833333,0,0,0,0,0,0.001833333,0,0,0.001833333
0,CD_BU_EL,3,0.001833333,0,0,0,0,0,0.001833333,0,0,0.001833333
1,CD_BU_EL,1,0.330582758,0,0,0,0,0,0.729415419,0,0,0.087068491
1,CD_BU_EL,2,0.333559877,0,0,0,0,0,0.720828547,0,0,0.124378259
1,CD_BU_EL,3,0.333177955,0,0,0,0,0,0.714624101,0,0,0.126564612
7,CD_BU_EL,1,0.278244731,0,0,0,0,0,0.566303722,0,0,0.08571817
7,CD_BU_EL,2,0.094507366,0,0,0,0,0,0.835152909,0,0,0.071406415
7,CD_BU_EL,3,0.134558015,0,0,0,0,0,0.752646464,0,0,0.087762171
14,CD_BU_EL,1,0.245571209,0,0,0,0,0,0.736913441,0,0,0.269748684
14,CD_BU_EL,2,0.33084867,0,0,0,0,0,0.853668398,0,0,0.190116265
14,CD_BU_EL,3,0.269178006,0,0,0,0,0,0.905750715,0,0,0.178304613
21,CD_BU_EL,1,0.224288823,0,0,0,0,0,1.093192683,0,0,0.142118494
21,CD_BU_EL,2,0.124611622,0,0,0,0,0,1.18271972,0,0,0.112068658
21,CD_BU_EL,3,0.22403964,0,0,0,0,0,1.036700493,0,0,0.138159867
28,CD_BU_EL,1,0.239990674,0,0,0,0,0,0.918552542,0,0,0.101956822
28,CD_BU_EL,2,0.094174237,0,0,0,0,0,0.956909853,0,0,0.129715956
28,CD_BU_EL,3,0.153028851,0,0,0,0,0,0.682891247,0,0,0.357279859
35,CD_BU_EL,1,0.249730647,0,0,0,0,0,0.685658453,0,0,0.28684427
35,CD_BU_EL,2,0.240763148,0,0,0,0,0,0.612829828,0,0,0.336540313
35,CD_BU_EL,3,0.263773668,0,0,0,0,0,0.679153585,0,0,0.266106072
0,CD_BU_PV,1,0.001833333,0,0,0,0,0,0.001833333,0,0.001833333,0
0,CD_BU_PV,2,0.001833333,0,0,0,0,0,0.001833333,0,0.001833333,0
0,CD_BU_PV,3,0.001833333,0,0,0,0,0,0.001833333,0,0.001833333,0
1,CD_BU_PV,1,0.496214922,0,0,0,0,0,0.31113887,0,0.544912833,0
1,CD_BU_PV,2,0.484651239,0,0,0,0,0,0.29174104,0,0.558774369,0
1,CD_BU_PV,3,0.412735458,0,0,0,0,0,0.282529228,0,0.634402003,0
7,CD_BU_PV,1,0.03653856,0,0,0,0,0,0.922673996,0,0.089454165,0
7,CD_BU_PV,2,0.015596997,0,0,0,0,0,0.90008098,0,0.134588652,0
7,CD_BU_PV,3,0.024236605,0,0,0,0,0,0.910833343,0,0.091796731,0
14,CD_BU_PV,2,0.000195671,0,0,0,0,0,1.218248898,0,0.018588764,0
14,CD_BU_PV,3,0.589936464,0,0,0,0,0,0.532520187,0,0.044376682,0
21,CD_BU_PV,1,0,0,0,0,0,0,1.088541869,0,0.033558131,0
21,CD_BU_PV,2,0.000364006,0,0,0,0,0,1.236347261,0,0.042588732,0
21,CD_BU_PV,3,0.000565794,0,0,0,0,0,1.30283405,0,0.021500157,0
28,CD_BU_PV,2,0.000244251,0,0,0,0,0,1.02634143,0,0.010014279,0
28,CD_BU_PV,3,0,0,0,0,0,0,1.131089669,0,0.00531028,0
35,CD_BU_PV,2,0.0001304,0,0,0,0,0,0.93653543,0,0.090367454,0
0,CD_CA,1,0.00275,0,0.00275,0,0,0,0,0,0,0
0,CD_CA,2,0.00275,0,0.00275,0,0,0,0,0,0,0
0,CD_CA,3,0.00275,0,0.00275,0,0,0,0,0,0,0
1,CD_CA,1,0.289796675,0,0.039469977,0,0,0,0,0,0,0
1,CD_CA,2,0.375830443,0,0.064236208,0,0,0,0,0,0,0
1,CD_CA,3,0.844106304,0,0.160960404,0,0,0,0,0,0,0
7,CD_CA,1,0.29559044,0,0.045076217,0,0,0,0,0,0,0
7,CD_CA,3,0.291889351,0,0.0343773,0,0,0,0,0,0,0
14,CD_CA,1,0.428826273,0,0.07330706,0,0,0,0,0,0,0
14,CD_CA,3,0.395505125,0,0.046428208,0,0,0,0,0,0,0
21,CD_CA,1,0.535743936,0,0.049656064,0,0,0,0,0,0,0
21,CD_CA,3,0.381489534,0,0.131210466,0,0,0,0,0,0,0
28,CD_CA,1,0.383979364,0,0.032820623,0,0,0,0,0,0,0
28,CD_CA,3,0.292652904,0,0.099847104,0,0,0,0,0,0,0
35,CD_CA,1,0.364083793,0,0.039649535,0,0,0,0,0,0,0
35,CD_CA,3,0.343449115,0,0.047784225,0,0,0,0,0,0,0
0,CD_CA_BT,1,0.001833333,0,0.001833333,0,0,0,0,0.001833333,0,0
0,CD_CA_BT,2,0.001833333,0,0.001833333,0,0,0,0,0.001833333,0,0
0,CD_CA_BT,3,0.001833333,0,0.001833333,0,0,0,0,0.001833333,0,0
1,CD_CA_BT,1,0.099237621,0,0.134712115,0,0,0,0,0.967816949,0,0
1,CD_CA_BT,2,0.103733976,0,0.15005467,0,0,0,0,0.935678024,0,0
1,CD_CA_BT,3,0.093869139,0,0.148648297,0,0,0,0,0.969449271,0,0
7,CD_CA_BT,2,0.052809743,0,0.088029297,0,0,0,0,0.794927663,0,0
7,CD_CA_BT,3,0.033676648,0,0.092912445,0,0,0,0,0.823377581,0,0
14,CD_CA_BT,2,0.080121683,0,0.249381959,0,0,0,0,0.960429692,0,0
14,CD_CA_BT,3,0.087197642,0,0.243477073,0,0,0,0,0.956758618,0,0
21,CD_CA_BT,2,0.118835934,0,0.283124293,0,0,0,0,1.012939773,0,0
21,CD_CA_BT,3,0.123327572,0,0.147387009,0,0,0,0,1.102785418,0,0
28,CD_CA_BT,2,0.052585662,0,0.421476057,0,0,0,0,0.67293832,0,0
28,CD_CA_BT,3,0.075831817,0,0.20572196,0,0,0,0,0.83064621,0,0
35,CD_CA_BT,2,0.04052551,0,0.56011236,0,0,0,0,0.585695503,0,0
35,CD_CA_BT,3,0.072662756,0,0.293996112,0,0,0,0,0.796874417,0,0
0,CD_CA_BU,1,0.001833333,0,0.001833333,0,0,0,0.001833333,0,0,0
0,CD_CA_BU,2,0.001833333,0,0.001833333,0,0,0,0.001833333,0,0,0
0,CD_CA_BU,3,0.001833333,0,0.001833333,0,0,0,0.001833333,0,0,0
1,CD_CA_BU,1,0.499680363,0,0.228651967,0,0,0,0.368534352,0,0,0
1,CD_CA_BU,2,0.490038679,0,0.2300102,0,0,0,0.364117841,0,0,0
1,CD_CA_BU,3,0.457662284,0,0.243097162,0,0,0,0.356807271,0,0,0
7,CD_CA_BU,1,0.228718579,0,0.394143206,0,0,0,0.103604876,0,0,0
7,CD_CA_BU,2,0.163064718,0,0.44179255,0,0,0,0.072209421,0,0,0
7,CD_CA_BU,3,0.192430278,0,0.474705287,0,0,0,0.05523113,0,0,0
14,CD_CA_BU,1,0.355669077,0,0.159606761,0,0,0,0.031557496,0,0,0
14,CD_CA_BU,2,0.243920863,0,0.435805276,0,0,0,0.224407194,0,0,0
0,CD_CA_CH,1,0.001833333,0,0.001833333,0,0,0.001833333,0,0,0,0
0,CD_CA_CH,2,0.001833333,0,0.001833333,0,0,0.001833333,0,0,0,0
0,CD_CA_CH,3,0.001833333,0,0.001833333,0,0,0.001833333,0,0,0,0
1,CD_CA_CH,1,0.206298317,0,0.422357792,0,0,0.162310535,0,0,0,0
1,CD_CA_CH,2,0.219441744,0,0.418886257,0,0,0.102038652,0,0,0,0
1,CD_CA_CH,3,0.206609734,0,0.431712024,0,0,0.085844889,0,0,0,0
7,CD_CA_CH,1,0.22726941,0,0.032950933,0,0,0.002946328,0,0,0,0
7,CD_CA_CH,2,0.22030627,0,0.029074558,0,0,0.001485829,0,0,0,0
7,CD_CA_CH,3,0.316753195,0,0.038049376,0,0,0.002264095,0,0,0,0
14,CD_CA_CH,1,0.33293121,0,0.105057101,0,0,0.021945023,0,0,0,0
14,CD_CA_CH,2,0.375217634,0,0.094693102,0,0,0.017622598,0,0,0,0
21,CD_CA_CH,1,0.455371903,0,0.055100374,0,0,0.001727724,0,0,0,0
21,CD_CA_CH,2,0.444133815,0,0.053130525,0,0,0.00193566,0,0,0,0
28,CD_CA_CH,1,0.310821616,0,0.103082612,0,0,0.021595763,0,0,0,0
28,CD_CA_CH,2,0.356028331,0,0.062689374,0,0,0.011282268,0,0,0,0
35,CD_CA_CH,1,0.33180767,0,0.039326734,0,0,0.000698935,0,0,0,0
35,CD_CA_CH,2,0.346930462,0,0.032659445,0,0,0.000843429,0,0,0,0
0,CD_CA_CS,1,0.001833333,0,0.001833333,0,0.001833333,0,0,0,0,0
0,CD_CA_CS,2,0.001833333,0,0.001833333,0,0.001833333,0,0,0,0,0
0,CD_CA_CS,3,0.001833333,0,0.001833333,0,0.001833333,0,0,0,0,0
1,CD_CA_CS,1,0.44487648,0,0.11551407,0,0.011976119,0,0,0,0,0
1,CD_CA_CS,2,0.471417925,0,0.124361041,0,0.012387683,0,0,0,0,0
1,CD_CA_CS,3,0.492882124,0,0.14642759,0,0.012756949,0,0,0,0,0
7,CD_CA_CS,1,0.257750498,0,0.030624327,0,9.18E-05,0,0,0,0,0
7,CD_CA_CS,2,0.24831878,0,0.027803945,0,0.000143944,0,0,0,0,0
7,CD_CA_CS,3,0.28667424,0,0.133057396,0,0.098635004,0,0,0,0,0
14,CD_CA_CS,1,0.314670636,0,0.214568065,0,0.063494632,0,0,0,0,0
14,CD_CA_CS,2,0.353260771,0,0.21738478,0,0.135287783,0,0,0,0,0
14,CD_CA_CS,3,0.347959711,0,0.178964491,0,0.111109131,0,0,0,0,0
21,CD_CA_CS,1,0.464059158,0,0.240346887,0,0.097993955,0,0,0,0,0
21,CD_CA_CS,2,0.537482764,0,0.158037953,0,0.095779283,0,0,0,0,0
28,CD_CA_CS,1,0.484656922,0,0.331032481,0,0.095310576,0,0,0,0,0
28,CD_CA_CS,2,0.48885401,0,0.127817922,0,0.051028085,0,0,0,0,0
35,CD_CA_CS,1,0.28613169,0,0.138798697,0,0.101402961,0,0,0,0,0
35,CD_CA_CS,2,0.33077033,0,0.266094567,0,0.095268425,0,0,0,0,0
0,CD_CA_EL,1,0.001833333,0,0.001833333,0,0,0,0,0,0,0.001833333
0,CD_CA_EL,2,0.001833333,0,0.001833333,0,0,0,0,0,0,0.001833333
0,CD_CA_EL,3,0.001833333,0,0.001833333,0,0,0,0,0,0,0.001833333
1,CD_CA_EL,1,0.437305024,0,0.303165988,0,0,0,0,0,0,0.120195636
1,CD_CA_EL,2,0.632954795,0,0.418672053,0,0,0,0,0,0,0.165939836
1,CD_CA_EL,3,0.583889466,0,0.395123971,0,0,0,0,0,0,0.12225326
7,CD_CA_EL,2,0.613548788,0,0.395028228,0,0,0,0,0,0,0.165589668
7,CD_CA_EL,3,0.37147261,0,0.368985484,0,0,0,0,0,0,0.127808553
14,CD_CA_EL,3,0.257474239,0,0.611231685,0,0,0,0,0,0,0.325127409
21,CD_CA_EL,3,0.18645357,0,0.70338772,0,0,0,0,0,0,0.18905871
28,CD_CA_EL,3,0.242989183,0,0.169708472,0,0,0,0,0,0,0.083702369
35,CD_CA_EL,3,0.508514067,0,0.328733372,0,0,0,0,0,0,0.088185914
0,CD_CA_PC,1,0.001833333,0,0.001833333,0.001833333,0,0,0,0,0,0
0,CD_CA_PC,2,0.001833333,0,0.001833333,0.001833333,0,0,0,0,0,0
0,CD_CA_PC,3,0.001833333,0,0.001833333,0.001833333,0,0,0,0,0,0
1,CD_CA_PC,1,0.420608588,0,0.076465728,0.220592325,0,0,0,0,0,0
1,CD_CA_PC,2,0.398931725,0,0.076746579,0.198688364,0,0,0,0,0,0
1,CD_CA_PC,3,0.426465036,0,0.054639949,0.23586166,0,0,0,0,0,0
7,CD_CA_PC,2,0.415987975,0,0.05791329,0.298065376,0,0,0,0,0,0
14,CD_CA_PC,2,0.001092249,0,0.739088615,0.265052469,0,0,0,0,0,0
21,CD_CA_PC,2,0.0019,0,0.0043,0.0001,0,0,0,0,0,0
28,CD_CA_PC,2,-0.000232,0,-0.002088001,-0.00058,0,0,0,0,0,0
35,CD_CA_PC,2,0.004318579,0,0.018508195,0.014806556,0,0,0,0,0,0
0,CD_CA_PV,1,0.001833333,0,0.001833333,0,0,0,0,0,0.001833333,0
0,CD_CA_PV,2,0.001833333,0,0.001833333,0,0,0,0,0,0.001833333,0
0,CD_CA_PV,3,0.001833333,0,0.001833333,0,0,0,0,0,0.001833333,0
1,CD_CA_PV,1,0.864055856,0,0.287328997,0,0,0,0,0,0.246681862,0
1,CD_CA_PV,2,0.867011998,0,0.2969341,0,0,0,0,0,0.229120622,0
1,CD_CA_PV,3,0.869758731,0,0.237342714,0,0,0,0,0,0.279165219,0
7,CD_CA_PV,1,0.110260687,0,0.557574561,0,0,0,0,0,0.393731467,0
7,CD_CA_PV,2,0.107711204,0,0.594990731,0,0,0,0,0,0.359164711,0
7,CD_CA_PV,3,0.142170329,0,0.575880253,0,0,0,0,0,0.332716129,0
14,CD_CA_PV,1,0.17372687,0,1.221415715,0,0,0,0,0,0.069490748,0
14,CD_CA_PV,2,0.116746245,0,1.234301904,0,0,0,0,0,0.187685185,0
21,CD_CA_PV,1,0.398828557,0,1.027379793,0,0,0,0,0,0.08589165,0
21,CD_CA_PV,2,0.164071482,0,1.060489775,0,0,0,0,0,0.216738744,0
28,CD_CA_PV,1,0.229746348,0,0.972531851,0,0,0,0,0,0.019221806,0
35,CD_CA_PV,1,0.156123962,0,1.09847698,0,0,0,0,0,0.019632355,0
35,CD_CA_PV,2,0.229204132,0,1.157950444,0,0,0,0,0,0.071578699,0
0,CD_CH,1,0.00275,0,0,0,0,0.00275,0,0,0,0
0,CD_CH,2,0.00275,0,0,0,0,0.00275,0,0,0,0
0,CD_CH,3,0.00275,0,0,0,0,0.00275,0,0,0,0
1,CD_CH,1,0.340076379,0,0,0,0,0.169990264,0,0,0,0
1,CD_CH,2,0.326092884,0,0,0,0,0.148873776,0,0,0,0
1,CD_CH,3,0.270225185,0,0,0,0,0.202041504,0,0,0,0
7,CD_CH,1,0.272616746,0,0,0,0,0.001049909,0,0,0,0
7,CD_CH,2,0.286130351,0,0,0,0,0.002136313,0,0,0,0
7,CD_CH,3,0.305372522,0,0,0,0,0.001994152,0,0,0,0
14,CD_CH,1,0.421182963,0,0,0,0,0.00705037,0,0,0,0
14,CD_CH,2,0.41289736,0,0,0,0,0.002435973,0,0,0,0
14,CD_CH,3,0.425633333,0,0,0,0,0,0,0,0,0
21,CD_CH,1,0.496841599,0,0,0,0,0.001958401,0,0,0,0
21,CD_CH,2,0.488062592,0,0,0,0,3.74E-05,0,0,0,0
21,CD_CH,3,0.460231015,0,0,0,0,0.000468985,0,0,0,0
28,CD_CH,1,0.341247915,0,0,0,0,5.21E-05,0,0,0,0
28,CD_CH,2,0.340600009,0,0,0,0,0,0,0,0,0
28,CD_CH,3,0.367299999,0,0,0,0,0,0,0,0,0
0,CD_CH_BT,1,0.001833333,0,0,0,0,0.001833333,0,0.001833333,0,0
0,CD_CH_BT,2,0.001833333,0,0,0,0,0.001833333,0,0.001833333,0,0
0,CD_CH_BT,3,0.001833333,0,0,0,0,0.001833333,0,0.001833333,0,0
1,CD_CH_BT,1,0.07565245,0,0,0,0,0.141953417,0,0.974760807,0,0
1,CD_CH_BT,2,0.064941184,0,0,0,0,0.123897005,0,1.010628471,0,0
1,CD_CH_BT,3,0.068103511,0,0,0,0,0.114958727,0,1.000304373,0,0
7,CD_CH_BT,1,0.000249245,0,0,0,0,0.036251272,0,0.819766165,0,0
7,CD_CH_BT,2,0.000199587,0,0,0,0,0.031135574,0,0.806331534,0,0
7,CD_CH_BT,3,0.000332294,0,0,0,0,0.041774119,0,0.822760266,0,0
14,CD_CH_BT,1,0.001837973,0,0,0,0,0.081023988,0,1.005371372,0,0
14,CD_CH_BT,2,0.001900038,0,0,0,0,0.062701266,0,1.035732029,0,0
14,CD_CH_BT,3,0.001320062,0,0,0,0,0.063582999,0,1.065730272,0,0
21,CD_CH_BT,1,0.001063475,0,0,0,0,0.042302662,0,1.212833863,0,0
21,CD_CH_BT,2,0.000842308,0,0,0,0,0.033271154,0,1.199586538,0,0
21,CD_CH_BT,3,0.000825173,0,0,0,0,0.049510381,0,1.231364446,0,0
28,CD_CH_BT,1,0,0,0,0,0,0.053168602,0,1.091331381,0,0
28,CD_CH_BT,2,0.000212166,0,0,0,0,0.072773109,0,1.048314672,0,0
28,CD_CH_BT,3,0,0,0,0,0,0.048408357,0,1.024791596,0,0
35,CD_CH_BT,1,0,0,0,0,0,0.065740927,0,0.517592402,0,0
35,CD_CH_BT,2,0.000136371,0,0,0,0,0.068049126,0,0.88654783,0,0
35,CD_CH_BT,3,0,0,0,0,0,0.036541773,0,0.946691515,0,0
0,CD_CH_BU,1,0.001833333,0,0,0,0,0.001833333,0.001833333,0,0,0
0,CD_CH_BU,2,0.001833333,0,0,0,0,0.001833333,0.001833333,0,0,0
0,CD_CH_BU,3,0.001833333,0,0,0,0,0.001833333,0.001833333,0,0,0
1,CD_CH_BU,1,0.232998731,0,0,0,0,0.249074288,0.6530937,0,0,0
1,CD_CH_BU,2,0.176369142,0,0,0,0,0.160840329,0.806457228,0,0,0
1,CD_CH_BU,3,0.196322127,0,0,0,0,0.183066546,0.719778033,0,0,0
7,CD_CH_BU,1,0.343513921,0,0,0,0,0.003787569,0.052765189,0,0,0
7,CD_CH_BU,2,0.364452901,0,0,0,0,0.003585716,0.076628072,0,0,0
7,CD_CH_BU,3,0.372722518,0,0,0,0,0.003538185,0.061705947,0,0,0
14,CD_CH_BU,1,0.327368149,0,0,0,0,0.062048337,0.328116847,0,0,0
14,CD_CH_BU,2,0.342568746,0,0,0,0,0.023342622,0.356321966,0,0,0
21,CD_CH_BU,1,0.011666193,0,0,0,0,0.101353355,0.660380452,0,0,0
21,CD_CH_BU,2,0.086083382,0,0,0,0,0.062590507,0.69492611,0,0,0
28,CD_CH_BU,2,0.118592449,0,0,0,0,0.107762089,0.426445451,0,0,0
35,CD_CH_BU,2,0.110387225,0,0,0,0,0.049337649,0.459808442,0,0,0
0,CD_CH_EL,1,0.001833333,0,0,0,0,0.001833333,0,0,0,0.001833333
0,CD_CH_EL,2,0.001833333,0,0,0,0,0.001833333,0,0,0,0.001833333
0,CD_CH_EL,3,0.001833333,0,0,0,0,0.001833333,0,0,0,0.001833333
1,CD_CH_EL,1,0.163888479,0,0,0,0,0.057564958,0,0,0,0.482013232
1,CD_CH_EL,2,0.164735647,0,0,0,0,0.052120568,0,0,0,0.498610478
1,CD_CH_EL,3,0.176423691,0,0,0,0,0.072880506,0,0,0,0.470362478
7,CD_CH_EL,1,0.206402946,0,0,0,0,0.031509304,0,0,0,0.185654425
7,CD_CH_EL,2,0.209652606,0,0,0,0,0.025374285,0,0,0,0.215039799
7,CD_CH_EL,3,0.238112345,0,0,0,0,0.018618111,0,0,0,0.200836227
14,CD_CH_EL,1,0.235950794,0,0,0,0,0.01298709,0,0,0,0.19189545
14,CD_CH_EL,2,0.225206964,0,0,0,0,0.061031288,0,0,0,0.199295081
14,CD_CH_EL,3,0.236440884,0,0,0,0,0.061028886,0,0,0,0.203163564
21,CD_CH_EL,1,0.284587082,0,0,0,0,0.062799365,0,0,0,0.352813553
21,CD_CH_EL,2,0.244185715,0,0,0,0,0.034811197,0,0,0,0.369303088
21,CD_CH_EL,3,0.227068862,0,0,0,0,0.026998566,0,0,0,0.420532572
28,CD_CH_EL,1,0.344989894,0,0,0,0,0.037598309,0,0,0,0.21911177
28,CD_CH_EL,2,0.245349963,0,0,0,0,0.052524293,0,0,0,0.30402575
28,CD_CH_EL,3,0.333126363,0,0,0,0,0.040785507,0,0,0,0.240688158
35,CD_CH_EL,1,0.209007539,0,0,0,0,0.022702543,0,0,0,0.281223247
35,CD_CH_EL,2,0.226487939,0,0,0,0,0.113455799,0,0,0,0.278089568
35,CD_CH_EL,3,0.304955046,0,0,0,0,0.003721395,0,0,0,0.21085691
0,CD_CH_PV,1,0.001833333,0,0,0,0,0.001833333,0,0,0.001833333,0
0,CD_CH_PV,2,0.001833333,0,0,0,0,0.001833333,0,0,0.001833333,0
0,CD_CH_PV,3,0.001833333,0,0,0,0,0.001833333,0,0,0.001833333,0
1,CD_CH_PV,1,0.14110372,0,0,0,0,0.721378192,0,0,0.407684798,0
1,CD_CH_PV,2,0.240898618,0,0,0,0,0.550708841,0,0,0.481359239,0
1,CD_CH_PV,3,0.196779939,0,0,0,0,0.514050755,0,0,0.561635921,0
7,CD_CH_PV,1,0.000116362,0,0,0,0,0.352266704,0,0,0.628083543,0
7,CD_CH_PV,2,0.000134117,0,0,0,0,0.429843734,0,0,0.538388777,0
7,CD_CH_PV,3,0.000166165,0,0,0,0,0.471077853,0,0,0.519722665,0
14,CD_CH_PV,1,0.002431545,0,0,0,0,0.666991544,0,0,0.603210244,0
14,CD_CH_PV,2,0.00038222,0,0,0,0,0.601041262,0,0,0.657609851,0
21,CD_CH_PV,1,0,0,0,0,0,0.207872052,0,0,0.969127948,0
28,CD_CH_PV,1,0.003992609,0,0,0,0,0.306825989,0,0,0.271981397,0
35,CD_CH_PV,1,0,0,0,0,0,0.408975047,0,0,0.599658283,0
0,CD_CS,1,0.00275,0,0,0,0.00275,0,0,0,0,0
0,CD_CS,2,0.00275,0,0,0,0.00275,0,0,0,0,0
0,CD_CS,3,0.00275,0,0,0,0.00275,0,0,0,0,0
1,CD_CS,1,0.335693378,0,0,0,0.075606616,0,0,0,0,0
1,CD_CS,2,0.588917212,0,0,0,0.101082805,0,0,0,0,0
1,CD_CS,3,0.559903335,0,0,0,0.099996635,0,0,0,0,0
7,CD_CS,1,0.406533341,0,0,0,0,0,0,0,0,0
7,CD_CS,2,0.185603077,0,0,0,0.000330255,0,0,0,0,0
7,CD_CS,3,0.192214229,0,0,0,0.002619119,0,0,0,0,0
14,CD_CS,1,0.18576668,0,0,0,0,0,0,0,0,0
14,CD_CS,2,0.31256668,0,0,0,0,0,0,0,0,0
14,CD_CS,3,0.250019942,0,0,0,0.000146725,0,0,0,0,0
21,CD_CS,1,0.326733338,0,0,0,0,0,0,0,0,0
21,CD_CS,3,0.36123008,0,0,0,0.065303249,0,0,0,0,0
28,CD_CS,1,0.341066658,0,0,0,0,0,0,0,0,0
28,CD_CS,3,0.353026819,0,0,0,0.105239856,0,0,0,0,0
35,CD_CS,1,0.282366676,0,0,0,0,0,0,0,0,0
35,CD_CS,3,0.176016482,0,0,0,0.076850186,0,0,0,0,0
0,CD_CS_BT,1,0.001833333,0,0,0,0.001833333,0,0,0.001833333,0,0
0,CD_CS_BT,2,0.001833333,0,0,0,0.001833333,0,0,0.001833333,0,0
0,CD_CS_BT,3,0.001833333,0,0,0,0.001833333,0,0,0.001833333,0,0
1,CD_CS_BT,1,0.129273902,0,0,0,0.019538546,0,0,1.08715419,0,0
1,CD_CS_BT,2,0.165082602,0,0,0,0.019860931,0,0,1.045523146,0,0
1,CD_CS_BT,3,0.124358996,0,0,0,0.013353986,0,0,1.090853739,0,0
7,CD_CS_BT,1,0.000464107,0,0,0,0.000132602,0,0,0.936369953,0,0
7,CD_CS_BT,2,0.000109309,0,0,0,3.64E-05,0,0,0.94432097,0,0
7,CD_CS_BT,3,0.000258993,0,0,0,0,0,0,0.969107682,0,0
14,CD_CS_BT,1,0.001153895,0,0,0,0,0,0,1.185379439,0,0
14,CD_CS_BT,2,0.001314964,0,0,0,0,0,0,1.170318369,0,0
14,CD_CS_BT,3,0.000885111,0,0,0,0,0,0,1.144448223,0,0
21,CD_CS_BT,2,0.000342493,0,0,0,0,0,0,1.208657507,0,0
21,CD_CS_BT,3,0.000407207,0,0,0,0,0,0,1.225692793,0,0
28,CD_CS_BT,2,0,0,0,0,0,0,0,0.956199969,0,0
28,CD_CS_BT,3,0,0,0,0,0,0,0,0.948199953,0,0
35,CD_CS_BT,2,0,0,0,0,0,0,0,0.940533355,0,0
35,CD_CS_BT,3,0.000184585,0,0,0,0,0,0,0.953748729,0,0
0,CD_CS_BU,1,0.001833333,0,0,0,0.001833333,0,0.001833333,0,0,0
0,CD_CS_BU,2,0.001833333,0,0,0,0.001833333,0,0.001833333,0,0,0
0,CD_CS_BU,3,0.001833333,0,0,0,0.001833333,0,0.001833333,0,0,0
1,CD_CS_BU,1,0.502859729,0,0,0,0.036566211,0,0.504940733,0,0,0
1,CD_CS_BU,2,0.496068713,0,0,0,0.038115832,0,0.502582178,0,0,0
1,CD_CS_BU,3,0.459869105,0,0,0,0.037835853,0,0.522461751,0,0,0
7,CD_CS_BU,3,0.248527706,0,0,0,0.281854269,0,0.050384708,0,0,0
0,CD_CS_CH,1,0.001833333,0,0,0,0.001833333,0.001833333,0,0,0,0
0,CD_CS_CH,2,0.001833333,0,0,0,0.001833333,0.001833333,0,0,0,0
0,CD_CS_CH,3,0.001833333,0,0,0,0.001833333,0.001833333,0,0,0,0
1,CD_CS_CH,1,0.324780224,0,0,0,0.036827404,0.127959012,0,0,0,0
1,CD_CS_CH,2,0.314433256,0,0,0,0.039048296,0.139385098,0,0,0,0
1,CD_CS_CH,3,0.31986115,0,0,0,0.031619187,0.142286343,0,0,0,0
7,CD_CS_CH,1,0.172263301,0,0,0,6.10E-05,0.00094239,0,0,0,0
7,CD_CS_CH,2,0.30628564,0,0,0,0.000424269,0.005856763,0,0,0,0
7,CD_CS_CH,3,0.352478417,0,0,0,0.000103265,0.001984986,0,0,0,0
14,CD_CS_CH,2,0.40590203,0,0,0,0.010831303,0,0,0,0,0
0,CD_CS_EL,1,0.001833333,0,0,0,0.001833333,0,0,0,0,0.001833333
0,CD_CS_EL,2,0.001833333,0,0,0,0.001833333,0,0,0,0,0.001833333
0,CD_CS_EL,3,0.001833333,0,0,0,0.001833333,0,0,0,0,0.001833333
1,CD_CS_EL,1,0.604072536,0,0,0,0.052379676,0,0,0,0,0.198414428
1,CD_CS_EL,2,0.71011497,0,0,0,0.053717184,0,0,0,0,0.20343448
1,CD_CS_EL,3,0.578689932,0,0,0,0.043801325,0,0,0,0,0.163675426
7,CD_CS_EL,1,0.418632407,0,0,0,0.073459659,0,0,0,0,0.198774588
7,CD_CS_EL,2,0.380648563,0,0,0,0.060470669,0,0,0,0,0.165647414
7,CD_CS_EL,3,0.241908858,0,0,0,0.054147972,0,0,0,0,0.131509823
14,CD_CS_EL,1,0.466376034,0,0,0,0.103006644,0,0,0,0,0.063550655
14,CD_CS_EL,2,0.356729029,0,0,0,0.157327361,0,0,0,0,0.107476944
14,CD_CS_EL,3,0.337262051,0,0,0,0.365516877,0,0,0,0,0.141154405
21,CD_CS_EL,1,0.588723336,0,0,0,0.068870373,0,0,0,0,0.220306291
21,CD_CS_EL,2,0.423425445,0,0,0,0.01805093,0,0,0,0,0.075623625
21,CD_CS_EL,3,0.534716292,0,0,0,0.066337963,0,0,0,0,0.223245745
28,CD_CS_EL,1,0.546211427,0,0,0,0.06138139,0,0,0,0,0.089307158
28,CD_CS_EL,2,0.63877414,0,0,0,0.044039284,0,0,0,0,0.095986552
28,CD_CS_EL,3,0.547781995,0,0,0,0.068472749,0,0,0,0,0.09524527
35,CD_CS_EL,1,0.748693921,0,0,0,0.017607092,0,0,0,0,0.061232307
35,CD_CS_EL,2,0.702332273,0,0,0,0.061433111,0,0,0,0,0.07696792
35,CD_CS_EL,3,0.863380421,0,0,0,0.036357585,0,0,0,0,0.070695304
0,CD_CS_PV,1,0.001833333,0,0,0,0.001833333,0,0,0,0.001833333,0
0,CD_CS_PV,2,0.001833333,0,0,0,0.001833333,0,0,0,0.001833333,0
0,CD_CS_PV,3,0.001833333,0,0,0,0.001833333,0,0,0,0.001833333,0
1,CD_CS_PV,1,0.834371828,0,0,0,0.023266261,0,0,0,0.514428602,0
1,CD_CS_PV,2,0.759778003,0,0,0,0.02801498,0,0,0,0.572473657,0
1,CD_CS_PV,3,0.834950731,0,0,0,0.029879739,0,0,0,0.500436165,0
7,CD_CS_PV,1,0.672056495,0,0,0,3.38E-05,0,0,0,0.170476334,0
7,CD_CS_PV,2,0.457178085,0,0,0,4.75E-05,0,0,0,0.553341167,0
7,CD_CS_PV,3,0.450402763,0,0,0,4.39E-05,0,0,0,0.555020077,0
14,CD_CS_PV,1,0.004444802,0,0,0,0,0,0,0,1.377888532,0
14,CD_CS_PV,2,0.311412834,0,0,0,0,0,0,0,1.061920499,0
14,CD_CS_PV,3,0.262813924,0,0,0,0,0,0,0,1.087719409,0
21,CD_CS_PV,1,0.000415362,0,0,0,0,0,0,0,1.359584638,0
21,CD_CS_PV,2,0.595515828,0,0,0,0,0,0,0,0.429984172,0
28,CD_CS_PV,1,0.000532812,0,0,0,0,0,0,0,1.192167182,0
28,CD_CS_PV,2,0.435710005,0,0,0,0,0,0,0,0.666289959,0
35,CD_CS_PV,1,0.001864636,0,0,0,0,0,0,0,1.039068689,0
35,CD_CS_PV,2,0.744871135,0,0,0,0,0,0,0,0.215262253,0
0,CD_DP,1,0.00275,0.00275,0,0,0,0,0,0,0,0
0,CD_DP,2,0.00275,0.00275,0,0,0,0,0,0,0,0
0,CD_DP,3,0.00275,0.00275,0,0,0,0,0,0,0,0
1,CD_DP,1,0.376107084,0.124159602,0,0,0,0,0,0,0,0
1,CD_DP,2,0.414429716,0.118536972,0,0,0,0,0,0,0,0
1,CD_DP,3,0.489891764,0.134474892,0,0,0,0,0,0,0,0
7,CD_DP,1,0.07071967,0.173047,0,0,0,0,0,0,0,0
7,CD_DP,2,0.093310067,0.33805662,0,0,0,0,0,0,0,0
7,CD_DP,3,0.056757934,0.184208719,0,0,0,0,0,0,0,0
14,CD_DP,1,0.121351307,0.229882026,0,0,0,0,0,0,0,0
14,CD_DP,2,0.187264026,0.434469307,0,0,0,0,0,0,0,0
21,CD_DP,1,0.100264009,0.266487351,0,0,0,0,0,0,0,0
21,CD_DP,2,0.120433425,0.351123465,0,0,0,0,0,0,0,0
28,CD_DP,1,0.434828147,0.230371873,0,0,0,0,0,0,0,0
28,CD_DP,2,0.609302349,0.285097676,0,0,0,0,0,0,0,0
35,CD_DP,1,0.269942737,0.419290581,0,0,0,0,0,0,0,0
35,CD_DP,2,0.365258301,0.487875035,0,0,0,0,0,0,0,0
0,CD_DP_BT,1,0.001833333,0.001833333,0,0,0,0,0,0.001833333,0,0
0,CD_DP_BT,2,0.001833333,0.001833333,0,0,0,0,0,0.001833333,0,0
0,CD_DP_BT,3,0.001833333,0.001833333,0,0,0,0,0,0.001833333,0,0
1,CD_DP_BT,1,0.067265496,0.023688602,0,0,0,0,0,1.05091254,0,0
1,CD_DP_BT,2,0.058511134,0.019404203,0,0,0,0,0,1.063151289,0,0
1,CD_DP_BT,3,0.064461074,0.0235964,0,0,0,0,0,1.048109174,0,0
7,CD_DP_BT,1,0.000165721,0.000165721,0,0,0,0,0,0.938935244,0,0
7,CD_DP_BT,2,0.000966115,6.66E-05,0,0,0,0,0,0.933533878,0,0
7,CD_DP_BT,3,0.000371362,0.000222817,0,0,0,0,0,0.940772498,0,0
14,CD_DP_BT,1,0.000613788,0.000920682,0,0,0,0,0,1.177398863,0,0
14,CD_DP_BT,3,0.000134312,0.001611744,0,0,0,0,0,1.146487277,0,0
21,CD_DP_BT,1,0.000152933,7.65E-05,0,0,0,0,0,1.166570601,0,0
21,CD_DP_BT,3,7.91E-05,0.000316516,0,0,0,0,0,1.162404355,0,0
28,CD_DP_BT,1,0,0,0,0,0,0,0,1.01410004,0,0
28,CD_DP_BT,3,0,0,0,0,0,0,0,1.024900044,0,0
35,CD_DP_BT,1,0,0,0,0,0,0,0,0.925633326,0,0
35,CD_DP_BT,3,0.000373286,0,0,0,0,0,0,0.945160064,0,0
0,CD_DP_BU,1,0.001833333,0.001833333,0,0,0,0,0.001833333,0,0,0
0,CD_DP_BU,2,0.001833333,0.001833333,0,0,0,0,0.001833333,0,0,0
0,CD_DP_BU,3,0.001833333,0.001833333,0,0,0,0,0.001833333,0,0,0
1,CD_DP_BU,1,0.396857938,0.158743175,0,0,0,0,0.592165552,0,0,0
1,CD_DP_BU,2,0.433465265,0.141479566,0,0,0,0,0.586821893,0,0,0
1,CD_DP_BU,3,0.43127068,0.13028925,0,0,0,0,0.594106735,0,0,0
7,CD_DP_BU,1,0.191273327,0.183668666,0,0,0,0,0.069124656,0,0,0
7,CD_DP_BU,2,0.17904969,0.225682135,0,0,0,0,0.045234849,0,0,0
14,CD_DP_BU,1,0.001346875,0.701048593,0,0,0,0,0.235837865,0,0,0
14,CD_DP_BU,2,0.000617356,0.52203612,0,0,0,0,0.441779857,0,0,0
21,CD_DP_BU,1,0.000156212,0.475040618,0,0,0,0,0.50050317,0,0,0
21,CD_DP_BU,2,0.000204104,0.576798375,0,0,0,0,0.402697521,0,0,0
28,CD_DP_BU,1,0.000193083,0.491781143,0,0,0,0,0.493325803,0,0,0
28,CD_DP_BU,2,0,0.494917789,0,0,0,0,0.510582254,0,0,0
35,CD_DP_BU,1,0,0.423239819,0,0,0,0,0.468793535,0,0,0
35,CD_DP_BU,2,0.000165057,0.458527464,0,0,0,0,0.45374082,0,0,0
0,CD_DP_CA,1,0.001833333,0.001833333,0.001833333,0,0,0,0,0,0,0
0,CD_DP_CA,2,0.001833333,0.001833333,0.001833333,0,0,0,0,0,0,0
0,CD_DP_CA,3,0.001833333,0.001833333,0.001833333,0,0,0,0,0,0,0
1,CD_DP_CA,1,0.334166977,0.139677918,0.137221759,0,0,0,0,0,0,0
1,CD_DP_CA,2,0.332933044,0.141619181,0.133514469,0,0,0,0,0,0,0
1,CD_DP_CA,3,0.333803729,0.14292856,0.147134403,0,0,0,0,0,0,0
7,CD_DP_CA,1,0.301410076,0.180858953,0.025297666,0,0,0,0,0,0,0
7,CD_DP_CA,2,0.165346232,0.216579238,0.001941203,0,0,0,0,0,0,0
7,CD_DP_CA,3,0.102331892,0.271927984,0.006306786,0,0,0,0,0,0,0
14,CD_DP_CA,1,0.192826401,0.379108919,0.000698014,0,0,0,0,0,0,0
14,CD_DP_CA,2,0.182740416,0.390650127,0.000242791,0,0,0,0,0,0,0
14,CD_DP_CA,3,0.101187757,0.453168346,0.00097723,0,0,0,0,0,0,0
21,CD_DP_CA,1,0.280621581,0.229829581,0.124448837,0,0,0,0,0,0,0
21,CD_DP_CA,2,0.288638211,0.316305894,5.59E-05,0,0,0,0,0,0,0
21,CD_DP_CA,3,0.344834173,0.277353057,0.003912771,0,0,0,0,0,0,0
28,CD_DP_CA,1,0.337251252,0.183251086,0.045197682,0,0,0,0,0,0,0
28,CD_DP_CA,2,0.380257843,0.190648873,0.000693269,0,0,0,0,0,0,0
28,CD_DP_CA,3,0.47101309,0.218676301,0.043010625,0,0,0,0,0,0,0
35,CD_DP_CA,1,0.133806108,0.474168281,0.010658955,0,0,0,0,0,0,0
35,CD_DP_CA,2,0.098069018,0.405664334,0,0,0,0,0,0,0,0
35,CD_DP_CA,3,0.075865327,0.227540605,0.001827413,0,0,0,0,0,0,0
0,CD_DP_CH,1,0.001833333,0.001833333,0,0,0,0.001833333,0,0,0,0
0,CD_DP_CH,2,0.001833333,0.001833333,0,0,0,0.001833333,0,0,0,0
0,CD_DP_CH,3,0.001833333,0.001833333,0,0,0,0.001833333,0,0,0,0
1,CD_DP_CH,1,0.221118114,0.34704688,0,0,0,0.112901652,0,0,0,0
1,CD_DP_CH,2,0.200457461,0.349611509,0,0,0,0.136597713,0,0,0,0
1,CD_DP_CH,3,0.188759174,0.31849651,0,0,0,0.178310994,0,0,0,0
7,CD_DP_CH,1,0.100369862,0.344244605,0,0,0,5.22E-05,0,0,0,0
7,CD_DP_CH,2,0.193605805,0.260001816,0,0,0,5.91E-05,0,0,0,0
7,CD_DP_CH,3,0.139659731,0.252576751,0,0,0,3.02E-05,0,0,0,0
14,CD_DP_CH,1,0.143909065,0.314424268,0,0,0,0,0,0,0,0
14,CD_DP_CH,2,0.01994468,0.203988654,0,0,0,0,0,0,0,0
14,CD_DP_CH,3,0.193978118,0.354142503,0,0,0,0.000112712,0,0,0,0
21,CD_DP_CH,1,0.250834843,0.463485273,0,0,0,7.99E-05,0,0,0,0
21,CD_DP_CH,2,0.414072403,0.278146881,0,0,0,8.07E-05,0,0,0,0
21,CD_DP_CH,3,0.394847812,0.281752188,0,0,0,0,0,0,0,0
28,CD_DP_CH,1,0.311564976,0.198135049,0,0,0,0,0,0,0,0
28,CD_DP_CH,2,0.301898236,0.158901781,0,0,0,0,0,0,0,0
28,CD_DP_CH,3,0.268384874,0.248600092,0,0,0,0.000215052,0,0,0,0
35,CD_DP_CH,1,0.233391989,0.479141322,0,0,0,0,0,0,0,0
35,CD_DP_CH,2,0.265792756,0.646140562,0,0,0,0,0,0,0,0
35,CD_DP_CH,3,0.125440838,0.722792519,0,0,0,0,0,0,0,0
0,CD_DP_CS,1,0.001833333,0.001833333,0,0,0.001833333,0,0,0,0,0
0,CD_DP_CS,2,0.001833333,0.001833333,0,0,0.001833333,0,0,0,0,0
0,CD_DP_CS,3,0.001833333,0.001833333,0,0,0.001833333,0,0,0,0,0
1,CD_DP_CS,1,0.312942828,0.161854873,0,0,0.025668958,0,0,0,0,0
1,CD_DP_CS,2,0.287448979,0.171223529,0,0,0.027294129,0,0,0,0,0
1,CD_DP_CS,3,0.376420255,0.173463435,0,0,0.027882982,0,0,0,0,0
7,CD_DP_CS,1,0.188137904,0.287504275,0,0,2.45E-05,0,0,0,0,0
7,CD_DP_CS,2,0.16268382,0.284823293,0,0,5.96E-05,0,0,0,0,0
7,CD_DP_CS,3,0.069081771,0.360584872,0,0,0,0,0,0,0,0
14,CD_DP_CS,1,0.129613119,0.389820214,0,0,0,0,0,0,0,0
14,CD_DP_CS,2,0.135974954,0.384378637,0,0,0.000179742,0,0,0,0,0
14,CD_DP_CS,3,0.141267729,0.345872049,0,0,9.36E-05,0,0,0,0,0
21,CD_DP_CS,1,0.212446875,0.391053125,0,0,0,0,0,0,0,0
21,CD_DP_CS,2,0.186276032,0.470523968,0,0,0,0,0,0,0,0
21,CD_DP_CS,3,0.151050526,0.522449474,0,0,0,0,0,0,0,0
28,CD_DP_CS,1,0.378419666,0.204112769,0,0,6.76E-05,0,0,0,0,0
28,CD_DP_CS,2,0.361912911,0.214187105,0,0,0,0,0,0,0,0
28,CD_DP_CS,3,0.341001886,0.196398086,0,0,0,0,0,0,0,0
35,CD_DP_CS,1,0.155965282,0.539168061,0,0,0,0,0,0,0,0
35,CD_DP_CS,2,0.177529353,0.460503992,0,0,0,0,0,0,0,0
35,CD_DP_CS,3,0.289071693,0.410261632,0,0,0,0,0,0,0,0
0,CD_DP_EL,1,0.001833333,0.001833333,0,0,0,0,0,0,0,0.001833333
0,CD_DP_EL,2,0.001833333,0.001833333,0,0,0,0,0,0,0,0.001833333
0,CD_DP_EL,3,0.001833333,0.001833333,0,0,0,0,0,0,0,0.001833333
1,CD_DP_EL,1,0.674549811,0.292487967,0,0,0,0,0,0,0,0.220828865
1,CD_DP_EL,2,0.745126009,0.301617557,0,0,0,0,0,0,0,0.250723144
1,CD_DP_EL,3,0.630641869,0.24446947,0,0,0,0,0,0,0,0.22185536
7,CD_DP_EL,1,0.002345921,0.202216975,0,0,0,0,0,0,0,0.027103763
7,CD_DP_EL,2,0.314360433,0.25906464,0,0,0,0,0,0,0,0.067241596
14,CD_DP_EL,1,0.004225618,0.237356072,0,0,0,0,0,0,0,0.014351643
21,CD_DP_EL,1,0.372717304,0.280695576,0,0,0,0,0,0,0,0.24218712
28,CD_DP_EL,1,0.391794312,0.213225999,0,0,0,0,0,0,0,0.150679706
35,CD_DP_EL,1,0.351993698,0.219461658,0,0,0,0,0,0,0,0.055577952
0,CD_DP_PC,1,0.001833333,0.001833333,0,0.001833333,0,0,0,0,0,0
0,CD_DP_PC,2,0.001833333,0.001833333,0,0.001833333,0,0,0,0,0,0
0,CD_DP_PC,3,0.001833333,0.001833333,0,0.001833333,0,0,0,0,0,0
1,CD_DP_PC,1,0.467709187,0.137548196,0,0.038409257,0,0,0,0,0,0
1,CD_DP_PC,2,0.447405087,0.163444324,0,0.038717254,0,0,0,0,0,0
1,CD_DP_PC,3,0.425326091,0.179956836,0,0.028083732,0,0,0,0,0,0
7,CD_DP_PC,1,0.000113446,0.19225381,0,0.028399412,0,0,0,0,0,0
7,CD_DP_PC,2,7.09E-05,0.140513569,0,0.000482182,0,0,0,0,0,0
7,CD_DP_PC,3,8.62E-05,0.146480474,0,0,0,0,0,0,0,0
14,CD_DP_PC,1,7.30E-05,0.223760328,0,0,0,0,0,0,0,0
14,CD_DP_PC,2,0.000115511,0.202317822,0,0,0,0,0,0,0,0
14,CD_DP_PC,3,3.10E-05,0.199402308,0,0,0,0,0,0,0,0
21,CD_DP_PC,1,2.23E-05,0.248355324,0,2.23E-05,0,0,0,0,0,0
21,CD_DP_PC,2,6.51E-05,0.267134946,0,0,0,0,0,0,0,0
21,CD_DP_PC,3,0.000203881,0.278196119,0,0,0,0,0,0,0,0
28,CD_DP_PC,1,0.000117237,0.203582764,0,0,0,0,0,0,0,0
28,CD_DP_PC,2,4.81E-06,0.020195196,0,0,0,0,0,0,0,0
28,CD_DP_PC,3,8.31E-05,0.199516897,0,0,0,0,0,0,0,0
35,CD_DP_PC,1,0.000110965,0.218822364,0,0,0,0,0,0,0,0
35,CD_DP_PC,2,0,0.227233335,0,0,0,0,0,0,0,0
35,CD_DP_PC,3,0,0.233633325,0,0,0,0,0,0,0,0
0,CD_DP_PV,1,0.001833333,0.001833333,0,0,0,0,0,0,0.001833333,0
0,CD_DP_PV,2,0.001833333,0.001833333,0,0,0,0,0,0,0.001833333,0
0,CD_DP_PV,3,0.001833333,0.001833333,0,0,0,0,0,0,0.001833333,0
1,CD_DP_PV,1,0.48353529,0.026193302,0,0,0,0,0,0,0.635838065,0
1,CD_DP_PV,2,0.454948956,0.024568739,0,0,0,0,0,0,0.658549029,0
1,CD_DP_PV,3,0.504555538,0.025842856,0,0,0,0,0,0,0.621468236,0
7,CD_DP_PV,1,0.00010193,0.000475674,0,0,0,0,0,0,1.025689095,0
7,CD_DP_PV,2,0.000183099,0.00114437,0,0,0,0,0,0,1.034739187,0
7,CD_DP_PV,3,0.00030837,0.001387665,0,0,0,0,0,0,1.012070616,0
14,CD_DP_PV,1,0.000285496,0.000428244,0,0,0,0,0,0,1.320419593,0
14,CD_DP_PV,2,0.000625207,0.000156302,0,0,0,0,0,0,1.253851825,0
14,CD_DP_PV,3,0.000494285,0.000329523,0,0,0,0,0,0,1.331109525,0
21,CD_DP_PV,2,0.00019013,0.00019013,0,0,0,0,0,0,1.136119741,0
21,CD_DP_PV,3,0.00023058,0,0,0,0,0,0,0,1.24316942,0
28,CD_DP_PV,3,0.000174223,0,0,0,0,0,0,0,1.047425774,0
35,CD_DP_PV,3,0,0,0,0,0,0,0,0,1.103633359,0
0,CD_EL,1,0.00275,0,0,0,0,0,0,0,0,0.00275
0,CD_EL,2,0.00275,0,0,0,0,0,0,0,0,0.00275
0,CD_EL,3,0.00275,0,0,0,0,0,0,0,0,0.00275
1,CD_EL,1,0.302093093,0,0,0,0,0,0,0,0,0.104273569
1,CD_EL,2,0.596287426,0,0,0,0,0,0,0,0,0.218479234
1,CD_EL,3,0.658354553,0,0,0,0,0,0,0,0,0.220712108
7,CD_EL,1,0.578700123,0,0,0,0,0,0,0,0,0.167466528
7,CD_EL,2,0.64469377,0,0,0,0,0,0,0,0,0.15097287
7,CD_EL,3,0.756448084,0,0,0,0,0,0,0,0,0.132818591
14,CD_EL,1,0.50501907,0,0,0,0,0,0,0,0,0.269514263
14,CD_EL,2,0.595853716,0,0,0,0,0,0,0,0,0.192279617
21,CD_EL,1,0.581479904,0,0,0,0,0,0,0,0,0.089620096
21,CD_EL,2,0.456699194,0,0,0,0,0,0,0,0,0.061400806
28,CD_EL,1,0.558492018,0,0,0,0,0,0,0,0,0.184007954
28,CD_EL,2,0.442936776,0,0,0,0,0,0,0,0,0.1404632
35,CD_EL,1,0.486979097,0,0,0,0,0,0,0,0,0.079954252
35,CD_EL,2,0.493352992,0,0,0,0,0,0,0,0,0.048280331
0,CD_PC,1,0.00275,0,0,0.00275,0,0,0,0,0,0
0,CD_PC,2,0.00275,0,0,0.00275,0,0,0,0,0,0
0,CD_PC,3,0.00275,0,0,0.00275,0,0,0,0,0,0
1,CD_PC,1,0.477916626,0,0,0.383250045,0,0,0,0,0,0
1,CD_PC,2,0.499723677,0,0,0.471842955,0,0,0,0,0,0
1,CD_PC,3,0.465840831,0,0,0.377525807,0,0,0,0,0,0
7,CD_PC,1,0,0,0,0,0,0,0,0,0,0
7,CD_PC,2,0,0,0,0,0,0,0,0,0,0
7,CD_PC,3,0,0,0,0,0,0,0,0,0,0
14,CD_PC,1,0,0,0,0,0,0,0,0,0,0
14,CD_PC,2,0,0,0,0,0,0,0,0,0,0
14,CD_PC,3,0,0,0,0,0,0,0,0,0,0
21,CD_PC,1,0,0,0,0,0,0,0,0,0,0
21,CD_PC,2,0,0,0,0,0,0,0,0,0,0
21,CD_PC,3,0,0,0,0,0,0,0,0,0,0
28,CD_PC,1,0,0,0,0,0,0,0,0,0,0
28,CD_PC,2,0,0,0,0,0,0,0,0,0,0
28,CD_PC,3,0,0,0,0,0,0,0,0,0,0
35,CD_PC,1,0,0,0,0,0,0,0,0,0,0
35,CD_PC,2,0,0,0,0,0,0,0,0,0,0
35,CD_PC,3,0,0,0,0,0,0,0,0,0,0
0,CD_PC_BT,1,0.001833333,0,0,0.001833333,0,0,0,0.001833333,0,0
0,CD_PC_BT,2,0.001833333,0,0,0.001833333,0,0,0,0.001833333,0,0
0,CD_PC_BT,3,0.001833333,0,0,0.001833333,0,0,0,0.001833333,0,0
1,CD_PC_BT,1,0.13662589,0,0,0.056400061,0,0,0,1.076440763,0,0
1,CD_PC_BT,2,0.166586109,0,0,0.061130017,0,0,0,1.023950494,0,0
1,CD_PC_BT,3,0.195822301,0,0,0.059771096,0,0,0,0.993673302,0,0
7,CD_PC_BT,1,0.005853922,0,0,0.000532175,0,0,0,0.920780549,0,0
7,CD_PC_BT,2,0.000153712,0,0,0.000576419,0,0,0,0.925536545,0,0
7,CD_PC_BT,3,0.000169005,0,0,0.001183035,0,0,0,0.91351465,0,0
14,CD_PC_BT,1,0,0,0,0.000955286,0,0,0,1.156578048,0,0
14,CD_PC_BT,3,0,0,0,0.039422779,0,0,0,1.138210555,0,0
21,CD_PC_BT,1,0,0,0,0.090577001,0,0,0,1.157122999,0,0
21,CD_PC_BT,3,9.86E-05,0,0,0.485874976,0,0,0,0.82392641,0,0
28,CD_PC_BT,1,0,0,0,0.138813457,0,0,0,0.914986495,0,0
28,CD_PC_BT,3,0,0,0,0.412299047,0,0,0,0.661600902,0,0
35,CD_PC_BT,1,0,0,0,0.552674708,0,0,0,0.530458588,0,0
35,CD_PC_BT,3,0,0,0,0.641090641,0,0,0,0.488242691,0,0
0,CD_PC_BU,1,0.001833333,0,0,0.001833333,0,0,0.001833333,0,0,0
0,CD_PC_BU,2,0.001833333,0,0,0.001833333,0,0,0.001833333,0,0,0
0,CD_PC_BU,3,0.001833333,0,0,0.001833333,0,0,0.001833333,0,0,0
1,CD_PC_BU,1,0.579878713,0,0,0.274617867,0,0,0.36137006,0,0,0
1,CD_PC_BU,2,0.563176635,0,0,0.272564789,0,0,0.375425271,0,0,0
1,CD_PC_BU,3,0.570992664,0,0,0.261840219,0,0,0.376333838,0,0,0
7,CD_PC_BU,2,5.00E-05,0,0,1.00E-05,0,0,0.339806658,0,0,0
7,CD_PC_BU,3,7.31E-05,0,0,0,0,0,0.340893581,0,0,0
14,CD_PC_BU,1,0.000555386,0,0,0.000185129,0,0,1.221292819,0,0,0
14,CD_PC_BU,2,0.000112833,0,0,0,0,0,0.5022205,0,0,0
14,CD_PC_BU,3,0.000139339,0,0,0,0,0,0.515693994,0,0,0
21,CD_PC_BU,3,0.000102582,0,0,0,0,0,0.650197418,0,0,0
28,CD_PC_BU,3,0,0,0,0.000510725,0,0,0.4994893,0,0,0
35,CD_PC_BU,3,0,0,0,0,0,0,0.518333331,0,0,0
0,CD_PC_CH,1,0.001833333,0,0,0.001833333,0,0.001833333,0,0,0,0
0,CD_PC_CH,2,0.001833333,0,0,0.001833333,0,0.001833333,0,0,0,0
0,CD_PC_CH,3,0.001833333,0,0,0.001833333,0,0.001833333,0,0,0,0
1,CD_PC_CH,1,0.180734806,0,0,0.821521845,0,0.058810051,0,0,0,0
1,CD_PC_CH,2,0.184600496,0,0,0.744212653,0,0.069653537,0,0,0,0
1,CD_PC_CH,3,0.187978572,0,0,0.774532657,0,0.058655409,0,0,0,0
7,CD_PC_CH,1,-0.000110128,0,0,-0.000129794,0,-0.005093415,0,0,0,0
7,CD_PC_CH,2,-5.70E-05,0,0,-8.55E-05,0,-0.005790875,0,0,0,0
7,CD_PC_CH,3,0.00219461,0,0,0.00146828,0,0.168703779,0,0,0,0
14,CD_PC_CH,1,0,0,0,-0.059166667,0,0,0,0,0,0
14,CD_PC_CH,2,-0.01238408,0,0,-0.046882587,0,0,0,0,0,0
14,CD_PC_CH,3,-0.02762963,0,0,-0.034537037,0,0,0,0,0,0
21,CD_PC_CH,1,0.0074375,0,0,0.0014875,0,0.002975,0,0,0,0
21,CD_PC_CH,2,0.00475,0,0,0.00475,0,0,0,0,0,0
21,CD_PC_CH,3,0.000527875,0,0,0.005372125,0,0,0,0,0,0
28,CD_PC_CH,1,-0.00225,0,0,-0.00225,0,0,0,0,0,0
28,CD_PC_CH,2,-0.003060001,0,0,-0.002040001,0,0,0,0,0,0
28,CD_PC_CH,3,0,0,0,-0.006100004,0,0,0,0,0,0
35,CD_PC_CH,2,0.010409195,0,0,0.027324136,0,0,0,0,0,0
35,CD_PC_CH,3,0.020210258,0,0,0.017323078,0,0,0,0,0,0
0,CD_PC_CS,1,0.001833333,0,0,0.001833333,0.001833333,0,0,0,0,0
0,CD_PC_CS,2,0.001833333,0,0,0.001833333,0.001833333,0,0,0,0,0
0,CD_PC_CS,3,0.001833333,0,0,0.001833333,0.001833333,0,0,0,0,0
1,CD_PC_CS,1,0.408912004,0,0,0.388372,0.008982676,0,0,0,0,0
1,CD_PC_CS,2,0.395885836,0,0,0.337893943,0.009586895,0,0,0,0,0
1,CD_PC_CS,3,0.418553525,0,0,0.416552928,0.010360236,0,0,0,0,0
7,CD_PC_CS,1,0.38499164,0,0,0.403474998,0,0,0,0,0,0
7,CD_PC_CS,2,0.398545421,0,0,0.510625331,9.59E-05,0,0,0,0,0
7,CD_PC_CS,3,0.000386432,0,0,1.010480215,0,0,0,0,0,0
14,CD_PC_CS,1,0,0,0,1.344133333,0,0,0,0,0,0
14,CD_PC_CS,2,0,0,0,-0.065266667,0,0,0,0,0,0
0,CD_PC_EL,1,0.001833333,0,0,0.001833333,0,0,0,0,0,0.001833333
0,CD_PC_EL,2,0.001833333,0,0,0.001833333,0,0,0,0,0,0.001833333
0,CD_PC_EL,3,0.001833333,0,0,0.001833333,0,0,0,0,0,0.001833333
1,CD_PC_EL,1,0.368488022,0,0,0.708783296,0,0,0,0,0,0.036195377
1,CD_PC_EL,2,0.378767941,0,0,0.685985478,0,0,0,0,0,0.027513216
1,CD_PC_EL,3,0.351233821,0,0,0.731258383,0,0,0,0,0,0.016574486
7,CD_PC_EL,1,0.346656831,0,0,0.572998863,0,0,0,0,0,0.044710986
7,CD_PC_EL,2,0.4374104,0,0,0.481829221,0,0,0,0,0,0.034827018
7,CD_PC_EL,3,0.420743649,0,0,0.479063385,0,0,0,0,0,0.028659649
14,CD_PC_EL,2,0.300476554,0,0,0.917418003,0,0,0,0,0,0.119738777
14,CD_PC_EL,3,0.34598769,0,0,0.840234973,0,0,0,0,0,0.05691067
21,CD_PC_EL,2,0.103768,0,0,0.960704,0,0,0,0,0,0.084728
28,CD_PC_EL,2,0.118618355,0,0,0.964405083,0,0,0,0,0,0.039276556
35,CD_PC_EL,2,0.092878696,0,0,0.864886414,0,0,0,0,0,0.027368256
0,CD_PC_PV,1,0.001833333,0,0,0.001833333,0,0,0,0,0.001833333,0
0,CD_PC_PV,2,0.001833333,0,0,0.001833333,0,0,0,0,0.001833333,0
0,CD_PC_PV,3,0.001833333,0,0,0.001833333,0,0,0,0,0.001833333,0
1,CD_PC_PV,1,0.819331596,0,0,0.221924085,0,0,0,0,0.334610926,0
1,CD_PC_PV,2,0.761838042,0,0,0.239553559,0,0,0,0,0.37797511,0
1,CD_PC_PV,3,0.786065146,0,0,0.226646487,0,0,0,0,0.383155074,0
7,CD_PC_PV,1,9.15E-05,0,0,0.184193674,0,0,0,0,0.748881467,0
7,CD_PC_PV,2,0.000106628,0,0,0.407568557,0,0,0,0,0.596691456,0
7,CD_PC_PV,3,3.86E-05,0,0,0.474284512,0,0,0,0,0.348243577,0
14,CD_PC_PV,3,0.000573562,0,0,0.976967234,0,0,0,0,0.438392538,0
0,CD_PV,1,0.00275,0,0,0,0,0,0,0,0.00275,0
0,CD_PV,2,0.00275,0,0,0,0,0,0,0,0.00275,0
0,CD_PV,3,0.00275,0,0,0,0,0,0,0,0.00275,0
1,CD_PV,1,0.6006306,0,0,0,0,0,0,0,0.739436027,0
1,CD_PV,2,0.617517135,0,0,0,0,0,0,0,0.778349572,0
1,CD_PV,3,0.603143733,0,0,0,0,0,0,0,0.758522902,0
7,CD_PV,1,0.567898109,0,0,0,0,0,0,0,0.397268584,0
7,CD_PV,2,0.628090203,0,0,0,0,0,0,0,0.243276481,0
7,CD_PV,3,0.457095633,0,0,0,0,0,0,0,0.539771075,0
14,CD_PV,1,0.375654481,0,0,0,0,0,0,0,0.988178852,0
14,CD_PV,2,0.392088723,0,0,0,0,0,0,0,0.90094461,0
14,CD_PV,3,0.265213369,0,0,0,0,0,0,0,1.116919964,0
21,CD_PV,1,0.883177291,0,0,0,0,0,0,0,0.212622709,0
21,CD_PV,2,0.826666071,0,0,0,0,0,0,0,0.191633929,0
21,CD_PV,3,0.817686508,0,0,0,0,0,0,0,0.180513492,0
28,CD_PV,1,0.385858146,0,0,0,0,0,0,0,0.760641811,0
28,CD_PV,2,0.258049929,0,0,0,0,0,0,0,0.535850049,0
28,CD_PV,3,0.316753285,0,0,0,0,0,0,0,0.427646705,0
35,CD_PV,1,0.502086535,0,0,0,0,0,0,0,0.335046828,0
0,CD_PV_EL,1,0.001833333,0,0,0,0,0,0,0,0.001833333,0.001833333
0,CD_PV_EL,2,0.001833333,0,0,0,0,0,0,0,0.001833333,0.001833333
0,CD_PV_EL,3,0.001833333,0,0,0,0,0,0,0,0.001833333,0.001833333
1,CD_PV_EL,1,1.04349978,0,0,0,0,0,0,0,0.270999496,0.001867352
1,CD_PV_EL,2,1.039574698,0,0,0,0,0,0,0,0.27281558,0.002376442
1,CD_PV_EL,3,0.981206964,0,0,0,0,0,0,0,0.34592149,0.004238159
7,CD_PV_EL,1,0.803216952,0,0,0,0,0,0,0,0.084859129,0.150390616
7,CD_PV_EL,2,0.75086672,0,0,0,0,0,0,0,0.098335409,0.136664542
7,CD_PV_EL,3,0.281490318,0,0,0,0,0,0,0,0.870148739,0.035427622
14,CD_PV_EL,1,0.867632697,0,0,0,0,0,0,0,0.579105512,0.021195125
14,CD_PV_EL,2,1.082151539,0,0,0,0,0,0,0,0.309127273,0.025554521
14,CD_PV_EL,3,0.08561491,0,0,0,0,0,0,0,1.171296002,0.262622422
21,CD_PV_EL,1,0.234827586,0,0,0,0,0,0,0,1.113627103,0.013545311
21,CD_PV_EL,2,0.443965704,0,0,0,0,0,0,0,0.961243325,0.057190971
21,CD_PV_EL,3,0.459339704,0,0,0,0,0,0,0,0.763694735,0.166065561
28,CD_PV_EL,1,1.05031245,0,0,0,0,0,0,0,0.205111522,0.023576037
28,CD_PV_EL,2,1.006509804,0,0,0,0,0,0,0,0.155697073,0.02429316
35,CD_PV_EL,1,0.5996276,0,0,0,0,0,0,0,0.448354523,0.170151162
35,CD_PV_EL,2,0.851560308,0,0,0,0,0,0,0,0.021183092,0.129289908
35,CD_PV_EL,3,0.284526079,0,0,0,0,0,0,0,0.778791737,0.242915545
0,CH,1,0,0,0,0,0,0.0055,0,0,0,0
0,CH,2,0,0,0,0,0,0.0055,0,0,0,0
0,CH,3,0,0,0,0,0,0.0055,0,0,0,0
1,CH,1,0,0,0,0,0,0.52716668,0,0,0,0
1,CH,2,0,0,0,0,0,0.616466656,0,0,0,0
1,CH,3,0,0,0,0,0,0.538466647,0,0,0,0
7,CH,1,0,0,0,0,0,0.194166665,0,0,0,0
7,CH,2,0,0,0,0,0,0.175166671,0,0,0,0
7,CH,3,0,0,0,0,0,0.157366668,0,0,0,0
14,CH,2,0,0,0,0,0,0.175633333,0,0,0,0
21,CH,2,0,0,0,0,0,0.1881,0,0,0,0
28,CH,2,0,0,0,0,0,0.1297,0,0,0,0
0,CS,1,0,0,0,0,0.0055,0,0,0,0,0
0,CS,2,0,0,0,0,0.0055,0,0,0,0,0
0,CS,3,0,0,0,0,0.0055,0,0,0,0,0
1,CS,1,0,0,0,0,0.230966672,0,0,0,0,0
1,CS,2,0,0,0,0,0.129766658,0,0,0,0,0
1,CS,3,0,0,0,0,0.123666659,0,0,0,0,0
7,CS,2,0,0,0,0,0.301866656,0,0,0,0,0
14,CS,2,0,0,0,0,0.389433333,0,0,0,0,0
0,DP,1,0,0.0055,0,0,0,0,0,0,0,0
0,DP,2,0,0.0055,0,0,0,0,0,0,0,0
0,DP,3,0,0.0055,0,0,0,0,0,0,0,0
1,DP,1,0,0.216066673,0,0,0,0,0,0,0,0
1,DP,2,0,0.217166677,0,0,0,0,0,0,0,0
1,DP,3,0,0.216266677,0,0,0,0,0,0,0,0
7,DP,1,0,0.153566663,0,0,0,0,0,0,0,0
7,DP,2,0,0.15246666,0,0,0,0,0,0,0,0
7,DP,3,0,0.150766661,0,0,0,0,0,0,0,0
14,DP,2,0,0.225233333,0,0,0,0,0,0,0,0
21,DP,2,0,0.259,0,0,0,0,0,0,0,0
28,DP,2,0,0.198099996,0,0,0,0,0,0,0,0
35,DP,2,0,0.217833325,0,0,0,0,0,0,0,0
0,EL,1,0,0,0,0,0,0,0,0,0,0.0055
0,EL,2,0,0,0,0,0,0,0,0,0,0.0055
0,EL,3,0,0,0,0,0,0,0,0,0,0.0055
1,EL,1,0,0,0,0,0,0,0,0,0,0.231466666
1,EL,2,0,0,0,0,0,0,0,0,0,0.222766653
1,EL,3,0,0,0,0,0,0,0,0,0,0.222666666
7,EL,1,0,0,0,0,0,0,0,0,0,0.132166659
7,EL,2,0,0,0,0,0,0,0,0,0,0.088666668
7,EL,3,0,0,0,0,0,0,0,0,0,0.05566666
14,EL,2,0,0,0,0,0,0,0,0,0,0.102033333
14,EL,3,0,0,0,0,0,0,0,0,0,0.104433333
21,EL,2,0,0,0,0,0,0,0,0,0,0.1492
21,EL,3,0,0,0,0,0,0,0,0,0,0.1401
28,EL,2,0,0,0,0,0,0,0,0,0,0.082400004
28,EL,3,0,0,0,0,0,0,0,0,0,0.060400004
35,EL,2,0,0,0,0,0,0,0,0,0,0.207933322
35,EL,3,0,0,0,0,0,0,0,0,0,0.206033334
0,PC,1,0,0,0,0.0055,0,0,0,0,0,0
0,PC,2,0,0,0,0.0055,0,0,0,0,0,0
0,PC,3,0,0,0,0.0055,0,0,0,0,0,0
1,PC,1,0,0,0,0.032666668,0,0,0,0,0,0
1,PC,2,0,0,0,0.032366663,0,0,0,0,0,0
1,PC,3,0,0,0,0.033266664,0,0,0,0,0,0
7,PC,1,0,0,0,-0.003733332,0,0,0,0,0,0
7,PC,2,0,0,0,-0.004033337,0,0,0,0,0,0
7,PC,3,0,0,0,-0.003233331,0,0,0,0,0,0
14,PC,1,0,0,0,-0.046766667,0,0,0,0,0,0
14,PC,2,0,0,0,-0.040066667,0,0,0,0,0,0
14,PC,3,0,0,0,-0.043866667,0,0,0,0,0,0
21,PC,1,0,0,0,-0.0165,0,0,0,0,0,0
21,PC,2,0,0,0,-0.0174,0,0,0,0,0,0
21,PC,3,0,0,0,-0.0162,0,0,0,0,0,0
28,PC,1,0,0,0,0.0016,0,0,0,0,0,0
28,PC,2,0,0,0,0.000800001,0,0,0,0,0,0
28,PC,3,0,0,0,1.00E-04,0,0,0,0,0,0
35,PC,1,0,0,0,0.03283333,0,0,0,0,0,0
35,PC,2,0,0,0,0.031133331,0,0,0,0,0,0
35,PC,3,0,0,0,0.033033334,0,0,0,0,0,0
0,PV,1,0,0,0,0,0,0,0,0,0.0055,0
0,PV,2,0,0,0,0,0,0,0,0,0.0055,0
0,PV,3,0,0,0,0,0,0,0,0,0.0055,0
1,PV,1,0,0,0,0,0,0,0,0,0.899166659,0
1,PV,2,0,0,0,0,0,0,0,0,0.965766624,0
1,PV,3,0,0,0,0,0,0,0,0,0.970066622,0
7,PV,1,0,0,0,0,0,0,0,0,1.003366714,0
7,PV,2,0,0,0,0,0,0,0,0,0.995966678,0
7,PV,3,0,0,0,0,0,0,0,0,0.977366691,0
14,PV,1,0,0,0,0,0,0,0,0,1.331333333,0
14,PV,2,0,0,0,0,0,0,0,0,1.417533333,0
14,PV,3,0,0,0,0,0,0,0,0,1.362533333,0
21,PV,2,0,0,0,0,0,0,0,0,1.3733,0
21,PV,3,0,0,0,0,0,0,0,0,1.3431,0
28,PV,2,0,0,0,0,0,0,0,0,1.017500008,0
28,PV,3,0,0,0,0,0,0,0,0,1.03140005,0
35,PV,2,0,0,0,0,0,0,0,0,1.064233378,0
35,PV,3,0,0,0,0,0,0,0,0,1.12393339,0
