Treatments,species,true,pred,stdv,n,passage
CD_BT_EL,CD,0.0018333330000000001,0.001833333,2.2312696630763803e-19,0,1
CD_BT_EL,DP,0.0,0.0,0.0,0,1
CD_BT_EL,CA,0.0,0.0,0.0,0,1
CD_BT_EL,PC,0.0,0.0,0.0,0,1
CD_BT_EL,CS,0.0,0.0,0.0,0,1
CD_BT_EL,CH,0.0,0.0,0.0,0,1
CD_BT_EL,BU,0.0,0.0,0.0,0,1
CD_BT_EL,BT,0.0018333330000000001,0.001833333,2.2312696630763803e-19,0,1
CD_BT_EL,PV,0.0,0.0,0.0,0,1
CD_BT_EL,EL,0.0018333330000000001,0.001833333,2.2312696630763803e-19,0,1
CD_BT_EL,CD,0.13766722233333334,0.4924721735271216,0.08544730394896372,0,2
CD_BT_EL,DP,0.0,0.0,0.0,0,2
CD_BT_EL,CA,0.0,0.0,0.0,0,2
CD_BT_EL,PC,0.0,0.0,0.0,0,2
CD_BT_EL,CS,0.0,0.0,0.0,0,2
CD_BT_EL,CH,0.0,0.0,0.0,0,2
CD_BT_EL,BU,0.0,0.0,0.0,0,2
CD_BT_EL,BT,1.1434639493333332,1.529397502574189,1.9462481942762906,0,2
CD_BT_EL,PV,0.0,0.0,0.0,0,2
CD_BT_EL,EL,0.00046882099999999996,0.26964683609118234,0.1426031278042382,0,2
CD_BT_EL,CD,0.00038100533333333334,0.49621724572797377,0.08068541394154634,0,8
CD_BT_EL,DP,0.0,0.0,0.0,0,8
CD_BT_EL,CA,0.0,0.0,0.0,0,8
CD_BT_EL,PC,0.0,0.0,0.0,0,8
CD_BT_EL,CS,0.0,0.0,0.0,0,8
CD_BT_EL,CH,0.0,0.0,0.0,0,8
CD_BT_EL,BU,0.0,0.0,0.0,0,8
CD_BT_EL,BT,0.9584792563333333,1.5326778766454288,1.963189476821026,0,8
CD_BT_EL,PV,0.0,0.0,0.0,0,8
CD_BT_EL,EL,0.0010397253333333334,0.2631719359449296,0.11724163096195017,0,8
CD_BT_EL,CD,0.045284000666666664,0.49621723903619674,0.08068542596002616,0,15
CD_BT_EL,DP,0.0,0.0,0.0,0,15
CD_BT_EL,CA,0.0,0.0,0.0,0,15
CD_BT_EL,PC,0.0,0.0,0.0,0,15
CD_BT_EL,CS,0.0,0.0,0.0,0,15
CD_BT_EL,CH,0.0,0.0,0.0,0,15
CD_BT_EL,BU,0.0,0.0,0.0,0,15
CD_BT_EL,BT,1.2743031089999999,1.5326778782860384,1.9631894788321846,0,15
CD_BT_EL,PV,0.0,0.0,0.0,0,15
CD_BT_EL,EL,0.007346223666666666,0.26317193418274404,0.11724163274477878,0,15
CD_BT_EL,CD,0.04805578033333333,0.4962172390361899,0.08068542596003193,0,22
CD_BT_EL,DP,0.0,0.0,0.0,0,22
CD_BT_EL,CA,0.0,0.0,0.0,0,22
CD_BT_EL,PC,0.0,0.0,0.0,0,22
CD_BT_EL,CS,0.0,0.0,0.0,0,22
CD_BT_EL,CH,0.0,0.0,0.0,0,22
CD_BT_EL,BU,0.0,0.0,0.0,0,22
CD_BT_EL,BT,1.3022763750000002,1.5326778782860322,1.9631894788321917,0,22
CD_BT_EL,PV,0.0,0.0,0.0,0,22
CD_BT_EL,EL,0.0012345113333333331,0.26317193418274143,0.11724163274478129,0,22
CD_BT_EL,CD,0.034033437666666666,0.4962172390361899,0.08068542596003193,0,29
CD_BT_EL,DP,0.0,0.0,0.0,0,29
CD_BT_EL,CA,0.0,0.0,0.0,0,29
CD_BT_EL,PC,0.0,0.0,0.0,0,29
CD_BT_EL,CS,0.0,0.0,0.0,0,29
CD_BT_EL,CH,0.0,0.0,0.0,0,29
CD_BT_EL,BU,0.0,0.0,0.0,0,29
CD_BT_EL,BT,1.0953943739999998,1.5326778782860322,1.9631894788321917,0,29
CD_BT_EL,PV,0.0,0.0,0.0,0,29
CD_BT_EL,EL,0.00507218,0.26317193418274143,0.11724163274478129,0,29
CD_BT_EL,CD,0.11973664833333335,0.4962172390361899,0.08068542596003193,0,36
CD_BT_EL,DP,0.0,0.0,0.0,0,36
CD_BT_EL,CA,0.0,0.0,0.0,0,36
CD_BT_EL,PC,0.0,0.0,0.0,0,36
CD_BT_EL,CS,0.0,0.0,0.0,0,36
CD_BT_EL,CH,0.0,0.0,0.0,0,36
CD_BT_EL,BU,0.0,0.0,0.0,0,36
CD_BT_EL,BT,1.0525354293333333,1.5326778782860322,1.9631894788321917,0,36
CD_BT_EL,PV,0.0,0.0,0.0,0,36
CD_BT_EL,EL,0.03169461466666667,0.26317193418274143,0.11724163274478129,0,36
CD_BT_PV,CD,0.0018333330000000001,0.001833333,2.2312696630763803e-19,0,1
CD_BT_PV,DP,0.0,0.0,0.0,0,1
CD_BT_PV,CA,0.0,0.0,0.0,0,1
CD_BT_PV,PC,0.0,0.0,0.0,0,1
CD_BT_PV,CS,0.0,0.0,0.0,0,1
CD_BT_PV,CH,0.0,0.0,0.0,0,1
CD_BT_PV,BU,0.0,0.0,0.0,0,1
CD_BT_PV,BT,0.0018333330000000001,0.001833333,2.2312696630763803e-19,0,1
CD_BT_PV,PV,0.0018333330000000001,0.001833333,2.2312696630763803e-19,0,1
CD_BT_PV,EL,0.0,0.0,0.0,0,1
CD_BT_PV,CD,0.23617470966666665,0.3113468867071979,0.17382627168510895,0,2
CD_BT_PV,DP,0.0,0.0,0.0,0,2
CD_BT_PV,CA,0.0,0.0,0.0,0,2
CD_BT_PV,PC,0.0,0.0,0.0,0,2
CD_BT_PV,CS,0.0,0.0,0.0,0,2
CD_BT_PV,CH,0.0,0.0,0.0,0,2
CD_BT_PV,BU,0.0,0.0,0.0,0,2
CD_BT_PV,BT,0.9901584073333334,1.2377527745203245,1.4610154254015029,0,2
CD_BT_PV,PV,0.063133537,0.5299643899166114,0.2658598605492019,0,2
CD_BT_PV,EL,0.0,0.0,0.0,0,2
CD_BT_PV,CD,0.09885744433333334,0.30695219777067123,0.17883951495874156,0,8
CD_BT_PV,DP,0.0,0.0,0.0,0,8
CD_BT_PV,CA,0.0,0.0,0.0,0,8
CD_BT_PV,PC,0.0,0.0,0.0,0,8
CD_BT_PV,CS,0.0,0.0,0.0,0,8
CD_BT_PV,CH,0.0,0.0,0.0,0,8
CD_BT_PV,BU,0.0,0.0,0.0,0,8
CD_BT_PV,BT,0.768806736,1.2437394090949978,1.4595647811010313,0,8
CD_BT_PV,PV,0.0198025,0.5289786991719407,0.27191896642406316,0,8
CD_BT_PV,EL,0.0,0.0,0.0,0,8
CD_BT_PV,CD,0.000542005,0.30694773442579226,0.17884528992838383,0,15
CD_BT_PV,DP,0.0,0.0,0.0,0,15
CD_BT_PV,CA,0.0,0.0,0.0,0,15
CD_BT_PV,PC,0.0,0.0,0.0,0,15
CD_BT_PV,CS,0.0,0.0,0.0,0,15
CD_BT_PV,CH,0.0,0.0,0.0,0,15
CD_BT_PV,BU,0.0,0.0,0.0,0,15
CD_BT_PV,BT,1.2138579953333333,1.243743796867803,1.4595640309221969,0,15
CD_BT_PV,PV,0.0,0.528976018571471,0.2719213601229936,0,15
CD_BT_PV,EL,0.0,0.0,0.0,0,15
CD_BT_PV,CD,0.00046388166666666667,0.3069477304585956,0.17884529511242953,0,22
CD_BT_PV,DP,0.0,0.0,0.0,0,22
CD_BT_PV,CA,0.0,0.0,0.0,0,22
CD_BT_PV,PC,0.0,0.0,0.0,0,22
CD_BT_PV,CS,0.0,0.0,0.0,0,22
CD_BT_PV,CH,0.0,0.0,0.0,0,22
CD_BT_PV,BU,0.0,0.0,0.0,0,22
CD_BT_PV,BT,1.1584608553333333,1.2437438006940704,1.4595640303025725,0,22
CD_BT_PV,PV,0.00010859933333333334,0.5289760162271279,0.2719213622592798,0,22
CD_BT_PV,EL,0.0,0.0,0.0,0,22
CD_BT_PV,CD,0.0004690953333333333,0.3069477304550199,0.1788452951171027,0,29
CD_BT_PV,DP,0.0,0.0,0.0,0,29
CD_BT_PV,CA,0.0,0.0,0.0,0,29
CD_BT_PV,PC,0.0,0.0,0.0,0,29
CD_BT_PV,CS,0.0,0.0,0.0,0,29
CD_BT_PV,CH,0.0,0.0,0.0,0,29
CD_BT_PV,BU,0.0,0.0,0.0,0,29
CD_BT_PV,BT,1.0178975643333334,1.243743800697518,1.4595640303020145,0,29
CD_BT_PV,PV,0.0,0.5289760162250157,0.27192136226120533,0,29
CD_BT_PV,EL,0.0,0.0,0.0,0,29
CD_BT_PV,CD,6.1849e-5,0.30694773045501667,0.17884529511710692,0,36
CD_BT_PV,DP,0.0,0.0,0.0,0,36
CD_BT_PV,CA,0.0,0.0,0.0,0,36
CD_BT_PV,PC,0.0,0.0,0.0,0,36
CD_BT_PV,CS,0.0,0.0,0.0,0,36
CD_BT_PV,CH,0.0,0.0,0.0,0,36
CD_BT_PV,BU,0.0,0.0,0.0,0,36
CD_BT_PV,BT,1.0075714343333333,1.2437438006975212,1.459564030302014,0,36
CD_BT_PV,PV,0.0,0.5289760162250138,0.2719213622612071,0,36
CD_BT_PV,EL,0.0,0.0,0.0,0,36
CD_BU_BT,CD,0.0018333330000000001,0.001833333,2.2312696630763803e-19,0,1
CD_BU_BT,DP,0.0,0.0,0.0,0,1
CD_BU_BT,CA,0.0,0.0,0.0,0,1
CD_BU_BT,PC,0.0,0.0,0.0,0,1
CD_BU_BT,CS,0.0,0.0,0.0,0,1
CD_BU_BT,CH,0.0,0.0,0.0,0,1
CD_BU_BT,BU,0.0018333330000000001,0.001833333,2.2312696630763803e-19,0,1
CD_BU_BT,BT,0.0018333330000000001,0.001833333,2.2312696630763803e-19,0,1
CD_BU_BT,PV,0.0,0.0,0.0,0,1
CD_BU_BT,EL,0.0,0.0,0.0,0,1
CD_BU_BT,CD,0.184748561,0.31506822038838317,0.1719602228268334,0,2
CD_BU_BT,DP,0.0,0.0,0.0,0,2
CD_BU_BT,CA,0.0,0.0,0.0,0,2
CD_BU_BT,PC,0.0,0.0,0.0,0,2
CD_BU_BT,CS,0.0,0.0,0.0,0,2
CD_BU_BT,CH,0.0,0.0,0.0,0,2
CD_BU_BT,BU,0.1980428816666667,1.3541687595086036,2.7428943493744153,0,2
CD_BU_BT,BT,0.8637418669999999,1.174343488925693,1.3957543390516045,0,2
CD_BU_BT,PV,0.0,0.0,0.0,0,2
CD_BU_BT,EL,0.0,0.0,0.0,0,2
CD_BU_BT,CD,0.00017908933333333335,0.31347740166918003,0.1792116422794658,0,8
CD_BU_BT,DP,0.0,0.0,0.0,0,8
CD_BU_BT,CA,0.0,0.0,0.0,0,8
CD_BU_BT,PC,0.0,0.0,0.0,0,8
CD_BU_BT,CS,0.0,0.0,0.0,0,8
CD_BU_BT,CH,0.0,0.0,0.0,0,8
CD_BU_BT,BU,0.0015369356666666667,1.498552144269947,3.313354121911894,0,8
CD_BU_BT,BT,0.8828506446666666,1.1749934518951153,1.3972881682435803,0,8
CD_BU_BT,PV,0.0,0.0,0.0,0,8
CD_BU_BT,EL,0.0,0.0,0.0,0,8
CD_BU_BT,CD,0.00018880999999999998,0.31333821299094844,0.17944734955143155,0,15
CD_BU_BT,DP,0.0,0.0,0.0,0,15
CD_BU_BT,CA,0.0,0.0,0.0,0,15
CD_BU_BT,PC,0.0,0.0,0.0,0,15
CD_BU_BT,CS,0.0,0.0,0.0,0,15
CD_BU_BT,CH,0.0,0.0,0.0,0,15
CD_BU_BT,BU,0.00011315033333333333,1.4985630830747685,3.3133499651918275,0,15
CD_BU_BT,BT,1.1975313730000001,1.1751187953642304,1.397278512532305,0,15
CD_BU_BT,PV,0.0,0.0,0.0,0,15
CD_BU_BT,EL,0.0,0.0,0.0,0,15
CD_BU_BT,CD,0.00016813600000000002,0.313326105052892,0.17946793081241863,0,22
CD_BU_BT,DP,0.0,0.0,0.0,0,22
CD_BU_BT,CA,0.0,0.0,0.0,0,22
CD_BU_BT,PC,0.0,0.0,0.0,0,22
CD_BU_BT,CS,0.0,0.0,0.0,0,22
CD_BU_BT,CH,0.0,0.0,0.0,0,22
CD_BU_BT,BU,0.0006047433333333333,1.498564032049373,3.313349604627844,0,22
CD_BU_BT,BT,1.2827937873333335,1.1751296631574017,1.3972776848685013,0,22
CD_BU_BT,PV,0.0,0.0,0.0,0,22
CD_BU_BT,EL,0.0,0.0,0.0,0,22
CD_BU_BT,CD,0.0032401459999999997,0.31332494969289687,0.17946989535637017,0,29
CD_BU_BT,DP,0.0,0.0,0.0,0,29
CD_BU_BT,CA,0.0,0.0,0.0,0,29
CD_BU_BT,PC,0.0,0.0,0.0,0,29
CD_BU_BT,CS,0.0,0.0,0.0,0,29
CD_BU_BT,CH,0.0,0.0,0.0,0,29
CD_BU_BT,BU,0.036826846333333337,1.498564122580573,3.313349570230664,0,29
CD_BU_BT,BT,1.0214663443333334,1.1751306998835542,1.3972776059935128,0,29
CD_BU_BT,PV,0.0,0.0,0.0,0,29
CD_BU_BT,EL,0.0,0.0,0.0,0,29
CD_BU_BT,CD,8.37195e-5,0.31332483850834336,0.17947008441760764,0,36
CD_BU_BT,DP,0.0,0.0,0.0,0,36
CD_BU_BT,CA,0.0,0.0,0.0,0,36
CD_BU_BT,PC,0.0,0.0,0.0,0,36
CD_BU_BT,CS,0.0,0.0,0.0,0,36
CD_BU_BT,CH,0.0,0.0,0.0,0,36
CD_BU_BT,BU,0.044199689,1.4985641312925262,3.3133495669205737,0,36
CD_BU_BT,BT,1.0476999245,1.1751307996488067,1.3972775984040193,0,36
CD_BU_BT,PV,0.0,0.0,0.0,0,36
CD_BU_BT,EL,0.0,0.0,0.0,0,36
CD_BU_EL,CD,0.0018333330000000001,0.001833333,2.2312696630763803e-19,0,1
CD_BU_EL,DP,0.0,0.0,0.0,0,1
CD_BU_EL,CA,0.0,0.0,0.0,0,1
CD_BU_EL,PC,0.0,0.0,0.0,0,1
CD_BU_EL,CS,0.0,0.0,0.0,0,1
CD_BU_EL,CH,0.0,0.0,0.0,0,1
CD_BU_EL,BU,0.0018333330000000001,0.001833333,2.2312696630763803e-19,0,1
CD_BU_EL,BT,0.0,0.0,0.0,0,1
CD_BU_EL,PV,0.0,0.0,0.0,0,1
CD_BU_EL,EL,0.0018333330000000001,0.001833333,2.2312696630763803e-19,0,1
CD_BU_EL,CD,0.33244019666666663,0.5280928526396085,0.11036690027403454,0,2
CD_BU_EL,DP,0.0,0.0,0.0,0,2
CD_BU_EL,CA,0.0,0.0,0.0,0,2
CD_BU_EL,PC,0.0,0.0,0.0,0,2
CD_BU_EL,CS,0.0,0.0,0.0,0,2
CD_BU_EL,CH,0.0,0.0,0.0,0,2
CD_BU_EL,BU,0.721622689,0.17130620851447495,0.09672759824125045,0,2
CD_BU_EL,BT,0.0,0.0,0.0,0,2
CD_BU_EL,PV,0.0,0.0,0.0,0,2
CD_BU_EL,EL,0.11267045400000002,0.09700138620501059,0.07980371249246378,0,2
CD_BU_EL,CD,0.16910337066666667,0.5063237565970589,0.11232389752244294,0,8
CD_BU_EL,DP,0.0,0.0,0.0,0,8
CD_BU_EL,CA,0.0,0.0,0.0,0,8
CD_BU_EL,PC,0.0,0.0,0.0,0,8
CD_BU_EL,CS,0.0,0.0,0.0,0,8
CD_BU_EL,CH,0.0,0.0,0.0,0,8
CD_BU_EL,BU,0.718034365,0.1959295079220388,0.1263956281472908,0,8
CD_BU_EL,BT,0.0,0.0,0.0,0,8
CD_BU_EL,PV,0.0,0.0,0.0,0,8
CD_BU_EL,EL,0.08162891866666666,0.06956658715384664,0.09745768013469794,0,8
CD_BU_EL,CD,0.2818659616666667,0.5055674878741631,0.11267146720986951,0,15
CD_BU_EL,DP,0.0,0.0,0.0,0,15
CD_BU_EL,CA,0.0,0.0,0.0,0,15
CD_BU_EL,PC,0.0,0.0,0.0,0,15
CD_BU_EL,CS,0.0,0.0,0.0,0,15
CD_BU_EL,CH,0.0,0.0,0.0,0,15
CD_BU_EL,BU,0.8321108513333333,0.197122486654969,0.1271778130774111,0,15
CD_BU_EL,BT,0.0,0.0,0.0,0,15
CD_BU_EL,PV,0.0,0.0,0.0,0,15
CD_BU_EL,EL,0.21272318733333337,0.06859841588655255,0.09811158725782536,0,15
CD_BU_EL,CD,0.19098002833333336,0.505531199746997,0.11268898640932686,0,22
CD_BU_EL,DP,0.0,0.0,0.0,0,22
CD_BU_EL,CA,0.0,0.0,0.0,0,22
CD_BU_EL,PC,0.0,0.0,0.0,0,22
CD_BU_EL,CS,0.0,0.0,0.0,0,22
CD_BU_EL,CH,0.0,0.0,0.0,0,22
CD_BU_EL,BU,1.1042042986666667,0.1971780867482926,0.1272149523729043,0,22
CD_BU_EL,BT,0.0,0.0,0.0,0,22
CD_BU_EL,PV,0.0,0.0,0.0,0,22
CD_BU_EL,EL,0.13078233966666666,0.06855333763482852,0.09814411704963592,0,22
CD_BU_EL,CD,0.16239792066666667,0.5055287302750129,0.11269017215125143,0,29
CD_BU_EL,DP,0.0,0.0,0.0,0,29
CD_BU_EL,CA,0.0,0.0,0.0,0,29
CD_BU_EL,PC,0.0,0.0,0.0,0,29
CD_BU_EL,CS,0.0,0.0,0.0,0,29
CD_BU_EL,CH,0.0,0.0,0.0,0,29
CD_BU_EL,BU,0.8527845473333334,0.197181804081339,0.12721746193362296,0,29
CD_BU_EL,BT,0.0,0.0,0.0,0,29
CD_BU_EL,PV,0.0,0.0,0.0,0,29
CD_BU_EL,EL,0.19631754566666668,0.06855029937866705,0.09814635394608136,0,29
CD_BU_EL,CD,0.2514224876666667,0.5055285392680804,0.11269025284840492,0,36
CD_BU_EL,DP,0.0,0.0,0.0,0,36
CD_BU_EL,CA,0.0,0.0,0.0,0,36
CD_BU_EL,PC,0.0,0.0,0.0,0,36
CD_BU_EL,CS,0.0,0.0,0.0,0,36
CD_BU_EL,CH,0.0,0.0,0.0,0,36
CD_BU_EL,BU,0.6592139553333333,0.19718208565884512,0.12721765339203747,0,36
CD_BU_EL,BT,0.0,0.0,0.0,0,36
CD_BU_EL,PV,0.0,0.0,0.0,0,36
CD_BU_EL,EL,0.296496885,0.06855006742451242,0.09814652571191158,0,36
CD_BU_PV,CD,0.0018333330000000001,0.001833333,2.2312696630763803e-19,0,1
CD_BU_PV,DP,0.0,0.0,0.0,0,1
CD_BU_PV,CA,0.0,0.0,0.0,0,1
CD_BU_PV,PC,0.0,0.0,0.0,0,1
CD_BU_PV,CS,0.0,0.0,0.0,0,1
CD_BU_PV,CH,0.0,0.0,0.0,0,1
CD_BU_PV,BU,0.0018333330000000001,0.001833333,2.2312696630763803e-19,0,1
CD_BU_PV,BT,0.0,0.0,0.0,0,1
CD_BU_PV,PV,0.0018333330000000001,0.001833333,2.2312696630763803e-19,0,1
CD_BU_PV,EL,0.0,0.0,0.0,0,1
CD_BU_PV,CD,0.464533873,0.5377961731575169,0.16129201966616435,0,2
CD_BU_PV,DP,0.0,0.0,0.0,0,2
CD_BU_PV,CA,0.0,0.0,0.0,0,2
CD_BU_PV,PC,0.0,0.0,0.0,0,2
CD_BU_PV,CS,0.0,0.0,0.0,0,2
CD_BU_PV,CH,0.0,0.0,0.0,0,2
CD_BU_PV,BU,0.2951363793333333,0.11182302624660959,0.12113739261057442,0,2
CD_BU_PV,BT,0.0,0.0,0.0,0,2
CD_BU_PV,PV,0.5793630683333334,0.4763118166280107,0.26171928615378987,0,2
CD_BU_PV,EL,0.0,0.0,0.0,0,2
CD_BU_PV,CD,0.02545738733333333,0.5326895427765002,0.15757234666934158,0,8
CD_BU_PV,DP,0.0,0.0,0.0,0,8
CD_BU_PV,CA,0.0,0.0,0.0,0,8
CD_BU_PV,PC,0.0,0.0,0.0,0,8
CD_BU_PV,CS,0.0,0.0,0.0,0,8
CD_BU_PV,CH,0.0,0.0,0.0,0,8
CD_BU_PV,BU,0.9111961063333333,0.0992336290704469,0.12842150890421436,0,8
CD_BU_PV,BT,0.0,0.0,0.0,0,8
CD_BU_PV,PV,0.10527984933333334,0.4601555065498467,0.21601618492350277,0,8
CD_BU_PV,EL,0.0,0.0,0.0,0,8
CD_BU_PV,CD,0.2950660675,0.5329630645019023,0.157687091834292,0,15
CD_BU_PV,DP,0.0,0.0,0.0,0,15
CD_BU_PV,CA,0.0,0.0,0.0,0,15
CD_BU_PV,PC,0.0,0.0,0.0,0,15
CD_BU_PV,CS,0.0,0.0,0.0,0,15
CD_BU_PV,CH,0.0,0.0,0.0,0,15
CD_BU_PV,BU,0.8753845425,0.09923361310036942,0.1284215212665571,0,15
CD_BU_PV,BT,0.0,0.0,0.0,0,15
CD_BU_PV,PV,0.031482723000000004,0.4596199073162752,0.21564948593526828,0,15
CD_BU_PV,EL,0.0,0.0,0.0,0,15
CD_BU_PV,CD,0.0003099333333333333,0.5293844805608331,0.1568593201771618,0,22
CD_BU_PV,DP,0.0,0.0,0.0,0,22
CD_BU_PV,CA,0.0,0.0,0.0,0,22
CD_BU_PV,PC,0.0,0.0,0.0,0,22
CD_BU_PV,CS,0.0,0.0,0.0,0,22
CD_BU_PV,CH,0.0,0.0,0.0,0,22
CD_BU_PV,BU,1.2092410599999999,0.09923361310030192,0.12842152126661224,0,22
CD_BU_PV,BT,0.0,0.0,0.0,0,22
CD_BU_PV,PV,0.032549006666666665,0.48738213420761234,0.2613717862273297,0,22
CD_BU_PV,EL,0.0,0.0,0.0,0,22
CD_BU_PV,CD,0.0001221255,0.5331820432133009,0.1577850437876004,0,29
CD_BU_PV,DP,0.0,0.0,0.0,0,29
CD_BU_PV,CA,0.0,0.0,0.0,0,29
CD_BU_PV,PC,0.0,0.0,0.0,0,29
CD_BU_PV,CS,0.0,0.0,0.0,0,29
CD_BU_PV,CH,0.0,0.0,0.0,0,29
CD_BU_PV,BU,1.0787155495,0.09923361310030189,0.12842152126661224,0,29
CD_BU_PV,BT,0.0,0.0,0.0,0,29
CD_BU_PV,PV,0.007662279499999999,0.4590534691458836,0.21528709328644405,0,29
CD_BU_PV,EL,0.0,0.0,0.0,0,29
CD_BU_PV,CD,0.0001304,0.5294801628592718,0.15686239031653038,0,36
CD_BU_PV,DP,0.0,0.0,0.0,0,36
CD_BU_PV,CA,0.0,0.0,0.0,0,36
CD_BU_PV,PC,0.0,0.0,0.0,0,36
CD_BU_PV,CS,0.0,0.0,0.0,0,36
CD_BU_PV,CH,0.0,0.0,0.0,0,36
CD_BU_PV,BU,0.93653543,0.09923361310030192,0.12842152126661224,0,36
CD_BU_PV,BT,0.0,0.0,0.0,0,36
CD_BU_PV,PV,0.090367454,0.4873711762900583,0.26134484530296126,0,36
CD_BU_PV,EL,0.0,0.0,0.0,0,36
CD_CA_BT,CD,0.0018333330000000001,0.001833333,2.2312696630763803e-19,0,1
CD_CA_BT,DP,0.0,0.0,0.0,0,1
CD_CA_BT,CA,0.0018333330000000001,0.001833333,2.2312696630763803e-19,0,1
CD_CA_BT,PC,0.0,0.0,0.0,0,1
CD_CA_BT,CS,0.0,0.0,0.0,0,1
CD_CA_BT,CH,0.0,0.0,0.0,0,1
CD_CA_BT,BU,0.0,0.0,0.0,0,1
CD_CA_BT,BT,0.0018333330000000001,0.001833333,2.2312696630763803e-19,0,1
CD_CA_BT,PV,0.0,0.0,0.0,0,1
CD_CA_BT,EL,0.0,0.0,0.0,0,1
CD_CA_BT,CD,0.098946912,0.36322611349150197,0.23822583078020076,0,2
CD_CA_BT,DP,0.0,0.0,0.0,0,2
CD_CA_BT,CA,0.144471694,0.6026727920842847,1.3501521107029395,0,2
CD_CA_BT,PC,0.0,0.0,0.0,0,2
CD_CA_BT,CS,0.0,0.0,0.0,0,2
CD_CA_BT,CH,0.0,0.0,0.0,0,2
CD_CA_BT,BU,0.0,0.0,0.0,0,2
CD_CA_BT,BT,0.9576480813333333,1.1613757372940432,1.1240525304445854,0,2
CD_CA_BT,PV,0.0,0.0,0.0,0,2
CD_CA_BT,EL,0.0,0.0,0.0,0,2
CD_CA_BT,CD,0.0432431955,0.2946922186792787,0.14588960251880678,0,8
CD_CA_BT,DP,0.0,0.0,0.0,0,8
CD_CA_BT,CA,0.09047087100000001,0.3919255808796229,0.9021908023435494,0,8
CD_CA_BT,PC,0.0,0.0,0.0,0,8
CD_CA_BT,CS,0.0,0.0,0.0,0,8
CD_CA_BT,CH,0.0,0.0,0.0,0,8
CD_CA_BT,BU,0.0,0.0,0.0,0,8
CD_CA_BT,BT,0.809152622,1.1968727828084753,1.1046237356474775,0,8
CD_CA_BT,PV,0.0,0.0,0.0,0,8
CD_CA_BT,EL,0.0,0.0,0.0,0,8
CD_CA_BT,CD,0.08365966250000001,0.29405683113355635,0.14690811932817316,0,15
CD_CA_BT,DP,0.0,0.0,0.0,0,15
CD_CA_BT,CA,0.246429516,0.39189942851090287,0.9022030328435219,0,15
CD_CA_BT,PC,0.0,0.0,0.0,0,15
CD_CA_BT,CS,0.0,0.0,0.0,0,15
CD_CA_BT,CH,0.0,0.0,0.0,0,15
CD_CA_BT,BU,0.0,0.0,0.0,0,15
CD_CA_BT,BT,0.9585941549999999,1.197422328348818,1.1045631596565308,0,15
CD_CA_BT,PV,0.0,0.0,0.0,0,15
CD_CA_BT,EL,0.0,0.0,0.0,0,15
CD_CA_BT,CD,0.121081753,0.2948190016384155,0.1472420082288573,0,22
CD_CA_BT,DP,0.0,0.0,0.0,0,22
CD_CA_BT,CA,0.21525565100000002,0.3918970725083191,0.902204116351814,0,22
CD_CA_BT,PC,0.0,0.0,0.0,0,22
CD_CA_BT,CS,0.0,0.0,0.0,0,22
CD_CA_BT,CH,0.0,0.0,0.0,0,22
CD_CA_BT,BU,0.0,0.0,0.0,0,22
CD_CA_BT,BT,1.0578625955,1.2045353284181193,1.1027642134237732,0,22
CD_CA_BT,PV,0.0,0.0,0.0,0,22
CD_CA_BT,EL,0.0,0.0,0.0,0,22
CD_CA_BT,CD,0.0642087395,0.29484021000165184,0.14729166434616406,0,29
CD_CA_BT,DP,0.0,0.0,0.0,0,29
CD_CA_BT,CA,0.3135990085,0.3918968169139822,0.9022042339061085,0,29
CD_CA_BT,PC,0.0,0.0,0.0,0,29
CD_CA_BT,CS,0.0,0.0,0.0,0,29
CD_CA_BT,CH,0.0,0.0,0.0,0,29
CD_CA_BT,BU,0.0,0.0,0.0,0,29
CD_CA_BT,BT,0.751792265,1.2047558151640017,1.1027227772581247,0,29
CD_CA_BT,PV,0.0,0.0,0.0,0,29
CD_CA_BT,EL,0.0,0.0,0.0,0,29
CD_CA_BT,CD,0.056594133,0.2954926854965373,0.14749620956049975,0,36
CD_CA_BT,DP,0.0,0.0,0.0,0,36
CD_CA_BT,CA,0.427054236,0.39189678825839613,0.902204247085622,0,36
CD_CA_BT,PC,0.0,0.0,0.0,0,36
CD_CA_BT,CS,0.0,0.0,0.0,0,36
CD_CA_BT,CH,0.0,0.0,0.0,0,36
CD_CA_BT,BU,0.0,0.0,0.0,0,36
CD_CA_BT,BT,0.69128496,1.179608641548644,1.1127268638282124,0,36
CD_CA_BT,PV,0.0,0.0,0.0,0,36
CD_CA_BT,EL,0.0,0.0,0.0,0,36
CD_CA_BU,CD,0.0018333330000000001,0.001833333,2.2312696630763803e-19,0,1
CD_CA_BU,DP,0.0,0.0,0.0,0,1
CD_CA_BU,CA,0.0018333330000000001,0.001833333,2.2312696630763803e-19,0,1
CD_CA_BU,PC,0.0,0.0,0.0,0,1
CD_CA_BU,CS,0.0,0.0,0.0,0,1
CD_CA_BU,CH,0.0,0.0,0.0,0,1
CD_CA_BU,BU,0.0018333330000000001,0.001833333,2.2312696630763803e-19,0,1
CD_CA_BU,BT,0.0,0.0,0.0,0,1
CD_CA_BU,PV,0.0,0.0,0.0,0,1
CD_CA_BU,EL,0.0,0.0,0.0,0,1
CD_CA_BU,CD,0.482460442,0.48573476952149197,0.2144580636369484,0,2
CD_CA_BU,DP,0.0,0.0,0.0,0,2
CD_CA_BU,CA,0.23391977633333336,0.36420686976286715,1.4411159809893386,0,2
CD_CA_BU,PC,0.0,0.0,0.0,0,2
CD_CA_BU,CS,0.0,0.0,0.0,0,2
CD_CA_BU,CH,0.0,0.0,0.0,0,2
CD_CA_BU,BU,0.36315315466666664,0.21842533651026294,0.1097036157840142,0,2
CD_CA_BU,BT,0.0,0.0,0.0,0,2
CD_CA_BU,PV,0.0,0.0,0.0,0,2
CD_CA_BU,EL,0.0,0.0,0.0,0,2
CD_CA_BU,CD,0.19473785833333335,0.43592595831768777,0.03166786752743758,0,8
CD_CA_BU,DP,0.0,0.0,0.0,0,8
CD_CA_BU,CA,0.43688034766666667,0.01627812168661844,0.032542269772310436,0,8
CD_CA_BU,PC,0.0,0.0,0.0,0,8
CD_CA_BU,CS,0.0,0.0,0.0,0,8
CD_CA_BU,CH,0.0,0.0,0.0,0,8
CD_CA_BU,BU,0.07701514233333334,0.2285496524447355,0.10786568574955939,0,8
CD_CA_BU,BT,0.0,0.0,0.0,0,8
CD_CA_BU,PV,0.0,0.0,0.0,0,8
CD_CA_BU,EL,0.0,0.0,0.0,0,8
CD_CA_BU,CD,0.29979497,0.4356514470237343,0.03242106929124825,0,15
CD_CA_BU,DP,0.0,0.0,0.0,0,15
CD_CA_BU,CA,0.2977060185,0.015059038522733097,0.031752056617833695,0,15
CD_CA_BU,PC,0.0,0.0,0.0,0,15
CD_CA_BU,CS,0.0,0.0,0.0,0,15
CD_CA_BU,CH,0.0,0.0,0.0,0,15
CD_CA_BU,BU,0.127982345,0.23253322212119812,0.10747666907956589,0,15
CD_CA_BU,BT,0.0,0.0,0.0,0,15
CD_CA_BU,PV,0.0,0.0,0.0,0,15
CD_CA_BU,EL,0.0,0.0,0.0,0,15
CD_CA_CH,CD,0.0018333330000000001,0.001833333,2.2312696630763803e-19,0,1
CD_CA_CH,DP,0.0,0.0,0.0,0,1
CD_CA_CH,CA,0.0018333330000000001,0.001833333,2.2312696630763803e-19,0,1
CD_CA_CH,PC,0.0,0.0,0.0,0,1
CD_CA_CH,CS,0.0,0.0,0.0,0,1
CD_CA_CH,CH,0.0018333330000000001,0.001833333,2.2312696630763803e-19,0,1
CD_CA_CH,BU,0.0,0.0,0.0,0,1
CD_CA_CH,BT,0.0,0.0,0.0,0,1
CD_CA_CH,PV,0.0,0.0,0.0,0,1
CD_CA_CH,EL,0.0,0.0,0.0,0,1
CD_CA_CH,CD,0.210783265,0.4168685566199078,0.29962549552997036,0,2
CD_CA_CH,DP,0.0,0.0,0.0,0,2
CD_CA_CH,CA,0.424318691,0.4832775896107386,1.639141203623551,0,2
CD_CA_CH,PC,0.0,0.0,0.0,0,2
CD_CA_CH,CS,0.0,0.0,0.0,0,2
CD_CA_CH,CH,0.11673135866666666,0.04673216074078047,0.08740439811936035,0,2
CD_CA_CH,BU,0.0,0.0,0.0,0,2
CD_CA_CH,BT,0.0,0.0,0.0,0,2
CD_CA_CH,PV,0.0,0.0,0.0,0,2
CD_CA_CH,EL,0.0,0.0,0.0,0,2
CD_CA_CH,CD,0.25477629166666665,0.35514675984043625,0.09349146708167402,0,8
CD_CA_CH,DP,0.0,0.0,0.0,0,8
CD_CA_CH,CA,0.033358289000000006,0.09730105502528483,0.05070801239441118,0,8
CD_CA_CH,PC,0.0,0.0,0.0,0,8
CD_CA_CH,CS,0.0,0.0,0.0,0,8
CD_CA_CH,CH,0.002232084,0.03730028752728551,0.12161642341051727,0,8
CD_CA_CH,BU,0.0,0.0,0.0,0,8
CD_CA_CH,BT,0.0,0.0,0.0,0,8
CD_CA_CH,PV,0.0,0.0,0.0,0,8
CD_CA_CH,EL,0.0,0.0,0.0,0,8
CD_CA_CH,CD,0.354074422,0.35567351471799574,0.0937910349465112,0,15
CD_CA_CH,DP,0.0,0.0,0.0,0,15
CD_CA_CH,CA,0.09987510150000001,0.09617346654478193,0.051394991813347606,0,15
CD_CA_CH,PC,0.0,0.0,0.0,0,15
CD_CA_CH,CS,0.0,0.0,0.0,0,15
CD_CA_CH,CH,0.0197838105,0.036382165459776745,0.12184750699730994,0,15
CD_CA_CH,BU,0.0,0.0,0.0,0,15
CD_CA_CH,BT,0.0,0.0,0.0,0,15
CD_CA_CH,PV,0.0,0.0,0.0,0,15
CD_CA_CH,EL,0.0,0.0,0.0,0,15
CD_CA_CH,CD,0.449752859,0.3557080650342605,0.09381236313916722,0,22
CD_CA_CH,DP,0.0,0.0,0.0,0,22
CD_CA_CH,CA,0.054115449499999996,0.09606942094422717,0.05147718999589418,0,22
CD_CA_CH,PC,0.0,0.0,0.0,0,22
CD_CA_CH,CS,0.0,0.0,0.0,0,22
CD_CA_CH,CH,0.001831692,0.03632518866655881,0.12186522711153419,0,22
CD_CA_CH,BU,0.0,0.0,0.0,0,22
CD_CA_CH,BT,0.0,0.0,0.0,0,22
CD_CA_CH,PV,0.0,0.0,0.0,0,22
CD_CA_CH,EL,0.0,0.0,0.0,0,22
CD_CA_CH,CD,0.3334249735,0.3557103184177114,0.0938137585474767,0,29
CD_CA_CH,DP,0.0,0.0,0.0,0,29
CD_CA_CH,CA,0.082885993,0.09606190890729022,0.051483196018342677,0,29
CD_CA_CH,PC,0.0,0.0,0.0,0,29
CD_CA_CH,CS,0.0,0.0,0.0,0,29
CD_CA_CH,CH,0.0164390155,0.03632150062329868,0.12186638983187878,0,29
CD_CA_CH,BU,0.0,0.0,0.0,0,29
CD_CA_CH,BT,0.0,0.0,0.0,0,29
CD_CA_CH,PV,0.0,0.0,0.0,0,29
CD_CA_CH,EL,0.0,0.0,0.0,0,29
CD_CA_CH,CD,0.339369066,0.3557104663981684,0.09381385016145742,0,36
CD_CA_CH,DP,0.0,0.0,0.0,0,36
CD_CA_CH,CA,0.035993089500000006,0.09606140695410814,0.05148359691188777,0,36
CD_CA_CH,PC,0.0,0.0,0.0,0,36
CD_CA_CH,CS,0.0,0.0,0.0,0,36
CD_CA_CH,CH,0.000771182,0.03632125905594676,0.12186646605917269,0,36
CD_CA_CH,BU,0.0,0.0,0.0,0,36
CD_CA_CH,BT,0.0,0.0,0.0,0,36
CD_CA_CH,PV,0.0,0.0,0.0,0,36
CD_CA_CH,EL,0.0,0.0,0.0,0,36
CD_CA_CS,CD,0.0018333330000000001,0.001833333,2.2312696630763803e-19,0,1
CD_CA_CS,DP,0.0,0.0,0.0,0,1
CD_CA_CS,CA,0.0018333330000000001,0.001833333,2.2312696630763803e-19,0,1
CD_CA_CS,PC,0.0,0.0,0.0,0,1
CD_CA_CS,CS,0.0018333330000000001,0.001833333,2.2312696630763803e-19,0,1
CD_CA_CS,CH,0.0,0.0,0.0,0,1
CD_CA_CS,BU,0.0,0.0,0.0,0,1
CD_CA_CS,BT,0.0,0.0,0.0,0,1
CD_CA_CS,PV,0.0,0.0,0.0,0,1
CD_CA_CS,EL,0.0,0.0,0.0,0,1
CD_CA_CS,CD,0.46972550966666665,0.4097261546268063,0.22367532023404116,0,2
CD_CA_CS,DP,0.0,0.0,0.0,0,2
CD_CA_CS,CA,0.128767567,0.4322543757011938,1.4399067289543768,0,2
CD_CA_CS,PC,0.0,0.0,0.0,0,2
CD_CA_CS,CS,0.012373583666666667,0.029512613116240552,0.03295254286741285,0,2
CD_CA_CS,CH,0.0,0.0,0.0,0,2
CD_CA_CS,BU,0.0,0.0,0.0,0,2
CD_CA_CS,BT,0.0,0.0,0.0,0,2
CD_CA_CS,PV,0.0,0.0,0.0,0,2
CD_CA_CS,EL,0.0,0.0,0.0,0,2
CD_CA_CS,CD,0.26424783933333335,0.4024723371608975,0.19025123625751353,0,8
CD_CA_CS,DP,0.0,0.0,0.0,0,8
CD_CA_CS,CA,0.063828556,0.3203521466775046,0.9412698374284745,0,8
CD_CA_CS,PC,0.0,0.0,0.0,0,8
CD_CA_CS,CS,0.032956915999999996,0.020457164239936914,0.03804567831057294,0,8
CD_CA_CS,CH,0.0,0.0,0.0,0,8
CD_CA_CS,BU,0.0,0.0,0.0,0,8
CD_CA_CS,BT,0.0,0.0,0.0,0,8
CD_CA_CS,PV,0.0,0.0,0.0,0,8
CD_CA_CS,EL,0.0,0.0,0.0,0,8
CD_CA_CS,CD,0.3386303726666666,0.40406579058190933,0.19685161579814373,0,15
CD_CA_CS,DP,0.0,0.0,0.0,0,15
CD_CA_CS,CA,0.20363911199999998,0.30564180824722187,0.8789111537662945,0,15
CD_CA_CS,PC,0.0,0.0,0.0,0,15
CD_CA_CS,CS,0.103297182,0.020423256287545783,0.03803175703162199,0,15
CD_CA_CS,CH,0.0,0.0,0.0,0,15
CD_CA_CS,BU,0.0,0.0,0.0,0,15
CD_CA_CS,BT,0.0,0.0,0.0,0,15
CD_CA_CS,PV,0.0,0.0,0.0,0,15
CD_CA_CS,EL,0.0,0.0,0.0,0,15
CD_CA_CS,CD,0.500770961,0.3997510737585905,0.17900815873702666,0,22
CD_CA_CS,DP,0.0,0.0,0.0,0,22
CD_CA_CS,CA,0.19919242,0.4550027052081212,1.5122488385625954,0,22
CD_CA_CS,PC,0.0,0.0,0.0,0,22
CD_CA_CS,CS,0.09688661900000001,0.020419984276196745,0.03803036853923101,0,22
CD_CA_CS,CH,0.0,0.0,0.0,0,22
CD_CA_CS,BU,0.0,0.0,0.0,0,22
CD_CA_CS,BT,0.0,0.0,0.0,0,22
CD_CA_CS,PV,0.0,0.0,0.0,0,22
CD_CA_CS,EL,0.0,0.0,0.0,0,22
CD_CA_CS,CD,0.48675546599999997,0.40472383908236353,0.1995803269800984,0,29
CD_CA_CS,DP,0.0,0.0,0.0,0,29
CD_CA_CS,CA,0.2294252015,0.509559921561735,1.7436516409032357,0,29
CD_CA_CS,PC,0.0,0.0,0.0,0,29
CD_CA_CS,CS,0.07316933049999999,0.020449626115416144,0.03804313097909634,0,29
CD_CA_CS,CH,0.0,0.0,0.0,0,29
CD_CA_CS,BU,0.0,0.0,0.0,0,29
CD_CA_CS,BT,0.0,0.0,0.0,0,29
CD_CA_CS,PV,0.0,0.0,0.0,0,29
CD_CA_CS,EL,0.0,0.0,0.0,0,29
CD_CA_CS,CD,0.30845100999999997,0.39847730976816065,0.17375891376090058,0,36
CD_CA_CS,DP,0.0,0.0,0.0,0,36
CD_CA_CS,CA,0.20244663200000002,0.44940818935707383,1.4885209894319347,0,36
CD_CA_CS,PC,0.0,0.0,0.0,0,36
CD_CA_CS,CS,0.098335693,0.02044651505777442,0.038041772171822814,0,36
CD_CA_CS,CH,0.0,0.0,0.0,0,36
CD_CA_CS,BU,0.0,0.0,0.0,0,36
CD_CA_CS,BT,0.0,0.0,0.0,0,36
CD_CA_CS,PV,0.0,0.0,0.0,0,36
CD_CA_CS,EL,0.0,0.0,0.0,0,36
CD_CA_EL,CD,0.0018333330000000001,0.001833333,2.2312696630763803e-19,0,1
CD_CA_EL,DP,0.0,0.0,0.0,0,1
CD_CA_EL,CA,0.0018333330000000001,0.001833333,2.2312696630763803e-19,0,1
CD_CA_EL,PC,0.0,0.0,0.0,0,1
CD_CA_EL,CS,0.0,0.0,0.0,0,1
CD_CA_EL,CH,0.0,0.0,0.0,0,1
CD_CA_EL,BU,0.0,0.0,0.0,0,1
CD_CA_EL,BT,0.0,0.0,0.0,0,1
CD_CA_EL,PV,0.0,0.0,0.0,0,1
CD_CA_EL,EL,0.0018333330000000001,0.001833333,2.2312696630763803e-19,0,1
CD_CA_EL,CD,0.5513830949999999,0.520004473203286,0.16649150968908125,0,2
CD_CA_EL,DP,0.0,0.0,0.0,0,2
CD_CA_EL,CA,0.3723206706666667,0.4169477654212207,1.674327006394462,0,2
CD_CA_EL,PC,0.0,0.0,0.0,0,2
CD_CA_EL,CS,0.0,0.0,0.0,0,2
CD_CA_EL,CH,0.0,0.0,0.0,0,2
CD_CA_EL,BU,0.0,0.0,0.0,0,2
CD_CA_EL,BT,0.0,0.0,0.0,0,2
CD_CA_EL,PV,0.0,0.0,0.0,0,2
CD_CA_EL,EL,0.13612957733333333,0.13127303020517223,0.06245803741459575,0,2
CD_CA_EL,CD,0.492510699,0.5143872224968322,0.03848681746875561,0,8
CD_CA_EL,DP,0.0,0.0,0.0,0,8
CD_CA_EL,CA,0.38200685599999995,0.006205790776897499,0.02031585240687982,0,8
CD_CA_EL,PC,0.0,0.0,0.0,0,8
CD_CA_EL,CS,0.0,0.0,0.0,0,8
CD_CA_EL,CH,0.0,0.0,0.0,0,8
CD_CA_EL,BU,0.0,0.0,0.0,0,8
CD_CA_EL,BT,0.0,0.0,0.0,0,8
CD_CA_EL,PV,0.0,0.0,0.0,0,8
CD_CA_EL,EL,0.1466991105,0.15593998091093095,0.0612668053441414,0,8
CD_CA_EL,CD,0.257474239,0.5155773666421438,0.03689985724643747,0,15
CD_CA_EL,DP,0.0,0.0,0.0,0,15
CD_CA_EL,CA,0.611231685,0.006204104615898924,0.020314358067806314,0,15
CD_CA_EL,PC,0.0,0.0,0.0,0,15
CD_CA_EL,CS,0.0,0.0,0.0,0,15
CD_CA_EL,CH,0.0,0.0,0.0,0,15
CD_CA_EL,BU,0.0,0.0,0.0,0,15
CD_CA_EL,BT,0.0,0.0,0.0,0,15
CD_CA_EL,PV,0.0,0.0,0.0,0,15
CD_CA_EL,EL,0.325127409,0.15828420885757383,0.05550313862633557,0,15
CD_CA_EL,CD,0.18645357,0.5187811823301536,0.0359194427611033,0,22
CD_CA_EL,DP,0.0,0.0,0.0,0,22
CD_CA_EL,CA,0.70338772,0.006204106570815877,0.02031436037619565,0,22
CD_CA_EL,PC,0.0,0.0,0.0,0,22
CD_CA_EL,CS,0.0,0.0,0.0,0,22
CD_CA_EL,CH,0.0,0.0,0.0,0,22
CD_CA_EL,BU,0.0,0.0,0.0,0,22
CD_CA_EL,BT,0.0,0.0,0.0,0,22
CD_CA_EL,PV,0.0,0.0,0.0,0,22
CD_CA_EL,EL,0.18905871,0.1637911962996883,0.04766108171836725,0,22
CD_CA_EL,CD,0.242989183,0.5187835965823944,0.03592063336200698,0,29
CD_CA_EL,DP,0.0,0.0,0.0,0,29
CD_CA_EL,CA,0.169708472,0.006204106572366371,0.020314360378014484,0,29
CD_CA_EL,PC,0.0,0.0,0.0,0,29
CD_CA_EL,CS,0.0,0.0,0.0,0,29
CD_CA_EL,CH,0.0,0.0,0.0,0,29
CD_CA_EL,BU,0.0,0.0,0.0,0,29
CD_CA_EL,BT,0.0,0.0,0.0,0,29
CD_CA_EL,PV,0.0,0.0,0.0,0,29
CD_CA_EL,EL,0.083702369,0.16379493206126305,0.047659211678779775,0,29
CD_CA_EL,CD,0.508514067,0.5187835970246221,0.035920633580357686,0,36
CD_CA_EL,DP,0.0,0.0,0.0,0,36
CD_CA_EL,CA,0.328733372,0.006204106572364752,0.02031436037801259,0,36
CD_CA_EL,PC,0.0,0.0,0.0,0,36
CD_CA_EL,CS,0.0,0.0,0.0,0,36
CD_CA_EL,CH,0.0,0.0,0.0,0,36
CD_CA_EL,BU,0.0,0.0,0.0,0,36
CD_CA_EL,BT,0.0,0.0,0.0,0,36
CD_CA_EL,PV,0.0,0.0,0.0,0,36
CD_CA_EL,EL,0.088185914,0.16379493274549947,0.047659211336738914,0,36
CD_CA_PC,CD,0.0018333330000000001,0.001833333,2.2312696630763803e-19,0,1
CD_CA_PC,DP,0.0,0.0,0.0,0,1
CD_CA_PC,CA,0.0018333330000000001,0.001833333,2.2312696630763803e-19,0,1
CD_CA_PC,PC,0.0018333330000000001,0.001833333,2.2312696630763803e-19,0,1
CD_CA_PC,CS,0.0,0.0,0.0,0,1
CD_CA_PC,CH,0.0,0.0,0.0,0,1
CD_CA_PC,BU,0.0,0.0,0.0,0,1
CD_CA_PC,BT,0.0,0.0,0.0,0,1
CD_CA_PC,PV,0.0,0.0,0.0,0,1
CD_CA_PC,EL,0.0,0.0,0.0,0,1
CD_CA_PC,CD,0.41533511633333337,0.31071263606306276,0.12180568395087873,0,2
CD_CA_PC,DP,0.0,0.0,0.0,0,2
CD_CA_PC,CA,0.06928408533333333,0.21772015132229955,0.271084122001409,0,2
CD_CA_PC,PC,0.218380783,0.05512597863598319,0.05903753387186285,0,2
CD_CA_PC,CS,0.0,0.0,0.0,0,2
CD_CA_PC,CH,0.0,0.0,0.0,0,2
CD_CA_PC,BU,0.0,0.0,0.0,0,2
CD_CA_PC,BT,0.0,0.0,0.0,0,2
CD_CA_PC,PV,0.0,0.0,0.0,0,2
CD_CA_PC,EL,0.0,0.0,0.0,0,2
CD_CA_PC,CD,0.415987975,0.31137061490525564,0.12175070444516099,0,8
CD_CA_PC,DP,0.0,0.0,0.0,0,8
CD_CA_PC,CA,0.05791329,0.22014932960832836,0.2778188146687069,0,8
CD_CA_PC,PC,0.298065376,0.049780963240752284,0.06322655697306864,0,8
CD_CA_PC,CS,0.0,0.0,0.0,0,8
CD_CA_PC,CH,0.0,0.0,0.0,0,8
CD_CA_PC,BU,0.0,0.0,0.0,0,8
CD_CA_PC,BT,0.0,0.0,0.0,0,8
CD_CA_PC,PV,0.0,0.0,0.0,0,8
CD_CA_PC,EL,0.0,0.0,0.0,0,8
CD_CA_PC,CD,0.001092249,0.3112323373903901,0.12204328862189051,0,15
CD_CA_PC,DP,0.0,0.0,0.0,0,15
CD_CA_PC,CA,0.739088615,0.2201475399608181,0.2778203333348714,0,15
CD_CA_PC,PC,0.265052469,0.04915967925256288,0.06344901560592649,0,15
CD_CA_PC,CS,0.0,0.0,0.0,0,15
CD_CA_PC,CH,0.0,0.0,0.0,0,15
CD_CA_PC,BU,0.0,0.0,0.0,0,15
CD_CA_PC,BT,0.0,0.0,0.0,0,15
CD_CA_PC,PV,0.0,0.0,0.0,0,15
CD_CA_PC,EL,0.0,0.0,0.0,0,15
CD_CA_PC,CD,0.0019,0.31117074705998243,0.12217431670491882,0,22
CD_CA_PC,DP,0.0,0.0,0.0,0,22
CD_CA_PC,CA,0.0043,0.22014752743680563,0.27782034384362325,0,22
CD_CA_PC,PC,0.0001,0.04887957138698524,0.0635847518516133,0,22
CD_CA_PC,CS,0.0,0.0,0.0,0,22
CD_CA_PC,CH,0.0,0.0,0.0,0,22
CD_CA_PC,BU,0.0,0.0,0.0,0,22
CD_CA_PC,BT,0.0,0.0,0.0,0,22
CD_CA_PC,PV,0.0,0.0,0.0,0,22
CD_CA_PC,EL,0.0,0.0,0.0,0,22
CD_CA_PC,CD,0.0,0.31113613494911474,0.12224813447114052,0,29
CD_CA_PC,DP,0.0,0.0,0.0,0,29
CD_CA_PC,CA,0.0,0.22014752720404093,0.27782034403891803,0,29
CD_CA_PC,PC,0.0,0.04872114547422355,0.06367121578189139,0,29
CD_CA_PC,CS,0.0,0.0,0.0,0,29
CD_CA_PC,CH,0.0,0.0,0.0,0,29
CD_CA_PC,BU,0.0,0.0,0.0,0,29
CD_CA_PC,BT,0.0,0.0,0.0,0,29
CD_CA_PC,PV,0.0,0.0,0.0,0,29
CD_CA_PC,EL,0.0,0.0,0.0,0,29
CD_CA_PC,CD,0.004318579,0.3111141198941804,0.12229515486886204,0,36
CD_CA_PC,DP,0.0,0.0,0.0,0,36
CD_CA_PC,CA,0.018508195,0.2201475271968437,0.27782034404495665,0,36
CD_CA_PC,PC,0.014806556,0.04861998998784391,0.06373007022079512,0,36
CD_CA_PC,CS,0.0,0.0,0.0,0,36
CD_CA_PC,CH,0.0,0.0,0.0,0,36
CD_CA_PC,BU,0.0,0.0,0.0,0,36
CD_CA_PC,BT,0.0,0.0,0.0,0,36
CD_CA_PC,PV,0.0,0.0,0.0,0,36
CD_CA_PC,EL,0.0,0.0,0.0,0,36
CD_CA_PV,CD,0.0018333330000000001,0.001833333,2.2312696630763803e-19,0,1
CD_CA_PV,DP,0.0,0.0,0.0,0,1
CD_CA_PV,CA,0.0018333330000000001,0.001833333,2.2312696630763803e-19,0,1
CD_CA_PV,PC,0.0,0.0,0.0,0,1
CD_CA_PV,CS,0.0,0.0,0.0,0,1
CD_CA_PV,CH,0.0,0.0,0.0,0,1
CD_CA_PV,BU,0.0,0.0,0.0,0,1
CD_CA_PV,BT,0.0,0.0,0.0,0,1
CD_CA_PV,PV,0.0018333330000000001,0.001833333,2.2312696630763803e-19,0,1
CD_CA_PV,EL,0.0,0.0,0.0,0,1
CD_CA_PV,CD,0.866942195,0.4838224744893071,0.13239295190187264,0,2
CD_CA_PV,DP,0.0,0.0,0.0,0,2
CD_CA_PV,CA,0.27386860366666665,0.08243671781069276,0.3023395593577699,0,2
CD_CA_PV,PC,0.0,0.0,0.0,0,2
CD_CA_PV,CS,0.0,0.0,0.0,0,2
CD_CA_PV,CH,0.0,0.0,0.0,0,2
CD_CA_PV,BU,0.0,0.0,0.0,0,2
CD_CA_PV,BT,0.0,0.0,0.0,0,2
CD_CA_PV,PV,0.251655901,0.49938532738110564,0.19303840614738177,0,2
CD_CA_PV,EL,0.0,0.0,0.0,0,2
CD_CA_PV,CD,0.12004740666666668,0.48555366063891053,0.1312617344479013,0,8
CD_CA_PV,DP,0.0,0.0,0.0,0,8
CD_CA_PV,CA,0.576148515,0.08079944016357128,0.3061262413357825,0,8
CD_CA_PV,PC,0.0,0.0,0.0,0,8
CD_CA_PV,CS,0.0,0.0,0.0,0,8
CD_CA_PV,CH,0.0,0.0,0.0,0,8
CD_CA_PV,BU,0.0,0.0,0.0,0,8
CD_CA_PV,BT,0.0,0.0,0.0,0,8
CD_CA_PV,PV,0.36187076900000004,0.4829708926185689,0.17652995687398057,0,8
CD_CA_PV,EL,0.0,0.0,0.0,0,8
CD_CA_PV,CD,0.1452365575,0.4843676146521107,0.128013303910453,0,15
CD_CA_PV,DP,0.0,0.0,0.0,0,15
CD_CA_PV,CA,1.2278588095,0.08079664403169898,0.30612674407440216,0,15
CD_CA_PV,PC,0.0,0.0,0.0,0,15
CD_CA_PV,CS,0.0,0.0,0.0,0,15
CD_CA_PV,CH,0.0,0.0,0.0,0,15
CD_CA_PV,BU,0.0,0.0,0.0,0,15
CD_CA_PV,BT,0.0,0.0,0.0,0,15
CD_CA_PV,PV,0.1285879665,0.5012598685484504,0.23105900810273133,0,15
CD_CA_PV,EL,0.0,0.0,0.0,0,15
CD_CA_PV,CD,0.2814500195,0.48195111702516136,0.12892491723917965,0,22
CD_CA_PV,DP,0.0,0.0,0.0,0,22
CD_CA_PV,CA,1.043934784,0.08079663973789834,0.30612674484658936,0,22
CD_CA_PV,PC,0.0,0.0,0.0,0,22
CD_CA_PV,CS,0.0,0.0,0.0,0,22
CD_CA_PV,CH,0.0,0.0,0.0,0,22
CD_CA_PV,BU,0.0,0.0,0.0,0,22
CD_CA_PV,BT,0.0,0.0,0.0,0,22
CD_CA_PV,PV,0.151315197,0.5095805704678288,0.224457209571888,0,22
CD_CA_PV,EL,0.0,0.0,0.0,0,22
CD_CA_PV,CD,0.229746348,0.48432816905042725,0.12802554741620079,0,29
CD_CA_PV,DP,0.0,0.0,0.0,0,29
CD_CA_PV,CA,0.972531851,0.08079663973129074,0.30612674484777763,0,29
CD_CA_PV,PC,0.0,0.0,0.0,0,29
CD_CA_PV,CS,0.0,0.0,0.0,0,29
CD_CA_PV,CH,0.0,0.0,0.0,0,29
CD_CA_PV,BU,0.0,0.0,0.0,0,29
CD_CA_PV,BT,0.0,0.0,0.0,0,29
CD_CA_PV,PV,0.019221806,0.5012699887018194,0.23105391913302148,0,29
CD_CA_PV,EL,0.0,0.0,0.0,0,29
CD_CA_PV,CD,0.192664047,0.48203122967422274,0.12887807673026547,0,36
CD_CA_PV,DP,0.0,0.0,0.0,0,36
CD_CA_PV,CA,1.128213712,0.08079663973128057,0.30612674484777946,0,36
CD_CA_PV,PC,0.0,0.0,0.0,0,36
CD_CA_PV,CS,0.0,0.0,0.0,0,36
CD_CA_PV,CH,0.0,0.0,0.0,0,36
CD_CA_PV,BU,0.0,0.0,0.0,0,36
CD_CA_PV,BT,0.0,0.0,0.0,0,36
CD_CA_PV,PV,0.045605527,0.5085431192034264,0.224529894052253,0,36
CD_CA_PV,EL,0.0,0.0,0.0,0,36
CD_CH_BT,CD,0.0018333330000000001,0.001833333,2.2312696630763803e-19,0,1
CD_CH_BT,DP,0.0,0.0,0.0,0,1
CD_CH_BT,CA,0.0,0.0,0.0,0,1
CD_CH_BT,PC,0.0,0.0,0.0,0,1
CD_CH_BT,CS,0.0,0.0,0.0,0,1
CD_CH_BT,CH,0.0018333330000000001,0.001833333,2.2312696630763803e-19,0,1
CD_CH_BT,BU,0.0,0.0,0.0,0,1
CD_CH_BT,BT,0.0018333330000000001,0.001833333,2.2312696630763803e-19,0,1
CD_CH_BT,PV,0.0,0.0,0.0,0,1
CD_CH_BT,EL,0.0,0.0,0.0,0,1
CD_CH_BT,CD,0.069565715,0.24523570267073824,0.131897484986539,0,2
CD_CH_BT,DP,0.0,0.0,0.0,0,2
CD_CH_BT,CA,0.0,0.0,0.0,0,2
CD_CH_BT,PC,0.0,0.0,0.0,0,2
CD_CH_BT,CS,0.0,0.0,0.0,0,2
CD_CH_BT,CH,0.12693638299999999,0.5180977609039106,0.82189717998987,0,2
CD_CH_BT,BU,0.0,0.0,0.0,0,2
CD_CH_BT,BT,0.9952312170000001,1.33042711310915,1.1170596252708098,0,2
CD_CH_BT,PV,0.0,0.0,0.0,0,2
CD_CH_BT,EL,0.0,0.0,0.0,0,2
CD_CH_BT,CD,0.00026037533333333335,0.2602080681698451,0.12529540855844312,0,8
CD_CH_BT,DP,0.0,0.0,0.0,0,8
CD_CH_BT,CA,0.0,0.0,0.0,0,8
CD_CH_BT,PC,0.0,0.0,0.0,0,8
CD_CH_BT,CS,0.0,0.0,0.0,0,8
CD_CH_BT,CH,0.036386988333333335,0.7653580969336649,1.5535686450925854,0,8
CD_CH_BT,BU,0.0,0.0,0.0,0,8
CD_CH_BT,BT,0.8162859883333334,1.36143089378943,1.130957383586939,0,8
CD_CH_BT,PV,0.0,0.0,0.0,0,8
CD_CH_BT,EL,0.0,0.0,0.0,0,8
CD_CH_BT,CD,0.0016860243333333333,0.26443546173232085,0.12805740333628576,0,15
CD_CH_BT,DP,0.0,0.0,0.0,0,15
CD_CH_BT,CA,0.0,0.0,0.0,0,15
CD_CH_BT,PC,0.0,0.0,0.0,0,15
CD_CH_BT,CS,0.0,0.0,0.0,0,15
CD_CH_BT,CH,0.069102751,0.7653580572273713,1.5535686556159618,0,15
CD_CH_BT,BU,0.0,0.0,0.0,0,15
CD_CH_BT,BT,1.0356112243333333,1.3321892684581504,1.1484360311752153,0,15
CD_CH_BT,PV,0.0,0.0,0.0,0,15
CD_CH_BT,EL,0.0,0.0,0.0,0,15
CD_CH_BT,CD,0.0009103186666666666,0.26199681565874766,0.12616065809412771,0,22
CD_CH_BT,DP,0.0,0.0,0.0,0,22
CD_CH_BT,CA,0.0,0.0,0.0,0,22
CD_CH_BT,PC,0.0,0.0,0.0,0,22
CD_CH_BT,CS,0.0,0.0,0.0,0,22
CD_CH_BT,CH,0.041694732333333324,0.7653580572274292,1.5535686556159485,0,22
CD_CH_BT,BU,0.0,0.0,0.0,0,22
CD_CH_BT,BT,1.214594949,1.3433832405095871,1.140183095414401,0,22
CD_CH_BT,PV,0.0,0.0,0.0,0,22
CD_CH_BT,EL,0.0,0.0,0.0,0,22
CD_CH_BT,CD,7.072199999999999e-5,0.26009199062329585,0.12525493878011826,0,29
CD_CH_BT,DP,0.0,0.0,0.0,0,29
CD_CH_BT,CA,0.0,0.0,0.0,0,29
CD_CH_BT,PC,0.0,0.0,0.0,0,29
CD_CH_BT,CS,0.0,0.0,0.0,0,29
CD_CH_BT,CH,0.05811668933333334,0.7653580572274292,1.5535686556159485,0,29
CD_CH_BT,BU,0.0,0.0,0.0,0,29
CD_CH_BT,BT,1.0548125496666667,1.3606356035368674,1.131256385505241,0,29
CD_CH_BT,PV,0.0,0.0,0.0,0,29
CD_CH_BT,EL,0.0,0.0,0.0,0,29
CD_CH_BT,CD,4.5457e-5,0.2613857804408084,0.1258142902707332,0,36
CD_CH_BT,DP,0.0,0.0,0.0,0,36
CD_CH_BT,CA,0.0,0.0,0.0,0,36
CD_CH_BT,PC,0.0,0.0,0.0,0,36
CD_CH_BT,CS,0.0,0.0,0.0,0,36
CD_CH_BT,CH,0.05677727533333334,0.7653580572274292,1.5535686556159485,0,36
CD_CH_BT,BU,0.0,0.0,0.0,0,36
CD_CH_BT,BT,0.7836105823333334,1.3707434736952295,1.1282018107227854,0,36
CD_CH_BT,PV,0.0,0.0,0.0,0,36
CD_CH_BT,EL,0.0,0.0,0.0,0,36
CD_CH_BU,CD,0.0018333330000000001,0.001833333,2.2312696630763803e-19,0,1
CD_CH_BU,DP,0.0,0.0,0.0,0,1
CD_CH_BU,CA,0.0,0.0,0.0,0,1
CD_CH_BU,PC,0.0,0.0,0.0,0,1
CD_CH_BU,CS,0.0,0.0,0.0,0,1
CD_CH_BU,CH,0.0018333330000000001,0.001833333,2.2312696630763803e-19,0,1
CD_CH_BU,BU,0.0018333330000000001,0.001833333,2.2312696630763803e-19,0,1
CD_CH_BU,BT,0.0,0.0,0.0,0,1
CD_CH_BU,PV,0.0,0.0,0.0,0,1
CD_CH_BU,EL,0.0,0.0,0.0,0,1
CD_CH_BU,CD,0.2018966666666667,0.41642961823130237,0.07337873925824878,0,2
CD_CH_BU,DP,0.0,0.0,0.0,0,2
CD_CH_BU,CA,0.0,0.0,0.0,0,2
CD_CH_BU,PC,0.0,0.0,0.0,0,2
CD_CH_BU,CS,0.0,0.0,0.0,0,2
CD_CH_BU,CH,0.19766038766666663,0.0505145780079665,0.13027820005902818,0,2
CD_CH_BU,BU,0.726442987,0.4933482586724659,0.9801788467309887,0,2
CD_CH_BU,BT,0.0,0.0,0.0,0,2
CD_CH_BU,PV,0.0,0.0,0.0,0,2
CD_CH_BU,EL,0.0,0.0,0.0,0,2
CD_CH_BU,CD,0.36022978,0.42579847658272046,0.06395418836624714,0,8
CD_CH_BU,DP,0.0,0.0,0.0,0,8
CD_CH_BU,CA,0.0,0.0,0.0,0,8
CD_CH_BU,PC,0.0,0.0,0.0,0,8
CD_CH_BU,CS,0.0,0.0,0.0,0,8
CD_CH_BU,CH,0.0036371566666666666,0.011219072380394048,0.03001747276056487,0,8
CD_CH_BU,BU,0.063699736,0.25791721309529725,0.09766533672075876,0,8
CD_CH_BU,BT,0.0,0.0,0.0,0,8
CD_CH_BU,PV,0.0,0.0,0.0,0,8
CD_CH_BU,EL,0.0,0.0,0.0,0,8
CD_CH_BU,CD,0.3349684475,0.42656004362815775,0.06478984470537615,0,15
CD_CH_BU,DP,0.0,0.0,0.0,0,15
CD_CH_BU,CA,0.0,0.0,0.0,0,15
CD_CH_BU,PC,0.0,0.0,0.0,0,15
CD_CH_BU,CS,0.0,0.0,0.0,0,15
CD_CH_BU,CH,0.0426954795,0.005143065957376282,0.01793540476208927,0,15
CD_CH_BU,BU,0.3422194065,0.2510080976145035,0.09291765424906462,0,15
CD_CH_BU,BT,0.0,0.0,0.0,0,15
CD_CH_BU,PV,0.0,0.0,0.0,0,15
CD_CH_BU,EL,0.0,0.0,0.0,0,15
CD_CH_BU,CD,0.0488747875,0.4265818687598776,0.06487814134385719,0,22
CD_CH_BU,DP,0.0,0.0,0.0,0,22
CD_CH_BU,CA,0.0,0.0,0.0,0,22
CD_CH_BU,PC,0.0,0.0,0.0,0,22
CD_CH_BU,CS,0.0,0.0,0.0,0,22
CD_CH_BU,CH,0.081971931,0.004363545641589973,0.017766002531502168,0,22
CD_CH_BU,BU,0.677653281,0.24929627843954863,0.09312127438123584,0,22
CD_CH_BU,BT,0.0,0.0,0.0,0,22
CD_CH_BU,PV,0.0,0.0,0.0,0,22
CD_CH_BU,EL,0.0,0.0,0.0,0,22
CD_CH_BU,CD,0.118592449,0.4265843334521883,0.06489265465427065,0,29
CD_CH_BU,DP,0.0,0.0,0.0,0,29
CD_CH_BU,CA,0.0,0.0,0.0,0,29
CD_CH_BU,PC,0.0,0.0,0.0,0,29
CD_CH_BU,CS,0.0,0.0,0.0,0,29
CD_CH_BU,CH,0.107762089,0.004228137426787015,0.017789134154166174,0,29
CD_CH_BU,BU,0.426445451,0.24872185938001629,0.09331635423220883,0,29
CD_CH_BU,BT,0.0,0.0,0.0,0,29
CD_CH_BU,PV,0.0,0.0,0.0,0,29
CD_CH_BU,EL,0.0,0.0,0.0,0,29
CD_CH_BU,CD,0.110387225,0.4265854970236077,0.0648956043300785,0,36
CD_CH_BU,DP,0.0,0.0,0.0,0,36
CD_CH_BU,CA,0.0,0.0,0.0,0,36
CD_CH_BU,PC,0.0,0.0,0.0,0,36
CD_CH_BU,CS,0.0,0.0,0.0,0,36
CD_CH_BU,CH,0.049337649,0.004202135336537613,0.01779528380177312,0,36
CD_CH_BU,BU,0.459808442,0.24851250833276284,0.09340317259948797,0,36
CD_CH_BU,BT,0.0,0.0,0.0,0,36
CD_CH_BU,PV,0.0,0.0,0.0,0,36
CD_CH_BU,EL,0.0,0.0,0.0,0,36
CD_CH_EL,CD,0.0018333330000000001,0.001833333,2.2312696630763803e-19,0,1
CD_CH_EL,DP,0.0,0.0,0.0,0,1
CD_CH_EL,CA,0.0,0.0,0.0,0,1
CD_CH_EL,PC,0.0,0.0,0.0,0,1
CD_CH_EL,CS,0.0,0.0,0.0,0,1
CD_CH_EL,CH,0.0018333330000000001,0.001833333,2.2312696630763803e-19,0,1
CD_CH_EL,BU,0.0,0.0,0.0,0,1
CD_CH_EL,BT,0.0,0.0,0.0,0,1
CD_CH_EL,PV,0.0,0.0,0.0,0,1
CD_CH_EL,EL,0.0018333330000000001,0.001833333,2.2312696630763803e-19,0,1
CD_CH_EL,CD,0.16834927233333333,0.5012972395913138,0.0430630252717057,0,2
CD_CH_EL,DP,0.0,0.0,0.0,0,2
CD_CH_EL,CA,0.0,0.0,0.0,0,2
CD_CH_EL,PC,0.0,0.0,0.0,0,2
CD_CH_EL,CS,0.0,0.0,0.0,0,2
CD_CH_EL,CH,0.060855344,0.013757281069549845,0.015486171822741845,0,2
CD_CH_EL,BU,0.0,0.0,0.0,0,2
CD_CH_EL,BT,0.0,0.0,0.0,0,2
CD_CH_EL,PV,0.0,0.0,0.0,0,2
CD_CH_EL,EL,0.4836620626666666,0.17131838190535442,0.04460588477088892,0,2
CD_CH_EL,CD,0.21805596566666666,0.5165464365123309,0.04270028607949018,0,8
CD_CH_EL,DP,0.0,0.0,0.0,0,8
CD_CH_EL,CA,0.0,0.0,0.0,0,8
CD_CH_EL,PC,0.0,0.0,0.0,0,8
CD_CH_EL,CS,0.0,0.0,0.0,0,8
CD_CH_EL,CH,0.025167233333333334,9.344034233186907e-6,3.78319952726825e-5,0,8
CD_CH_EL,BU,0.0,0.0,0.0,0,8
CD_CH_EL,BT,0.0,0.0,0.0,0,8
CD_CH_EL,PV,0.0,0.0,0.0,0,8
CD_CH_EL,EL,0.20051015033333333,0.1690002726350618,0.026016113662412996,0,8
CD_CH_EL,CD,0.23253288066666666,0.5164886759038785,0.0426785565003732,0,15
CD_CH_EL,DP,0.0,0.0,0.0,0,15
CD_CH_EL,CA,0.0,0.0,0.0,0,15
CD_CH_EL,PC,0.0,0.0,0.0,0,15
CD_CH_EL,CS,0.0,0.0,0.0,0,15
CD_CH_EL,CH,0.045015754666666664,2.3345952660820983e-8,9.877523071027955e-8,0,15
CD_CH_EL,BU,0.0,0.0,0.0,0,15
CD_CH_EL,BT,0.0,0.0,0.0,0,15
CD_CH_EL,PV,0.0,0.0,0.0,0,15
CD_CH_EL,EL,0.19811803166666667,0.16888868936316323,0.026139268319621073,0,15
CD_CH_EL,CD,0.25194721966666667,0.5164883630796085,0.04267844465728316,0,22
CD_CH_EL,DP,0.0,0.0,0.0,0,22
CD_CH_EL,CA,0.0,0.0,0.0,0,22
CD_CH_EL,PC,0.0,0.0,0.0,0,22
CD_CH_EL,CS,0.0,0.0,0.0,0,22
CD_CH_EL,CH,0.041536376,6.099200778510854e-11,2.5872572571193003e-10,0,22
CD_CH_EL,BU,0.0,0.0,0.0,0,22
CD_CH_EL,BT,0.0,0.0,0.0,0,22
CD_CH_EL,PV,0.0,0.0,0.0,0,22
CD_CH_EL,EL,0.38088307099999996,0.1688881426655492,0.026139882446927463,0,22
CD_CH_EL,CD,0.30782207333333333,0.5164883613380546,0.042678444044222705,0,29
CD_CH_EL,DP,0.0,0.0,0.0,0,29
CD_CH_EL,CA,0.0,0.0,0.0,0,29
CD_CH_EL,PC,0.0,0.0,0.0,0,29
CD_CH_EL,CS,0.0,0.0,0.0,0,29
CD_CH_EL,CH,0.04363603633333333,1.59715278089434e-13,6.776082566053495e-13,0,29
CD_CH_EL,BU,0.0,0.0,0.0,0,29
CD_CH_EL,BT,0.0,0.0,0.0,0,29
CD_CH_EL,PV,0.0,0.0,0.0,0,29
CD_CH_EL,EL,0.2546085593333333,0.16888813976888473,0.026139885702886622,0,29
CD_CH_EL,CD,0.24681684133333334,0.516488361328123,0.04267844404075286,0,36
CD_CH_EL,DP,0.0,0.0,0.0,0,36
CD_CH_EL,CA,0.0,0.0,0.0,0,36
CD_CH_EL,PC,0.0,0.0,0.0,0,36
CD_CH_EL,CS,0.0,0.0,0.0,0,36
CD_CH_EL,CH,0.046626578999999994,4.182908193115769e-16,1.774656697433595e-15,0,36
CD_CH_EL,BU,0.0,0.0,0.0,0,36
CD_CH_EL,BT,0.0,0.0,0.0,0,36
CD_CH_EL,PV,0.0,0.0,0.0,0,36
CD_CH_EL,EL,0.25672324166666666,0.16888813975276656,0.026139885721008876,0,36
CD_CH_PV,CD,0.0018333330000000001,0.001833333,2.2312696630763803e-19,0,1
CD_CH_PV,DP,0.0,0.0,0.0,0,1
CD_CH_PV,CA,0.0,0.0,0.0,0,1
CD_CH_PV,PC,0.0,0.0,0.0,0,1
CD_CH_PV,CS,0.0,0.0,0.0,0,1
CD_CH_PV,CH,0.0018333330000000001,0.001833333,2.2312696630763803e-19,0,1
CD_CH_PV,BU,0.0,0.0,0.0,0,1
CD_CH_PV,BT,0.0,0.0,0.0,0,1
CD_CH_PV,PV,0.0018333330000000001,0.001833333,2.2312696630763803e-19,0,1
CD_CH_PV,EL,0.0,0.0,0.0,0,1
CD_CH_PV,CD,0.19292742566666665,0.4920056510557449,0.08008531075972965,0,2
CD_CH_PV,DP,0.0,0.0,0.0,0,2
CD_CH_PV,CA,0.0,0.0,0.0,0,2
CD_CH_PV,PC,0.0,0.0,0.0,0,2
CD_CH_PV,CS,0.0,0.0,0.0,0,2
CD_CH_PV,CH,0.5953792626666666,0.015178542204635508,0.032377144239799614,0,2
CD_CH_PV,BU,0.0,0.0,0.0,0,2
CD_CH_PV,BT,0.0,0.0,0.0,0,2
CD_CH_PV,PV,0.483559986,0.53970720628501,0.18745858419880887,0,2
CD_CH_PV,EL,0.0,0.0,0.0,0,2
CD_CH_PV,CD,0.00013888133333333333,0.5123925316731432,0.05656608600507008,0,8
CD_CH_PV,DP,0.0,0.0,0.0,0,8
CD_CH_PV,CA,0.0,0.0,0.0,0,8
CD_CH_PV,PC,0.0,0.0,0.0,0,8
CD_CH_PV,CS,0.0,0.0,0.0,0,8
CD_CH_PV,CH,0.41772943033333326,0.008035177818729734,0.034076080211025185,0,8
CD_CH_PV,BU,0.0,0.0,0.0,0,8
CD_CH_PV,BT,0.0,0.0,0.0,0,8
CD_CH_PV,PV,0.562064995,0.532523424553552,0.19686858014269798,0,8
CD_CH_PV,EL,0.0,0.0,0.0,0,8
CD_CH_PV,CD,0.0014068824999999999,0.5032730495709824,0.06170796972849249,0,15
CD_CH_PV,DP,0.0,0.0,0.0,0,15
CD_CH_PV,CA,0.0,0.0,0.0,0,15
CD_CH_PV,PC,0.0,0.0,0.0,0,15
CD_CH_PV,CS,0.0,0.0,0.0,0,15
CD_CH_PV,CH,0.634016403,0.008031996456838391,0.034076871845038645,0,15
CD_CH_PV,BU,0.0,0.0,0.0,0,15
CD_CH_PV,BT,0.0,0.0,0.0,0,15
CD_CH_PV,PV,0.6304100475000001,0.5467995446536238,0.18899604105327797,0,15
CD_CH_PV,EL,0.0,0.0,0.0,0,15
CD_CH_PV,CD,0.0,0.5137961565299217,0.058980223646019125,0,22
CD_CH_PV,DP,0.0,0.0,0.0,0,22
CD_CH_PV,CA,0.0,0.0,0.0,0,22
CD_CH_PV,PC,0.0,0.0,0.0,0,22
CD_CH_PV,CS,0.0,0.0,0.0,0,22
CD_CH_PV,CH,0.207872052,0.008031995762120442,0.03407687201841726,0,22
CD_CH_PV,BU,0.0,0.0,0.0,0,22
CD_CH_PV,BT,0.0,0.0,0.0,0,22
CD_CH_PV,PV,0.969127948,0.5088674818791513,0.13901304404878423,0,22
CD_CH_PV,EL,0.0,0.0,0.0,0,22
CD_CH_PV,CD,0.003992609,0.5080272485172518,0.06318493956727396,0,29
CD_CH_PV,DP,0.0,0.0,0.0,0,29
CD_CH_PV,CA,0.0,0.0,0.0,0,29
CD_CH_PV,PC,0.0,0.0,0.0,0,29
CD_CH_PV,CS,0.0,0.0,0.0,0,29
CD_CH_PV,CH,0.306825989,0.008031995761959178,0.03407687201845751,0,29
CD_CH_PV,BU,0.0,0.0,0.0,0,29
CD_CH_PV,BT,0.0,0.0,0.0,0,29
CD_CH_PV,PV,0.271981397,0.5179371278017613,0.13648874406229636,0,29
CD_CH_PV,EL,0.0,0.0,0.0,0,29
CD_CH_PV,CD,0.0,0.5082717327818194,0.057090961797726304,0,36
CD_CH_PV,DP,0.0,0.0,0.0,0,36
CD_CH_PV,CA,0.0,0.0,0.0,0,36
CD_CH_PV,PC,0.0,0.0,0.0,0,36
CD_CH_PV,CS,0.0,0.0,0.0,0,36
CD_CH_PV,CH,0.408975047,0.008031995761959142,0.034076872018457514,0,36
CD_CH_PV,BU,0.0,0.0,0.0,0,36
CD_CH_PV,BT,0.0,0.0,0.0,0,36
CD_CH_PV,PV,0.599658283,0.5409877063211463,0.19888199228710557,0,36
CD_CH_PV,EL,0.0,0.0,0.0,0,36
CD_CS_BT,CD,0.0018333330000000001,0.001833333,2.2312696630763803e-19,0,1
CD_CS_BT,DP,0.0,0.0,0.0,0,1
CD_CS_BT,CA,0.0,0.0,0.0,0,1
CD_CS_BT,PC,0.0,0.0,0.0,0,1
CD_CS_BT,CS,0.0018333330000000001,0.001833333,2.2312696630763803e-19,0,1
CD_CS_BT,CH,0.0,0.0,0.0,0,1
CD_CS_BT,BU,0.0,0.0,0.0,0,1
CD_CS_BT,BT,0.0018333330000000001,0.001833333,2.2312696630763803e-19,0,1
CD_CS_BT,PV,0.0,0.0,0.0,0,1
CD_CS_BT,EL,0.0,0.0,0.0,0,1
CD_CS_BT,CD,0.13957183333333334,0.2725207823100455,0.13453253230286036,0,2
CD_CS_BT,DP,0.0,0.0,0.0,0,2
CD_CS_BT,CA,0.0,0.0,0.0,0,2
CD_CS_BT,PC,0.0,0.0,0.0,0,2
CD_CS_BT,CS,0.017584487666666666,0.12180136185393328,0.05913368614237024,0,2
CD_CS_BT,CH,0.0,0.0,0.0,0,2
CD_CS_BT,BU,0.0,0.0,0.0,0,2
CD_CS_BT,BT,1.0745103583333333,1.240076698225276,0.8621448276427242,0,2
CD_CS_BT,PV,0.0,0.0,0.0,0,2
CD_CS_BT,EL,0.0,0.0,0.0,0,2
CD_CS_BT,CD,0.00027746966666666666,0.2801281989545779,0.147878848174051,0,8
CD_CS_BT,DP,0.0,0.0,0.0,0,8
CD_CS_BT,CA,0.0,0.0,0.0,0,8
CD_CS_BT,PC,0.0,0.0,0.0,0,8
CD_CS_BT,CS,5.6334e-5,0.12651039707904305,0.06630995771389989,0,8
CD_CS_BT,CH,0.0,0.0,0.0,0,8
CD_CS_BT,BU,0.0,0.0,0.0,0,8
CD_CS_BT,BT,0.9499328683333333,1.2701112649499242,0.9641331512038933,0,8
CD_CS_BT,PV,0.0,0.0,0.0,0,8
CD_CS_BT,EL,0.0,0.0,0.0,0,8
CD_CS_BT,CD,0.0011179900000000001,0.2794659289904471,0.1468028572348927,0,15
CD_CS_BT,DP,0.0,0.0,0.0,0,15
CD_CS_BT,CA,0.0,0.0,0.0,0,15
CD_CS_BT,PC,0.0,0.0,0.0,0,15
CD_CS_BT,CS,0.0,0.12651041536919092,0.06630994939872974,0,15
CD_CS_BT,CH,0.0,0.0,0.0,0,15
CD_CS_BT,BU,0.0,0.0,0.0,0,15
CD_CS_BT,BT,1.1667153436666668,1.285841255178311,0.9562941217359725,0,15
CD_CS_BT,PV,0.0,0.0,0.0,0,15
CD_CS_BT,EL,0.0,0.0,0.0,0,15
CD_CS_BT,CD,0.00037485,0.2793826703120919,0.14763498688788895,0,22
CD_CS_BT,DP,0.0,0.0,0.0,0,22
CD_CS_BT,CA,0.0,0.0,0.0,0,22
CD_CS_BT,PC,0.0,0.0,0.0,0,22
CD_CS_BT,CS,0.0,0.12651041536954646,0.06630994939847162,0,22
CD_CS_BT,CH,0.0,0.0,0.0,0,22
CD_CS_BT,BU,0.0,0.0,0.0,0,22
CD_CS_BT,BT,1.21717515,1.2888524256106366,0.9526788200558933,0,22
CD_CS_BT,PV,0.0,0.0,0.0,0,22
CD_CS_BT,EL,0.0,0.0,0.0,0,22
CD_CS_BT,CD,0.0,0.2817133178254252,0.14826110064840195,0,29
CD_CS_BT,DP,0.0,0.0,0.0,0,29
CD_CS_BT,CA,0.0,0.0,0.0,0,29
CD_CS_BT,PC,0.0,0.0,0.0,0,29
CD_CS_BT,CS,0.0,0.1265104153695465,0.06630994939847162,0,29
CD_CS_BT,CH,0.0,0.0,0.0,0,29
CD_CS_BT,BU,0.0,0.0,0.0,0,29
CD_CS_BT,BT,0.952199961,1.3060990314996137,0.9477338342347363,0,29
CD_CS_BT,PV,0.0,0.0,0.0,0,29
CD_CS_BT,EL,0.0,0.0,0.0,0,29
CD_CS_BT,CD,9.22925e-5,0.27417638254979415,0.14469278958766982,0,36
CD_CS_BT,DP,0.0,0.0,0.0,0,36
CD_CS_BT,CA,0.0,0.0,0.0,0,36
CD_CS_BT,PC,0.0,0.0,0.0,0,36
CD_CS_BT,CS,0.0,0.1265104153695465,0.06630994939847162,0,36
CD_CS_BT,CH,0.0,0.0,0.0,0,36
CD_CS_BT,BU,0.0,0.0,0.0,0,36
CD_CS_BT,BT,0.9471410419999999,1.2926780350580325,0.9507198021196913,0,36
CD_CS_BT,PV,0.0,0.0,0.0,0,36
CD_CS_BT,EL,0.0,0.0,0.0,0,36
CD_CS_BU,CD,0.0018333330000000001,0.001833333,2.2312696630763803e-19,0,1
CD_CS_BU,DP,0.0,0.0,0.0,0,1
CD_CS_BU,CA,0.0,0.0,0.0,0,1
CD_CS_BU,PC,0.0,0.0,0.0,0,1
CD_CS_BU,CS,0.0018333330000000001,0.001833333,2.2312696630763803e-19,0,1
CD_CS_BU,CH,0.0,0.0,0.0,0,1
CD_CS_BU,BU,0.0018333330000000001,0.001833333,2.2312696630763803e-19,0,1
CD_CS_BU,BT,0.0,0.0,0.0,0,1
CD_CS_BU,PV,0.0,0.0,0.0,0,1
CD_CS_BU,EL,0.0,0.0,0.0,0,1
CD_CS_BU,CD,0.48626584900000003,0.423743195776718,0.04826151472811502,0,2
CD_CS_BU,DP,0.0,0.0,0.0,0,2
CD_CS_BU,CA,0.0,0.0,0.0,0,2
CD_CS_BU,PC,0.0,0.0,0.0,0,2
CD_CS_BU,CS,0.037505965333333335,0.02481782472249626,0.03129243380300097,0,2
CD_CS_BU,CH,0.0,0.0,0.0,0,2
CD_CS_BU,BU,0.5099948873333334,0.5287938991814904,1.1575764993023885,0,2
CD_CS_BU,BT,0.0,0.0,0.0,0,2
CD_CS_BU,PV,0.0,0.0,0.0,0,2
CD_CS_BU,EL,0.0,0.0,0.0,0,2
CD_CS_BU,CD,0.248527706,0.4170374187186068,0.05697093932401515,0,8
CD_CS_BU,DP,0.0,0.0,0.0,0,8
CD_CS_BU,CA,0.0,0.0,0.0,0,8
CD_CS_BU,PC,0.0,0.0,0.0,0,8
CD_CS_BU,CS,0.281854269,0.019885377515300756,0.029457689801976022,0,8
CD_CS_BU,CH,0.0,0.0,0.0,0,8
CD_CS_BU,BU,0.050384708,0.47644051706319857,0.9435896592718023,0,8
CD_CS_BU,BT,0.0,0.0,0.0,0,8
CD_CS_BU,PV,0.0,0.0,0.0,0,8
CD_CS_BU,EL,0.0,0.0,0.0,0,8
CD_CS_CH,CD,0.0018333330000000001,0.001833333,2.2312696630763803e-19,0,1
CD_CS_CH,DP,0.0,0.0,0.0,0,1
CD_CS_CH,CA,0.0,0.0,0.0,0,1
CD_CS_CH,PC,0.0,0.0,0.0,0,1
CD_CS_CH,CS,0.0018333330000000001,0.001833333,2.2312696630763803e-19,0,1
CD_CS_CH,CH,0.0018333330000000001,0.001833333,2.2312696630763803e-19,0,1
CD_CS_CH,BU,0.0,0.0,0.0,0,1
CD_CS_CH,BT,0.0,0.0,0.0,0,1
CD_CS_CH,PV,0.0,0.0,0.0,0,1
CD_CS_CH,EL,0.0,0.0,0.0,0,1
CD_CS_CH,CD,0.31969154333333333,0.303894772135959,0.09438727477393527,0,2
CD_CS_CH,DP,0.0,0.0,0.0,0,2
CD_CS_CH,CA,0.0,0.0,0.0,0,2
CD_CS_CH,PC,0.0,0.0,0.0,0,2
CD_CS_CH,CS,0.035831629000000004,0.04700978160523017,0.02221634834550135,0,2
CD_CS_CH,CH,0.13654348433333333,0.0995819716925497,0.09873658479897235,0,2
CD_CS_CH,BU,0.0,0.0,0.0,0,2
CD_CS_CH,BT,0.0,0.0,0.0,0,2
CD_CS_CH,PV,0.0,0.0,0.0,0,2
CD_CS_CH,EL,0.0,0.0,0.0,0,2
CD_CS_CH,CD,0.27700911933333333,0.27220193151208555,0.12719041409627144,0,8
CD_CS_CH,DP,0.0,0.0,0.0,0,8
CD_CS_CH,CA,0.0,0.0,0.0,0,8
CD_CS_CH,PC,0.0,0.0,0.0,0,8
CD_CS_CH,CS,0.000196178,0.028209951319467505,0.03208655704896238,0,8
CD_CS_CH,CH,0.0029280463333333333,0.14391515618408648,0.18752773395177227,0,8
CD_CS_CH,BU,0.0,0.0,0.0,0,8
CD_CS_CH,BT,0.0,0.0,0.0,0,8
CD_CS_CH,PV,0.0,0.0,0.0,0,8
CD_CS_CH,EL,0.0,0.0,0.0,0,8
CD_CS_CH,CD,0.40590203,0.271748902799921,0.12707985495698754,0,15
CD_CS_CH,DP,0.0,0.0,0.0,0,15
CD_CS_CH,CA,0.0,0.0,0.0,0,15
CD_CS_CH,PC,0.0,0.0,0.0,0,15
CD_CS_CH,CS,0.010831303,0.027413835221099123,0.03232299933443301,0,15
CD_CS_CH,CH,0.0,0.14438459062959985,0.18750540737872085,0,15
CD_CS_CH,BU,0.0,0.0,0.0,0,15
CD_CS_CH,BT,0.0,0.0,0.0,0,15
CD_CS_CH,PV,0.0,0.0,0.0,0,15
CD_CS_CH,EL,0.0,0.0,0.0,0,15
CD_CS_EL,CD,0.0018333330000000001,0.001833333,2.2312696630763803e-19,0,1
CD_CS_EL,DP,0.0,0.0,0.0,0,1
CD_CS_EL,CA,0.0,0.0,0.0,0,1
CD_CS_EL,PC,0.0,0.0,0.0,0,1
CD_CS_EL,CS,0.0018333330000000001,0.001833333,2.2312696630763803e-19,0,1
CD_CS_EL,CH,0.0,0.0,0.0,0,1
CD_CS_EL,BU,0.0,0.0,0.0,0,1
CD_CS_EL,BT,0.0,0.0,0.0,0,1
CD_CS_EL,PV,0.0,0.0,0.0,0,1
CD_CS_EL,EL,0.0018333330000000001,0.001833333,2.2312696630763803e-19,0,1
CD_CS_EL,CD,0.630959146,0.5029536018765357,0.03889450901087704,0,2
CD_CS_EL,DP,0.0,0.0,0.0,0,2
CD_CS_EL,CA,0.0,0.0,0.0,0,2
CD_CS_EL,PC,0.0,0.0,0.0,0,2
CD_CS_EL,CS,0.04996606166666667,0.02188837934365856,0.024660531388573447,0,2
CD_CS_EL,CH,0.0,0.0,0.0,0,2
CD_CS_EL,BU,0.0,0.0,0.0,0,2
CD_CS_EL,BT,0.0,0.0,0.0,0,2
CD_CS_EL,PV,0.0,0.0,0.0,0,2
CD_CS_EL,EL,0.18850811133333334,0.17154410400078388,0.057545205894908386,0,2
CD_CS_EL,CD,0.34706327600000003,0.509837195813803,0.04461001731393473,0,8
CD_CS_EL,DP,0.0,0.0,0.0,0,8
CD_CS_EL,CA,0.0,0.0,0.0,0,8
CD_CS_EL,PC,0.0,0.0,0.0,0,8
CD_CS_EL,CS,0.06269276666666666,0.013692274973954774,0.026712106484105477,0,8
CD_CS_EL,CH,0.0,0.0,0.0,0,8
CD_CS_EL,BU,0.0,0.0,0.0,0,8
CD_CS_EL,BT,0.0,0.0,0.0,0,8
CD_CS_EL,PV,0.0,0.0,0.0,0,8
CD_CS_EL,EL,0.16531060833333333,0.1828483776785023,0.05353697966929179,0,8
CD_CS_EL,CD,0.38678903800000003,0.5098562349411245,0.04453897059904789,0,15
CD_CS_EL,DP,0.0,0.0,0.0,0,15
CD_CS_EL,CA,0.0,0.0,0.0,0,15
CD_CS_EL,PC,0.0,0.0,0.0,0,15
CD_CS_EL,CS,0.20861696066666666,0.013644092487018818,0.026737340891832412,0,15
CD_CS_EL,CH,0.0,0.0,0.0,0,15
CD_CS_EL,BU,0.0,0.0,0.0,0,15
CD_CS_EL,BT,0.0,0.0,0.0,0,15
CD_CS_EL,PV,0.0,0.0,0.0,0,15
CD_CS_EL,EL,0.10406066800000001,0.182956302544092,0.05344591298868249,0,15
CD_CS_EL,CD,0.5156216910000001,0.5098563779976949,0.04453843643555885,0,22
CD_CS_EL,DP,0.0,0.0,0.0,0,22
CD_CS_EL,CA,0.0,0.0,0.0,0,22
CD_CS_EL,PC,0.0,0.0,0.0,0,22
CD_CS_EL,CS,0.051086422,0.013643718861169314,0.026737542714715533,0,22
CD_CS_EL,CH,0.0,0.0,0.0,0,22
CD_CS_EL,BU,0.0,0.0,0.0,0,22
CD_CS_EL,BT,0.0,0.0,0.0,0,22
CD_CS_EL,PV,0.0,0.0,0.0,0,22
CD_CS_EL,EL,0.17305855366666667,0.18295713537806108,0.0534452248302111,0,22
CD_CS_EL,CD,0.5775891873333333,0.5098563790967453,0.04453843233178429,0,29
CD_CS_EL,DP,0.0,0.0,0.0,0,29
CD_CS_EL,CA,0.0,0.0,0.0,0,29
CD_CS_EL,PC,0.0,0.0,0.0,0,29
CD_CS_EL,CS,0.05796447433333333,0.013643715990036399,0.026737544265985052,0,29
CD_CS_EL,CH,0.0,0.0,0.0,0,29
CD_CS_EL,BU,0.0,0.0,0.0,0,29
CD_CS_EL,BT,0.0,0.0,0.0,0,29
CD_CS_EL,PV,0.0,0.0,0.0,0,29
CD_CS_EL,EL,0.09351299333333334,0.18295714177773126,0.053445219543127746,0,29
CD_CS_EL,CD,0.7714688716666668,0.5098563791051904,0.044538432300251056,0,36
CD_CS_EL,DP,0.0,0.0,0.0,0,36
CD_CS_EL,CA,0.0,0.0,0.0,0,36
CD_CS_EL,PC,0.0,0.0,0.0,0,36
CD_CS_EL,CS,0.038465929333333336,0.013643715967974715,0.026737544277904975,0,36
CD_CS_EL,CH,0.0,0.0,0.0,0,36
CD_CS_EL,BU,0.0,0.0,0.0,0,36
CD_CS_EL,BT,0.0,0.0,0.0,0,36
CD_CS_EL,PV,0.0,0.0,0.0,0,36
CD_CS_EL,EL,0.06963184366666668,0.18295714182690612,0.05344521950250204,0,36
CD_CS_PV,CD,0.0018333330000000001,0.001833333,2.2312696630763803e-19,0,1
CD_CS_PV,DP,0.0,0.0,0.0,0,1
CD_CS_PV,CA,0.0,0.0,0.0,0,1
CD_CS_PV,PC,0.0,0.0,0.0,0,1
CD_CS_PV,CS,0.0018333330000000001,0.001833333,2.2312696630763803e-19,0,1
CD_CS_PV,CH,0.0,0.0,0.0,0,1
CD_CS_PV,BU,0.0,0.0,0.0,0,1
CD_CS_PV,BT,0.0,0.0,0.0,0,1
CD_CS_PV,PV,0.0018333330000000001,0.001833333,2.2312696630763803e-19,0,1
CD_CS_PV,EL,0.0,0.0,0.0,0,1
CD_CS_PV,CD,0.8097001873333333,0.5012276562294441,0.14705890563920795,0,2
CD_CS_PV,DP,0.0,0.0,0.0,0,2
CD_CS_PV,CA,0.0,0.0,0.0,0,2
CD_CS_PV,PC,0.0,0.0,0.0,0,2
CD_CS_PV,CS,0.027053659999999997,0.016602247615722723,0.026371487665182103,0,2
CD_CS_PV,CH,0.0,0.0,0.0,0,2
CD_CS_PV,BU,0.0,0.0,0.0,0,2
CD_CS_PV,BT,0.0,0.0,0.0,0,2
CD_CS_PV,PV,0.5291128079999999,0.5696036940881517,0.2131053201754759,0,2
CD_CS_PV,EL,0.0,0.0,0.0,0,2
CD_CS_PV,CD,0.5265457809999999,0.5092165954098147,0.12395152648898741,0,8
CD_CS_PV,DP,0.0,0.0,0.0,0,8
CD_CS_PV,CA,0.0,0.0,0.0,0,8
CD_CS_PV,PC,0.0,0.0,0.0,0,8
CD_CS_PV,CS,4.1733333333333336e-5,0.02060920816926057,0.03737457508375634,0,8
CD_CS_PV,CH,0.0,0.0,0.0,0,8
CD_CS_PV,BU,0.0,0.0,0.0,0,8
CD_CS_PV,BT,0.0,0.0,0.0,0,8
CD_CS_PV,PV,0.4262791926666667,0.5438750397799389,0.162589510926266,0,8
CD_CS_PV,EL,0.0,0.0,0.0,0,8
CD_CS_PV,CD,0.19289052000000004,0.5168399403532807,0.12153823756067242,0,15
CD_CS_PV,DP,0.0,0.0,0.0,0,15
CD_CS_PV,CA,0.0,0.0,0.0,0,15
CD_CS_PV,PC,0.0,0.0,0.0,0,15
CD_CS_PV,CS,0.0,0.020609198642515626,0.03737457539009723,0,15
CD_CS_PV,CH,0.0,0.0,0.0,0,15
CD_CS_PV,BU,0.0,0.0,0.0,0,15
CD_CS_PV,BT,0.0,0.0,0.0,0,15
CD_CS_PV,PV,1.1758428133333334,0.5306140483530957,0.16303479707436044,0,15
CD_CS_PV,EL,0.0,0.0,0.0,0,15
CD_CS_PV,CD,0.297965595,0.509316011767356,0.12448261283456721,0,22
CD_CS_PV,DP,0.0,0.0,0.0,0,22
CD_CS_PV,CA,0.0,0.0,0.0,0,22
CD_CS_PV,PC,0.0,0.0,0.0,0,22
CD_CS_PV,CS,0.0,0.020609198642405967,0.03737457539002257,0,22
CD_CS_PV,CH,0.0,0.0,0.0,0,22
CD_CS_PV,BU,0.0,0.0,0.0,0,22
CD_CS_PV,BT,0.0,0.0,0.0,0,22
CD_CS_PV,PV,0.894784405,0.5409008277014311,0.16294878277471,0,22
CD_CS_PV,EL,0.0,0.0,0.0,0,22
CD_CS_PV,CD,0.2181214085,0.5141397504042284,0.11999100918931731,0,29
CD_CS_PV,DP,0.0,0.0,0.0,0,29
CD_CS_PV,CA,0.0,0.0,0.0,0,29
CD_CS_PV,PC,0.0,0.0,0.0,0,29
CD_CS_PV,CS,0.0,0.020609198642405967,0.03737457539002257,0,29
CD_CS_PV,CH,0.0,0.0,0.0,0,29
CD_CS_PV,BU,0.0,0.0,0.0,0,29
CD_CS_PV,BT,0.0,0.0,0.0,0,29
CD_CS_PV,PV,0.9292285705,0.5541637624978444,0.21237684619152822,0,29
CD_CS_PV,EL,0.0,0.0,0.0,0,29
CD_CS_PV,CD,0.3733678855,0.5077703293910634,0.12199899375467986,0,36
CD_CS_PV,DP,0.0,0.0,0.0,0,36
CD_CS_PV,CA,0.0,0.0,0.0,0,36
CD_CS_PV,PC,0.0,0.0,0.0,0,36
CD_CS_PV,CS,0.0,0.020609198642405967,0.03737457539002257,0,36
CD_CS_PV,CH,0.0,0.0,0.0,0,36
CD_CS_PV,BU,0.0,0.0,0.0,0,36
CD_CS_PV,BT,0.0,0.0,0.0,0,36
CD_CS_PV,PV,0.627165471,0.5736082379094343,0.21013503869797134,0,36
CD_CS_PV,EL,0.0,0.0,0.0,0,36
CD_DP_BT,CD,0.0018333330000000001,0.001833333,2.2312696630763803e-19,0,1
CD_DP_BT,DP,0.0018333330000000001,0.001833333,2.2312696630763803e-19,0,1
CD_DP_BT,CA,0.0,0.0,0.0,0,1
CD_DP_BT,PC,0.0,0.0,0.0,0,1
CD_DP_BT,CS,0.0,0.0,0.0,0,1
CD_DP_BT,CH,0.0,0.0,0.0,0,1
CD_DP_BT,BU,0.0,0.0,0.0,0,1
CD_DP_BT,BT,0.0018333330000000001,0.001833333,2.2312696630763803e-19,0,1
CD_DP_BT,PV,0.0,0.0,0.0,0,1
CD_DP_BT,EL,0.0,0.0,0.0,0,1
CD_DP_BT,CD,0.063412568,0.14715851921006737,0.09932798976848362,0,2
CD_DP_BT,DP,0.022229735,0.6187147398145905,0.8130599881485733,0,2
CD_DP_BT,CA,0.0,0.0,0.0,0,2
CD_DP_BT,PC,0.0,0.0,0.0,0,2
CD_DP_BT,CS,0.0,0.0,0.0,0,2
CD_DP_BT,CH,0.0,0.0,0.0,0,2
CD_DP_BT,BU,0.0,0.0,0.0,0,2
CD_DP_BT,BT,1.0540576676666666,1.0389514333830843,0.6483339675227576,0,2
CD_DP_BT,PV,0.0,0.0,0.0,0,2
CD_DP_BT,EL,0.0,0.0,0.0,0,2
CD_DP_BT,CD,0.000501066,0.1455201424952245,0.09974185770736645,0,8
CD_DP_BT,DP,0.00015171266666666667,0.6463986645795466,0.9572451192116047,0,8
CD_DP_BT,CA,0.0,0.0,0.0,0,8
CD_DP_BT,PC,0.0,0.0,0.0,0,8
CD_DP_BT,CS,0.0,0.0,0.0,0,8
CD_DP_BT,CH,0.0,0.0,0.0,0,8
CD_DP_BT,BU,0.0,0.0,0.0,0,8
CD_DP_BT,BT,0.9377472066666667,1.0395850629099028,0.651472672220678,0,8
CD_DP_BT,PV,0.0,0.0,0.0,0,8
CD_DP_BT,EL,0.0,0.0,0.0,0,8
CD_DP_BT,CD,0.00037405,0.1455201395757301,0.0997418596372589,0,15
CD_DP_BT,DP,0.001266213,0.6463986623052506,0.9572451202816921,0,15
CD_DP_BT,CA,0.0,0.0,0.0,0,15
CD_DP_BT,PC,0.0,0.0,0.0,0,15
CD_DP_BT,CS,0.0,0.0,0.0,0,15
CD_DP_BT,CH,0.0,0.0,0.0,0,15
CD_DP_BT,BU,0.0,0.0,0.0,0,15
CD_DP_BT,BT,1.16194307,1.0395850680004672,0.6514726719746786,0,15
CD_DP_BT,PV,0.0,0.0,0.0,0,15
CD_DP_BT,EL,0.0,0.0,0.0,0,15
CD_DP_BT,CD,0.0001160165,0.14552013957572849,0.09974185963726005,0,22
CD_DP_BT,DP,0.000196508,0.6463986623052494,0.9572451202816927,0,22
CD_DP_BT,CA,0.0,0.0,0.0,0,22
CD_DP_BT,PC,0.0,0.0,0.0,0,22
CD_DP_BT,CS,0.0,0.0,0.0,0,22
CD_DP_BT,CH,0.0,0.0,0.0,0,22
CD_DP_BT,BU,0.0,0.0,0.0,0,22
CD_DP_BT,BT,1.164487478,1.0395850680004703,0.6514726719746784,0,22
CD_DP_BT,PV,0.0,0.0,0.0,0,22
CD_DP_BT,EL,0.0,0.0,0.0,0,22
CD_DP_BT,CD,0.0,0.14552013957572849,0.09974185963726005,0,29
CD_DP_BT,DP,0.0,0.6463986623052494,0.9572451202816927,0,29
CD_DP_BT,CA,0.0,0.0,0.0,0,29
CD_DP_BT,PC,0.0,0.0,0.0,0,29
CD_DP_BT,CS,0.0,0.0,0.0,0,29
CD_DP_BT,CH,0.0,0.0,0.0,0,29
CD_DP_BT,BU,0.0,0.0,0.0,0,29
CD_DP_BT,BT,1.019500042,1.0395850680004703,0.6514726719746784,0,29
CD_DP_BT,PV,0.0,0.0,0.0,0,29
CD_DP_BT,EL,0.0,0.0,0.0,0,29
CD_DP_BT,CD,0.000186643,0.14552013957572849,0.09974185963726005,0,36
CD_DP_BT,DP,0.0,0.6463986623052494,0.9572451202816927,0,36
CD_DP_BT,CA,0.0,0.0,0.0,0,36
CD_DP_BT,PC,0.0,0.0,0.0,0,36
CD_DP_BT,CS,0.0,0.0,0.0,0,36
CD_DP_BT,CH,0.0,0.0,0.0,0,36
CD_DP_BT,BU,0.0,0.0,0.0,0,36
CD_DP_BT,BT,0.935396695,1.0395850680004703,0.6514726719746784,0,36
CD_DP_BT,PV,0.0,0.0,0.0,0,36
CD_DP_BT,EL,0.0,0.0,0.0,0,36
CD_DP_BU,CD,0.0018333330000000001,0.001833333,2.2312696630763803e-19,0,1
CD_DP_BU,DP,0.0018333330000000001,0.001833333,2.2312696630763803e-19,0,1
CD_DP_BU,CA,0.0,0.0,0.0,0,1
CD_DP_BU,PC,0.0,0.0,0.0,0,1
CD_DP_BU,CS,0.0,0.0,0.0,0,1
CD_DP_BU,CH,0.0,0.0,0.0,0,1
CD_DP_BU,BU,0.0018333330000000001,0.001833333,2.2312696630763803e-19,0,1
CD_DP_BU,BT,0.0,0.0,0.0,0,1
CD_DP_BU,PV,0.0,0.0,0.0,0,1
CD_DP_BU,EL,0.0,0.0,0.0,0,1
CD_DP_BU,CD,0.4205312943333334,0.44529030611229586,0.10746662491880392,0,2
CD_DP_BU,DP,0.14350399700000002,0.1798733637646202,0.17227182763826296,0,2
CD_DP_BU,CA,0.0,0.0,0.0,0,2
CD_DP_BU,PC,0.0,0.0,0.0,0,2
CD_DP_BU,CS,0.0,0.0,0.0,0,2
CD_DP_BU,CH,0.0,0.0,0.0,0,2
CD_DP_BU,BU,0.5910313933333333,0.4181983813858566,0.8382703901518256,0,2
CD_DP_BU,BT,0.0,0.0,0.0,0,2
CD_DP_BU,PV,0.0,0.0,0.0,0,2
CD_DP_BU,EL,0.0,0.0,0.0,0,2
CD_DP_BU,CD,0.18516150850000002,0.44618733766594176,0.10618751275702969,0,8
CD_DP_BU,DP,0.2046754005,0.16775831303871913,0.1792497284577921,0,8
CD_DP_BU,CA,0.0,0.0,0.0,0,8
CD_DP_BU,PC,0.0,0.0,0.0,0,8
CD_DP_BU,CS,0.0,0.0,0.0,0,8
CD_DP_BU,CH,0.0,0.0,0.0,0,8
CD_DP_BU,BU,0.0571797525,0.23517699708924,0.12614005665631894,0,8
CD_DP_BU,BT,0.0,0.0,0.0,0,8
CD_DP_BU,PV,0.0,0.0,0.0,0,8
CD_DP_BU,EL,0.0,0.0,0.0,0,8
CD_DP_BU,CD,0.0009821155,0.446542223282423,0.10583106731522518,0,15
CD_DP_BU,DP,0.6115423565,0.1670795687884223,0.17929116716658944,0,15
CD_DP_BU,CA,0.0,0.0,0.0,0,15
CD_DP_BU,PC,0.0,0.0,0.0,0,15
CD_DP_BU,CS,0.0,0.0,0.0,0,15
CD_DP_BU,CH,0.0,0.0,0.0,0,15
CD_DP_BU,BU,0.338808861,0.2320336538462022,0.11753104177567533,0,15
CD_DP_BU,BT,0.0,0.0,0.0,0,15
CD_DP_BU,PV,0.0,0.0,0.0,0,15
CD_DP_BU,EL,0.0,0.0,0.0,0,15
CD_DP_BU,CD,0.000180158,0.4466607498059684,0.10571346613982298,0,22
CD_DP_BU,DP,0.5259194965,0.16688400059226288,0.17928187375343285,0,22
CD_DP_BU,CA,0.0,0.0,0.0,0,22
CD_DP_BU,PC,0.0,0.0,0.0,0,22
CD_DP_BU,CS,0.0,0.0,0.0,0,22
CD_DP_BU,CH,0.0,0.0,0.0,0,22
CD_DP_BU,BU,0.4516003455,0.2318646009598222,0.11710889040018155,0,22
CD_DP_BU,BT,0.0,0.0,0.0,0,22
CD_DP_BU,PV,0.0,0.0,0.0,0,22
CD_DP_BU,EL,0.0,0.0,0.0,0,22
CD_DP_BU,CD,9.65415e-5,0.44670296031981555,0.10567218816881606,0,29
CD_DP_BU,DP,0.49334946599999996,0.1668159399991621,0.17927813943766235,0,29
CD_DP_BU,CA,0.0,0.0,0.0,0,29
CD_DP_BU,PC,0.0,0.0,0.0,0,29
CD_DP_BU,CS,0.0,0.0,0.0,0,29
CD_DP_BU,CH,0.0,0.0,0.0,0,29
CD_DP_BU,BU,0.5019540285,0.23186054985048743,0.11710534125729223,0,29
CD_DP_BU,BT,0.0,0.0,0.0,0,29
CD_DP_BU,PV,0.0,0.0,0.0,0,29
CD_DP_BU,EL,0.0,0.0,0.0,0,29
CD_DP_BU,CD,8.25285e-5,0.4467182115817917,0.1056573749322826,0,36
CD_DP_BU,DP,0.44088364150000003,0.16679137899336083,0.17927691817743893,0,36
CD_DP_BU,CA,0.0,0.0,0.0,0,36
CD_DP_BU,PC,0.0,0.0,0.0,0,36
CD_DP_BU,CS,0.0,0.0,0.0,0,36
CD_DP_BU,CH,0.0,0.0,0.0,0,36
CD_DP_BU,BU,0.4612671775,0.231860235863865,0.11710705097510696,0,36
CD_DP_BU,BT,0.0,0.0,0.0,0,36
CD_DP_BU,PV,0.0,0.0,0.0,0,36
CD_DP_BU,EL,0.0,0.0,0.0,0,36
CD_DP_CA,CD,0.0018333330000000001,0.001833333,2.2312696630763803e-19,0,1
CD_DP_CA,DP,0.0018333330000000001,0.001833333,2.2312696630763803e-19,0,1
CD_DP_CA,CA,0.0018333330000000001,0.001833333,2.2312696630763803e-19,0,1
CD_DP_CA,PC,0.0,0.0,0.0,0,1
CD_DP_CA,CS,0.0,0.0,0.0,0,1
CD_DP_CA,CH,0.0,0.0,0.0,0,1
CD_DP_CA,BU,0.0,0.0,0.0,0,1
CD_DP_CA,BT,0.0,0.0,0.0,0,1
CD_DP_CA,PV,0.0,0.0,0.0,0,1
CD_DP_CA,EL,0.0,0.0,0.0,0,1
CD_DP_CA,CD,0.33363458333333335,0.4175504736358774,0.28223076545381676,0,2
CD_DP_CA,DP,0.141408553,0.21432972688464028,0.159781539359205,0,2
CD_DP_CA,CA,0.13929021033333333,0.5670944445461813,2.0735344844155783,0,2
CD_DP_CA,PC,0.0,0.0,0.0,0,2
CD_DP_CA,CS,0.0,0.0,0.0,0,2
CD_DP_CA,CH,0.0,0.0,0.0,0,2
CD_DP_CA,BU,0.0,0.0,0.0,0,2
CD_DP_CA,BT,0.0,0.0,0.0,0,2
CD_DP_CA,PV,0.0,0.0,0.0,0,2
CD_DP_CA,EL,0.0,0.0,0.0,0,2
CD_DP_CA,CD,0.1896960666666667,0.35284797622869335,0.09552300263815784,0,8
CD_DP_CA,DP,0.22312205833333332,0.22593245346807547,0.18590368615058533,0,8
CD_DP_CA,CA,0.011181885,0.07351976895744816,0.057861857605753,0,8
CD_DP_CA,PC,0.0,0.0,0.0,0,8
CD_DP_CA,CS,0.0,0.0,0.0,0,8
CD_DP_CA,CH,0.0,0.0,0.0,0,8
CD_DP_CA,BU,0.0,0.0,0.0,0,8
CD_DP_CA,BT,0.0,0.0,0.0,0,8
CD_DP_CA,PV,0.0,0.0,0.0,0,8
CD_DP_CA,EL,0.0,0.0,0.0,0,8
CD_DP_CA,CD,0.15891819133333332,0.3530554876638988,0.095486311811689,0,15
CD_DP_CA,DP,0.407642464,0.22546883656987937,0.18606090130180888,0,15
CD_DP_CA,CA,0.0006393449999999999,0.07307211083922355,0.05687959851974628,0,15
CD_DP_CA,PC,0.0,0.0,0.0,0,15
CD_DP_CA,CS,0.0,0.0,0.0,0,15
CD_DP_CA,CH,0.0,0.0,0.0,0,15
CD_DP_CA,BU,0.0,0.0,0.0,0,15
CD_DP_CA,BT,0.0,0.0,0.0,0,15
CD_DP_CA,PV,0.0,0.0,0.0,0,15
CD_DP_CA,EL,0.0,0.0,0.0,0,15
CD_DP_CA,CD,0.30469798833333334,0.35310011019343107,0.09547948083927653,0,22
CD_DP_CA,DP,0.27449617733333337,0.22536902630246233,0.1860974496429084,0,22
CD_DP_CA,CA,0.04280583600000001,0.07297631006241351,0.05667544588597457,0,22
CD_DP_CA,PC,0.0,0.0,0.0,0,22
CD_DP_CA,CS,0.0,0.0,0.0,0,22
CD_DP_CA,CH,0.0,0.0,0.0,0,22
CD_DP_CA,BU,0.0,0.0,0.0,0,22
CD_DP_CA,BT,0.0,0.0,0.0,0,22
CD_DP_CA,PV,0.0,0.0,0.0,0,22
CD_DP_CA,EL,0.0,0.0,0.0,0,22
CD_DP_CA,CD,0.3961740616666667,0.3531101283309386,0.09547799875979801,0,29
CD_DP_CA,DP,0.19752541999999998,0.22534661254175445,0.18610578856706367,0,29
CD_DP_CA,CA,0.02963385866666667,0.07295482505954373,0.05662996052179821,0,29
CD_DP_CA,PC,0.0,0.0,0.0,0,29
CD_DP_CA,CS,0.0,0.0,0.0,0,29
CD_DP_CA,CH,0.0,0.0,0.0,0,29
CD_DP_CA,BU,0.0,0.0,0.0,0,29
CD_DP_CA,BT,0.0,0.0,0.0,0,29
CD_DP_CA,PV,0.0,0.0,0.0,0,29
CD_DP_CA,EL,0.0,0.0,0.0,0,29
CD_DP_CA,CD,0.102580151,0.3531123991348619,0.09547766544520397,0,36
CD_DP_CA,DP,0.3691244066666666,0.22534153175122087,0.1861076855525264,0,36
CD_DP_CA,CA,0.004162122666666666,0.07294995625458416,0.05661966821339433,0,36
CD_DP_CA,PC,0.0,0.0,0.0,0,36
CD_DP_CA,CS,0.0,0.0,0.0,0,36
CD_DP_CA,CH,0.0,0.0,0.0,0,36
CD_DP_CA,BU,0.0,0.0,0.0,0,36
CD_DP_CA,BT,0.0,0.0,0.0,0,36
CD_DP_CA,PV,0.0,0.0,0.0,0,36
CD_DP_CA,EL,0.0,0.0,0.0,0,36
CD_DP_CH,CD,0.0018333330000000001,0.001833333,2.2312696630763803e-19,0,1
CD_DP_CH,DP,0.0018333330000000001,0.001833333,2.2312696630763803e-19,0,1
CD_DP_CH,CA,0.0,0.0,0.0,0,1
CD_DP_CH,PC,0.0,0.0,0.0,0,1
CD_DP_CH,CS,0.0,0.0,0.0,0,1
CD_DP_CH,CH,0.0018333330000000001,0.001833333,2.2312696630763803e-19,0,1
CD_DP_CH,BU,0.0,0.0,0.0,0,1
CD_DP_CH,BT,0.0,0.0,0.0,0,1
CD_DP_CH,PV,0.0,0.0,0.0,0,1
CD_DP_CH,EL,0.0,0.0,0.0,0,1
CD_DP_CH,CD,0.2034449163333333,0.276829778763045,0.12595591920953256,0,2
CD_DP_CH,DP,0.33838496633333337,0.3094294246310846,0.16951325428410985,0,2
CD_DP_CH,CA,0.0,0.0,0.0,0,2
CD_DP_CH,PC,0.0,0.0,0.0,0,2
CD_DP_CH,CS,0.0,0.0,0.0,0,2
CD_DP_CH,CH,0.14260345300000002,0.1137419294038559,0.14129025772702963,0,2
CD_DP_CH,BU,0.0,0.0,0.0,0,2
CD_DP_CH,BT,0.0,0.0,0.0,0,2
CD_DP_CH,PV,0.0,0.0,0.0,0,2
CD_DP_CH,EL,0.0,0.0,0.0,0,2
CD_DP_CH,CD,0.14454513266666666,0.2596986787415765,0.12371032301307948,0,8
CD_DP_CH,DP,0.285607724,0.3331822457926148,0.20683207506408932,0,8
CD_DP_CH,CA,0.0,0.0,0.0,0,8
CD_DP_CH,PC,0.0,0.0,0.0,0,8
CD_DP_CH,CS,0.0,0.0,0.0,0,8
CD_DP_CH,CH,4.7166666666666663e-5,0.1130771968869629,0.1965322395487758,0,8
CD_DP_CH,BU,0.0,0.0,0.0,0,8
CD_DP_CH,BT,0.0,0.0,0.0,0,8
CD_DP_CH,PV,0.0,0.0,0.0,0,8
CD_DP_CH,EL,0.0,0.0,0.0,0,8
CD_DP_CH,CD,0.11927728766666668,0.2595653564121041,0.12368612843760655,0,15
CD_DP_CH,DP,0.29085180833333335,0.33194681885027166,0.2085209258721897,0,15
CD_DP_CH,CA,0.0,0.0,0.0,0,15
CD_DP_CH,PC,0.0,0.0,0.0,0,15
CD_DP_CH,CS,0.0,0.0,0.0,0,15
CD_DP_CH,CH,3.757066666666667e-5,0.11075631471668285,0.19733991055294042,0,15
CD_DP_CH,BU,0.0,0.0,0.0,0,15
CD_DP_CH,BT,0.0,0.0,0.0,0,15
CD_DP_CH,PV,0.0,0.0,0.0,0,15
CD_DP_CH,EL,0.0,0.0,0.0,0,15
CD_DP_CH,CD,0.35325168599999995,0.25953588855863186,0.12368536909893348,0,22
CD_DP_CH,DP,0.341128114,0.33160676439981845,0.20899988893265253,0,22
CD_DP_CH,CA,0.0,0.0,0.0,0,22
CD_DP_CH,PC,0.0,0.0,0.0,0,22
CD_DP_CH,CS,0.0,0.0,0.0,0,22
CD_DP_CH,CH,5.353333333333333e-5,0.10988599160864311,0.1977617305590637,0,22
CD_DP_CH,BU,0.0,0.0,0.0,0,22
CD_DP_CH,BT,0.0,0.0,0.0,0,22
CD_DP_CH,PV,0.0,0.0,0.0,0,22
CD_DP_CH,EL,0.0,0.0,0.0,0,22
CD_DP_CH,CD,0.293949362,0.2595193959162412,0.12368519304371464,0,29
CD_DP_CH,DP,0.201878974,0.3315404203498098,0.2090944538734035,0,29
CD_DP_CH,CA,0.0,0.0,0.0,0,29
CD_DP_CH,PC,0.0,0.0,0.0,0,29
CD_DP_CH,CS,0.0,0.0,0.0,0,29
CD_DP_CH,CH,7.1684e-5,0.10952090143068333,0.19795889674618425,0,29
CD_DP_CH,BU,0.0,0.0,0.0,0,29
CD_DP_CH,BT,0.0,0.0,0.0,0,29
CD_DP_CH,PV,0.0,0.0,0.0,0,29
CD_DP_CH,EL,0.0,0.0,0.0,0,29
CD_DP_CH,CD,0.20820852766666667,0.25950750153676794,0.12368509782612888,0,36
CD_DP_CH,DP,0.616024801,0.3315832899096972,0.20903329102291351,0,36
CD_DP_CH,CA,0.0,0.0,0.0,0,36
CD_DP_CH,PC,0.0,0.0,0.0,0,36
CD_DP_CH,CS,0.0,0.0,0.0,0,36
CD_DP_CH,CH,0.0,0.1093590737672147,0.1980501038311581,0,36
CD_DP_CH,BU,0.0,0.0,0.0,0,36
CD_DP_CH,BT,0.0,0.0,0.0,0,36
CD_DP_CH,PV,0.0,0.0,0.0,0,36
CD_DP_CH,EL,0.0,0.0,0.0,0,36
CD_DP_CS,CD,0.0018333330000000001,0.001833333,2.2312696630763803e-19,0,1
CD_DP_CS,DP,0.0018333330000000001,0.001833333,2.2312696630763803e-19,0,1
CD_DP_CS,CA,0.0,0.0,0.0,0,1
CD_DP_CS,PC,0.0,0.0,0.0,0,1
CD_DP_CS,CS,0.0018333330000000001,0.001833333,2.2312696630763803e-19,0,1
CD_DP_CS,CH,0.0,0.0,0.0,0,1
CD_DP_CS,BU,0.0,0.0,0.0,0,1
CD_DP_CS,BT,0.0,0.0,0.0,0,1
CD_DP_CS,PV,0.0,0.0,0.0,0,1
CD_DP_CS,EL,0.0,0.0,0.0,0,1
CD_DP_CS,CD,0.32560402066666666,0.30429995095252393,0.0947761351229844,0,2
CD_DP_CS,DP,0.16884727900000004,0.2726684386938766,0.14527153779155944,0,2
CD_DP_CS,CA,0.0,0.0,0.0,0,2
CD_DP_CS,PC,0.0,0.0,0.0,0,2
CD_DP_CS,CS,0.026948689666666664,0.05172824568090886,0.016198749872952698,0,2
CD_DP_CS,CH,0.0,0.0,0.0,0,2
CD_DP_CS,BU,0.0,0.0,0.0,0,2
CD_DP_CS,BT,0.0,0.0,0.0,0,2
CD_DP_CS,PV,0.0,0.0,0.0,0,2
CD_DP_CS,EL,0.0,0.0,0.0,0,2
CD_DP_CS,CD,0.13996783166666668,0.2413669162647888,0.11878112179523077,0,8
CD_DP_CS,DP,0.3109708133333333,0.3153028754481273,0.223319091470963,0,8
CD_DP_CS,CA,0.0,0.0,0.0,0,8
CD_DP_CS,PC,0.0,0.0,0.0,0,8
CD_DP_CS,CS,2.803333333333333e-5,0.028141391439022993,0.03042163215671636,0,8
CD_DP_CS,CH,0.0,0.0,0.0,0,8
CD_DP_CS,BU,0.0,0.0,0.0,0,8
CD_DP_CS,BT,0.0,0.0,0.0,0,8
CD_DP_CS,PV,0.0,0.0,0.0,0,8
CD_DP_CS,EL,0.0,0.0,0.0,0,8
CD_DP_CS,CD,0.13561860066666667,0.23844279157373396,0.11779587755830033,0,15
CD_DP_CS,DP,0.3733569666666667,0.32126082867954164,0.21759661447984238,0,15
CD_DP_CS,CA,0.0,0.0,0.0,0,15
CD_DP_CS,PC,0.0,0.0,0.0,0,15
CD_DP_CS,CS,9.1114e-5,0.02574643426673967,0.031086005741773143,0,15
CD_DP_CS,CH,0.0,0.0,0.0,0,15
CD_DP_CS,BU,0.0,0.0,0.0,0,15
CD_DP_CS,BT,0.0,0.0,0.0,0,15
CD_DP_CS,PV,0.0,0.0,0.0,0,15
CD_DP_CS,EL,0.0,0.0,0.0,0,15
CD_DP_CS,CD,0.18325781100000002,0.23757182962268017,0.11747518405077857,0,22
CD_DP_CS,DP,0.46134218899999996,0.3255322343732574,0.21351772618583356,0,22
CD_DP_CS,CA,0.0,0.0,0.0,0,22
CD_DP_CS,PC,0.0,0.0,0.0,0,22
CD_DP_CS,CS,0.0,0.024719006571916474,0.03108778739801771,0,22
CD_DP_CS,CH,0.0,0.0,0.0,0,22
CD_DP_CS,BU,0.0,0.0,0.0,0,22
CD_DP_CS,BT,0.0,0.0,0.0,0,22
CD_DP_CS,PV,0.0,0.0,0.0,0,22
CD_DP_CS,EL,0.0,0.0,0.0,0,22
CD_DP_CS,CD,0.36044482099999997,0.23706387321878417,0.11728065699914056,0,29
CD_DP_CS,DP,0.20489932,0.3292015675679132,0.20999521078190914,0,29
CD_DP_CS,CA,0.0,0.0,0.0,0,29
CD_DP_CS,PC,0.0,0.0,0.0,0,29
CD_DP_CS,CS,2.2533333333333333e-5,0.023963049073517526,0.031019787122179013,0,29
CD_DP_CS,CH,0.0,0.0,0.0,0,29
CD_DP_CS,BU,0.0,0.0,0.0,0,29
CD_DP_CS,BT,0.0,0.0,0.0,0,29
CD_DP_CS,PV,0.0,0.0,0.0,0,29
CD_DP_CS,EL,0.0,0.0,0.0,0,29
CD_DP_CS,CD,0.20752210933333334,0.23667205949737546,0.11713156763654388,0,36
CD_DP_CS,DP,0.469977895,0.3324721309092239,0.20696491910039524,0,36
CD_DP_CS,CA,0.0,0.0,0.0,0,36
CD_DP_CS,PC,0.0,0.0,0.0,0,36
CD_DP_CS,CS,0.0,0.023319426364765763,0.030983355275279498,0,36
CD_DP_CS,CH,0.0,0.0,0.0,0,36
CD_DP_CS,BU,0.0,0.0,0.0,0,36
CD_DP_CS,BT,0.0,0.0,0.0,0,36
CD_DP_CS,PV,0.0,0.0,0.0,0,36
CD_DP_CS,EL,0.0,0.0,0.0,0,36
CD_DP_EL,CD,0.0018333330000000001,0.001833333,2.2312696630763803e-19,0,1
CD_DP_EL,DP,0.0018333330000000001,0.001833333,2.2312696630763803e-19,0,1
CD_DP_EL,CA,0.0,0.0,0.0,0,1
CD_DP_EL,PC,0.0,0.0,0.0,0,1
CD_DP_EL,CS,0.0,0.0,0.0,0,1
CD_DP_EL,CH,0.0,0.0,0.0,0,1
CD_DP_EL,BU,0.0,0.0,0.0,0,1
CD_DP_EL,BT,0.0,0.0,0.0,0,1
CD_DP_EL,PV,0.0,0.0,0.0,0,1
CD_DP_EL,EL,0.0018333330000000001,0.001833333,2.2312696630763803e-19,0,1
CD_DP_EL,CD,0.6834392296666666,0.4875742750253182,0.13015017446823457,0,2
CD_DP_EL,DP,0.27952499799999997,0.17076039028968804,0.1757822462299966,0,2
CD_DP_EL,CA,0.0,0.0,0.0,0,2
CD_DP_EL,PC,0.0,0.0,0.0,0,2
CD_DP_EL,CS,0.0,0.0,0.0,0,2
CD_DP_EL,CH,0.0,0.0,0.0,0,2
CD_DP_EL,BU,0.0,0.0,0.0,0,2
CD_DP_EL,BT,0.0,0.0,0.0,0,2
CD_DP_EL,PV,0.0,0.0,0.0,0,2
CD_DP_EL,EL,0.23113578966666667,0.14826593554121015,0.04721362118192222,0,2
CD_DP_EL,CD,0.15835317699999998,0.48806554407989977,0.12934317223155634,0,8
CD_DP_EL,DP,0.2306408075,0.15271908722286343,0.18582064685113533,0,8
CD_DP_EL,CA,0.0,0.0,0.0,0,8
CD_DP_EL,PC,0.0,0.0,0.0,0,8
CD_DP_EL,CS,0.0,0.0,0.0,0,8
CD_DP_EL,CH,0.0,0.0,0.0,0,8
CD_DP_EL,BU,0.0,0.0,0.0,0,8
CD_DP_EL,BT,0.0,0.0,0.0,0,8
CD_DP_EL,PV,0.0,0.0,0.0,0,8
CD_DP_EL,EL,0.0471726795,0.13716412496485247,0.02664474343181477,0,8
CD_DP_EL,CD,0.004225618,0.48798268817086243,0.129312761217886,0,15
CD_DP_EL,DP,0.237356072,0.15266003912956805,0.18587130981314867,0,15
CD_DP_EL,CA,0.0,0.0,0.0,0,15
CD_DP_EL,PC,0.0,0.0,0.0,0,15
CD_DP_EL,CS,0.0,0.0,0.0,0,15
CD_DP_EL,CH,0.0,0.0,0.0,0,15
CD_DP_EL,BU,0.0,0.0,0.0,0,15
CD_DP_EL,BT,0.0,0.0,0.0,0,15
CD_DP_EL,PV,0.0,0.0,0.0,0,15
CD_DP_EL,EL,0.014351643,0.1369674932924442,0.026604931717523428,0,15
CD_DP_EL,CD,0.372717304,0.4879817105459461,0.129312416372527,0,22
CD_DP_EL,DP,0.280695576,0.1526594274422768,0.18587184165320217,0,22
CD_DP_EL,CA,0.0,0.0,0.0,0,22
CD_DP_EL,PC,0.0,0.0,0.0,0,22
CD_DP_EL,CS,0.0,0.0,0.0,0,22
CD_DP_EL,CH,0.0,0.0,0.0,0,22
CD_DP_EL,BU,0.0,0.0,0.0,0,22
CD_DP_EL,BT,0.0,0.0,0.0,0,22
CD_DP_EL,PV,0.0,0.0,0.0,0,22
CD_DP_EL,EL,0.24218712,0.13696523848783004,0.02660455280816344,0,22
CD_DP_EL,CD,0.391794312,0.48798169993316975,0.1293124126278995,0,29
CD_DP_EL,DP,0.213225999,0.1526594206763541,0.1858718475370207,0,29
CD_DP_EL,CA,0.0,0.0,0.0,0,29
CD_DP_EL,PC,0.0,0.0,0.0,0,29
CD_DP_EL,CS,0.0,0.0,0.0,0,29
CD_DP_EL,CH,0.0,0.0,0.0,0,29
CD_DP_EL,BU,0.0,0.0,0.0,0,29
CD_DP_EL,BT,0.0,0.0,0.0,0,29
CD_DP_EL,PV,0.0,0.0,0.0,0,29
CD_DP_EL,EL,0.150679706,0.13696521386742377,0.026604548677574263,0,29
CD_DP_EL,CD,0.351993698,0.48798169982302064,0.1293124125889756,0,36
CD_DP_EL,DP,0.219461658,0.15265942060104506,0.18587184760251158,0,36
CD_DP_EL,CA,0.0,0.0,0.0,0,36
CD_DP_EL,PC,0.0,0.0,0.0,0,36
CD_DP_EL,CS,0.0,0.0,0.0,0,36
CD_DP_EL,CH,0.0,0.0,0.0,0,36
CD_DP_EL,BU,0.0,0.0,0.0,0,36
CD_DP_EL,BT,0.0,0.0,0.0,0,36
CD_DP_EL,PV,0.0,0.0,0.0,0,36
CD_DP_EL,EL,0.055577952,0.13696521360611372,0.026604548633684874,0,36
CD_DP_PC,CD,0.0018333330000000001,0.001833333,2.2312696630763803e-19,0,1
CD_DP_PC,DP,0.0018333330000000001,0.001833333,2.2312696630763803e-19,0,1
CD_DP_PC,CA,0.0,0.0,0.0,0,1
CD_DP_PC,PC,0.0018333330000000001,0.001833333,2.2312696630763803e-19,0,1
CD_DP_PC,CS,0.0,0.0,0.0,0,1
CD_DP_PC,CH,0.0,0.0,0.0,0,1
CD_DP_PC,BU,0.0,0.0,0.0,0,1
CD_DP_PC,BT,0.0,0.0,0.0,0,1
CD_DP_PC,PV,0.0,0.0,0.0,0,1
CD_DP_PC,EL,0.0,0.0,0.0,0,1
CD_DP_PC,CD,0.446813455,0.20262897477580444,0.11332346210645929,0,2
CD_DP_PC,DP,0.160316452,0.4788130035434314,0.43845222377488025,0,2
CD_DP_PC,CA,0.0,0.0,0.0,0,2
CD_DP_PC,PC,0.035070081,0.04901872697310454,0.03433440155537532,0,2
CD_DP_PC,CS,0.0,0.0,0.0,0,2
CD_DP_PC,CH,0.0,0.0,0.0,0,2
CD_DP_PC,BU,0.0,0.0,0.0,0,2
CD_DP_PC,BT,0.0,0.0,0.0,0,2
CD_DP_PC,PV,0.0,0.0,0.0,0,2
CD_DP_PC,EL,0.0,0.0,0.0,0,2
CD_DP_PC,CD,9.0182e-5,0.19236885983008112,0.11313147805488732,0,8
CD_DP_PC,DP,0.15974928433333332,0.6165965822186164,0.9589403065147185,0,8
CD_DP_PC,CA,0.0,0.0,0.0,0,8
CD_DP_PC,PC,0.009627198,0.029646844710521383,0.040960552603072756,0,8
CD_DP_PC,CS,0.0,0.0,0.0,0,8
CD_DP_PC,CH,0.0,0.0,0.0,0,8
CD_DP_PC,BU,0.0,0.0,0.0,0,8
CD_DP_PC,BT,0.0,0.0,0.0,0,8
CD_DP_PC,PV,0.0,0.0,0.0,0,8
CD_DP_PC,EL,0.0,0.0,0.0,0,8
CD_DP_PC,CD,7.317033333333333e-5,0.19228200282051397,0.11306693061789354,0,15
CD_DP_PC,DP,0.20849348600000003,0.616903481252326,0.9588320857073106,0,15
CD_DP_PC,CA,0.0,0.0,0.0,0,15
CD_DP_PC,PC,0.0,0.029350157913401058,0.04117520201658385,0,15
CD_DP_PC,CS,0.0,0.0,0.0,0,15
CD_DP_PC,CH,0.0,0.0,0.0,0,15
CD_DP_PC,BU,0.0,0.0,0.0,0,15
CD_DP_PC,BT,0.0,0.0,0.0,0,15
CD_DP_PC,PV,0.0,0.0,0.0,0,15
CD_DP_PC,EL,0.0,0.0,0.0,0,15
CD_DP_PC,CD,9.709366666666667e-5,0.1922790744188899,0.11306476640784446,0,22
CD_DP_PC,DP,0.26456212966666665,0.6169219896567754,0.9588256172139634,0,22
CD_DP_PC,CA,0.0,0.0,0.0,0,22
CD_DP_PC,PC,7.433333333333333e-6,0.029340360447652123,0.04118257767731502,0,22
CD_DP_PC,CS,0.0,0.0,0.0,0,22
CD_DP_PC,CH,0.0,0.0,0.0,0,22
CD_DP_PC,BU,0.0,0.0,0.0,0,22
CD_DP_PC,BT,0.0,0.0,0.0,0,22
CD_DP_PC,PV,0.0,0.0,0.0,0,22
CD_DP_PC,EL,0.0,0.0,0.0,0,22
CD_DP_PC,CD,6.838233333333333e-5,0.1922789480671203,0.11306467336418108,0,29
CD_DP_PC,DP,0.14109828566666668,0.6169228974751575,0.9588252969492794,0,29
CD_DP_PC,CA,0.0,0.0,0.0,0,29
CD_DP_PC,PC,0.0,0.029339983316037117,0.04118286213600743,0,29
CD_DP_PC,CS,0.0,0.0,0.0,0,29
CD_DP_PC,CH,0.0,0.0,0.0,0,29
CD_DP_PC,BU,0.0,0.0,0.0,0,29
CD_DP_PC,BT,0.0,0.0,0.0,0,29
CD_DP_PC,PV,0.0,0.0,0.0,0,29
CD_DP_PC,EL,0.0,0.0,0.0,0,29
CD_DP_PC,CD,3.698833333333333e-5,0.19227894260855785,0.11306466935193385,0,36
CD_DP_PC,DP,0.22656300799999998,0.616922938616821,0.9588252823720524,0,36
CD_DP_PC,CA,0.0,0.0,0.0,0,36
CD_DP_PC,PC,0.0,0.029339968140113422,0.04118287358375139,0,36
CD_DP_PC,CS,0.0,0.0,0.0,0,36
CD_DP_PC,CH,0.0,0.0,0.0,0,36
CD_DP_PC,BU,0.0,0.0,0.0,0,36
CD_DP_PC,BT,0.0,0.0,0.0,0,36
CD_DP_PC,PV,0.0,0.0,0.0,0,36
CD_DP_PC,EL,0.0,0.0,0.0,0,36
CD_DP_PV,CD,0.0018333330000000001,0.001833333,2.2312696630763803e-19,0,1
CD_DP_PV,DP,0.0018333330000000001,0.001833333,2.2312696630763803e-19,0,1
CD_DP_PV,CA,0.0,0.0,0.0,0,1
CD_DP_PV,PC,0.0,0.0,0.0,0,1
CD_DP_PV,CS,0.0,0.0,0.0,0,1
CD_DP_PV,CH,0.0,0.0,0.0,0,1
CD_DP_PV,BU,0.0,0.0,0.0,0,1
CD_DP_PV,BT,0.0,0.0,0.0,0,1
CD_DP_PV,PV,0.0018333330000000001,0.001833333,2.2312696630763803e-19,0,1
CD_DP_PV,EL,0.0,0.0,0.0,0,1
CD_DP_PV,CD,0.48101326133333333,0.4147952652526216,0.21227877907400028,0,2
CD_DP_PV,DP,0.02553496566666667,0.13150644489808672,0.15837972356138666,0,2
CD_DP_PV,CA,0.0,0.0,0.0,0,2
CD_DP_PV,PC,0.0,0.0,0.0,0,2
CD_DP_PV,CS,0.0,0.0,0.0,0,2
CD_DP_PV,CH,0.0,0.0,0.0,0,2
CD_DP_PV,BU,0.0,0.0,0.0,0,2
CD_DP_PV,BT,0.0,0.0,0.0,0,2
CD_DP_PV,PV,0.6386184433333333,0.3823817428911349,0.24914937751209706,0,2
CD_DP_PV,EL,0.0,0.0,0.0,0,2
CD_DP_PV,CD,0.00019779966666666666,0.417096536001597,0.211670338453724,0,8
CD_DP_PV,DP,0.0010025696666666666,0.11070712365329996,0.16962431904850972,0,8
CD_DP_PV,CA,0.0,0.0,0.0,0,8
CD_DP_PV,PC,0.0,0.0,0.0,0,8
CD_DP_PV,CS,0.0,0.0,0.0,0,8
CD_DP_PV,CH,0.0,0.0,0.0,0,8
CD_DP_PV,BU,0.0,0.0,0.0,0,8
CD_DP_PV,BT,0.0,0.0,0.0,0,8
CD_DP_PV,PV,1.0241662993333334,0.38039535539717245,0.24707793991899774,0,8
CD_DP_PV,EL,0.0,0.0,0.0,0,8
CD_DP_PV,CD,0.00046832933333333334,0.4166852456301515,0.21144127508986124,0,15
CD_DP_PV,DP,0.00030468966666666666,0.10994271405433637,0.17011675874841864,0,15
CD_DP_PV,CA,0.0,0.0,0.0,0,15
CD_DP_PV,PC,0.0,0.0,0.0,0,15
CD_DP_PV,CS,0.0,0.0,0.0,0,15
CD_DP_PV,CH,0.0,0.0,0.0,0,15
CD_DP_PV,BU,0.0,0.0,0.0,0,15
CD_DP_PV,BT,0.0,0.0,0.0,0,15
CD_DP_PV,PV,1.3017936476666667,0.38028822974049376,0.24699867499417388,0,15
CD_DP_PV,EL,0.0,0.0,0.0,0,15
CD_DP_PV,CD,0.00021035500000000001,0.4165685081765344,0.21137703336184463,0,22
CD_DP_PV,DP,9.5065e-5,0.10972549362182261,0.1702607842539815,0,22
CD_DP_PV,CA,0.0,0.0,0.0,0,22
CD_DP_PV,PC,0.0,0.0,0.0,0,22
CD_DP_PV,CS,0.0,0.0,0.0,0,22
CD_DP_PV,CH,0.0,0.0,0.0,0,22
CD_DP_PV,BU,0.0,0.0,0.0,0,22
CD_DP_PV,BT,0.0,0.0,0.0,0,22
CD_DP_PV,PV,1.1896445805,0.38025768246457464,0.2469762954357923,0,22
CD_DP_PV,EL,0.0,0.0,0.0,0,22
CD_DP_PV,CD,0.000174223,0.4165188209408562,0.21134976552173637,0,29
CD_DP_PV,DP,0.0,0.10962745364836754,0.1703265835036211,0,29
CD_DP_PV,CA,0.0,0.0,0.0,0,29
CD_DP_PV,PC,0.0,0.0,0.0,0,29
CD_DP_PV,CS,0.0,0.0,0.0,0,29
CD_DP_PV,CH,0.0,0.0,0.0,0,29
CD_DP_PV,BU,0.0,0.0,0.0,0,29
CD_DP_PV,BT,0.0,0.0,0.0,0,29
CD_DP_PV,PV,1.047425774,0.3802462497263352,0.2469679197294766,0,29
CD_DP_PV,EL,0.0,0.0,0.0,0,29
CD_DP_PV,CD,0.0,0.41649310490861213,0.21133564426990795,0,36
CD_DP_PV,DP,0.0,0.10957358418251222,0.17036291815166812,0,36
CD_DP_PV,CA,0.0,0.0,0.0,0,36
CD_DP_PV,PC,0.0,0.0,0.0,0,36
CD_DP_PV,CS,0.0,0.0,0.0,0,36
CD_DP_PV,CH,0.0,0.0,0.0,0,36
CD_DP_PV,BU,0.0,0.0,0.0,0,36
CD_DP_PV,BT,0.0,0.0,0.0,0,36
CD_DP_PV,PV,1.103633359,0.38024162799577743,0.24696451933519373,0,36
CD_DP_PV,EL,0.0,0.0,0.0,0,36
CD_PC_BT,CD,0.0018333330000000001,0.001833333,2.2312696630763803e-19,0,1
CD_PC_BT,DP,0.0,0.0,0.0,0,1
CD_PC_BT,CA,0.0,0.0,0.0,0,1
CD_PC_BT,PC,0.0018333330000000001,0.001833333,2.2312696630763803e-19,0,1
CD_PC_BT,CS,0.0,0.0,0.0,0,1
CD_PC_BT,CH,0.0,0.0,0.0,0,1
CD_PC_BT,BU,0.0,0.0,0.0,0,1
CD_PC_BT,BT,0.0018333330000000001,0.001833333,2.2312696630763803e-19,0,1
CD_PC_BT,PV,0.0,0.0,0.0,0,1
CD_PC_BT,EL,0.0,0.0,0.0,0,1
CD_PC_BT,CD,0.16634476666666667,0.092355360801858,0.10328382209851855,0,2
CD_PC_BT,DP,0.0,0.0,0.0,0,2
CD_PC_BT,CA,0.0,0.0,0.0,0,2
CD_PC_BT,PC,0.059100391333333335,0.09785509812930221,0.050254675889915904,0,2
CD_PC_BT,CS,0.0,0.0,0.0,0,2
CD_PC_BT,CH,0.0,0.0,0.0,0,2
CD_PC_BT,BU,0.0,0.0,0.0,0,2
CD_PC_BT,BT,1.031354853,1.138485103599636,0.2243788909361087,0,2
CD_PC_BT,PV,0.0,0.0,0.0,0,2
CD_PC_BT,EL,0.0,0.0,0.0,0,2
CD_PC_BT,CD,0.0020588796666666668,0.14827239770564046,0.1494507533892805,0,8
CD_PC_BT,DP,0.0,0.0,0.0,0,8
CD_PC_BT,CA,0.0,0.0,0.0,0,8
CD_PC_BT,PC,0.0007638763333333333,0.19142710021159523,0.15208390522594986,0,8
CD_PC_BT,CS,0.0,0.0,0.0,0,8
CD_PC_BT,CH,0.0,0.0,0.0,0,8
CD_PC_BT,BU,0.0,0.0,0.0,0,8
CD_PC_BT,BT,0.9199439146666667,1.2822107165863565,0.5927418484250013,0,8
CD_PC_BT,PV,0.0,0.0,0.0,0,8
CD_PC_BT,EL,0.0,0.0,0.0,0,8
CD_PC_BT,CD,0.0,0.15111590267777422,0.15290436003115504,0,15
CD_PC_BT,DP,0.0,0.0,0.0,0,15
CD_PC_BT,CA,0.0,0.0,0.0,0,15
CD_PC_BT,PC,0.0201890325,0.19196658300701147,0.15257198808984412,0,15
CD_PC_BT,CS,0.0,0.0,0.0,0,15
CD_PC_BT,CH,0.0,0.0,0.0,0,15
CD_PC_BT,BU,0.0,0.0,0.0,0,15
CD_PC_BT,BT,1.1473943014999999,1.2355174620501488,0.6321775937805187,0,15
CD_PC_BT,PV,0.0,0.0,0.0,0,15
CD_PC_BT,EL,0.0,0.0,0.0,0,15
CD_PC_BT,CD,4.93e-5,0.14694658414012451,0.1477453660958615,0,22
CD_PC_BT,DP,0.0,0.0,0.0,0,22
CD_PC_BT,CA,0.0,0.0,0.0,0,22
CD_PC_BT,PC,0.28822598850000003,0.19196826601407144,0.15257330671936237,0,22
CD_PC_BT,CS,0.0,0.0,0.0,0,22
CD_PC_BT,CH,0.0,0.0,0.0,0,22
CD_PC_BT,BU,0.0,0.0,0.0,0,22
CD_PC_BT,BT,0.9905247045000001,1.2717455446902395,0.601270518185738,0,22
CD_PC_BT,PV,0.0,0.0,0.0,0,22
CD_PC_BT,EL,0.0,0.0,0.0,0,22
CD_PC_BT,CD,0.0,0.14945895107407126,0.1508820447832891,0,29
CD_PC_BT,DP,0.0,0.0,0.0,0,29
CD_PC_BT,CA,0.0,0.0,0.0,0,29
CD_PC_BT,PC,0.275556252,0.19196827300878672,0.1525733119442923,0,29
CD_PC_BT,CS,0.0,0.0,0.0,0,29
CD_PC_BT,CH,0.0,0.0,0.0,0,29
CD_PC_BT,BU,0.0,0.0,0.0,0,29
CD_PC_BT,BT,0.7882936985,1.2500526947077952,0.6196579603901275,0,29
CD_PC_BT,PV,0.0,0.0,0.0,0,29
CD_PC_BT,EL,0.0,0.0,0.0,0,29
CD_PC_BT,CD,0.0,0.14983420444281081,0.15138855191638248,0,36
CD_PC_BT,DP,0.0,0.0,0.0,0,36
CD_PC_BT,CA,0.0,0.0,0.0,0,36
CD_PC_BT,PC,0.5968826745,0.19196827304032943,0.15257331196750049,0,36
CD_PC_BT,CS,0.0,0.0,0.0,0,36
CD_PC_BT,CH,0.0,0.0,0.0,0,36
CD_PC_BT,BU,0.0,0.0,0.0,0,36
CD_PC_BT,BT,0.5093506395,1.2495818917483388,0.6207476487946182,0,36
CD_PC_BT,PV,0.0,0.0,0.0,0,36
CD_PC_BT,EL,0.0,0.0,0.0,0,36
CD_PC_BU,CD,0.0018333330000000001,0.001833333,2.2312696630763803e-19,0,1
CD_PC_BU,DP,0.0,0.0,0.0,0,1
CD_PC_BU,CA,0.0,0.0,0.0,0,1
CD_PC_BU,PC,0.0018333330000000001,0.001833333,2.2312696630763803e-19,0,1
CD_PC_BU,CS,0.0,0.0,0.0,0,1
CD_PC_BU,CH,0.0,0.0,0.0,0,1
CD_PC_BU,BU,0.0018333330000000001,0.001833333,2.2312696630763803e-19,0,1
CD_PC_BU,BT,0.0,0.0,0.0,0,1
CD_PC_BU,PV,0.0,0.0,0.0,0,1
CD_PC_BU,EL,0.0,0.0,0.0,0,1
CD_PC_BU,CD,0.5713493373333334,0.37302274735016927,0.1315133072834391,0,2
CD_PC_BU,DP,0.0,0.0,0.0,0,2
CD_PC_BU,CA,0.0,0.0,0.0,0,2
CD_PC_BU,PC,0.2696742916666666,0.05828858281931437,0.07192009998003326,0,2
CD_PC_BU,CS,0.0,0.0,0.0,0,2
CD_PC_BU,CH,0.0,0.0,0.0,0,2
CD_PC_BU,BU,0.37104305633333334,3.1824179514760456,10.767537699095147,0,2
CD_PC_BU,BT,0.0,0.0,0.0,0,2
CD_PC_BU,PV,0.0,0.0,0.0,0,2
CD_PC_BU,EL,0.0,0.0,0.0,0,2
CD_PC_BU,CD,6.155e-5,0.37204732497846876,0.13465064601427426,0,8
CD_PC_BU,DP,0.0,0.0,0.0,0,8
CD_PC_BU,CA,0.0,0.0,0.0,0,8
CD_PC_BU,PC,5.0e-6,0.05399844701173872,0.07535862854923772,0,8
CD_PC_BU,CS,0.0,0.0,0.0,0,8
CD_PC_BU,CH,0.0,0.0,0.0,0,8
CD_PC_BU,BU,0.3403501195,3.2127767116143513,10.82373169026999,0,8
CD_PC_BU,BT,0.0,0.0,0.0,0,8
CD_PC_BU,PV,0.0,0.0,0.0,0,8
CD_PC_BU,EL,0.0,0.0,0.0,0,8
CD_PC_BU,CD,0.00026918600000000003,0.37187432641897805,0.13486512350796817,0,15
CD_PC_BU,DP,0.0,0.0,0.0,0,15
CD_PC_BU,CA,0.0,0.0,0.0,0,15
CD_PC_BU,PC,6.170966666666667e-5,0.05367390852315141,0.07558827055115938,0,15
CD_PC_BU,CS,0.0,0.0,0.0,0,15
CD_PC_BU,CH,0.0,0.0,0.0,0,15
CD_PC_BU,BU,0.7464024376666667,3.2147750126947847,10.823154412330085,0,15
CD_PC_BU,BT,0.0,0.0,0.0,0,15
CD_PC_BU,PV,0.0,0.0,0.0,0,15
CD_PC_BU,EL,0.0,0.0,0.0,0,15
CD_PC_BU,CD,0.000102582,0.37186127855590306,0.1348814479318111,0,22
CD_PC_BU,DP,0.0,0.0,0.0,0,22
CD_PC_BU,CA,0.0,0.0,0.0,0,22
CD_PC_BU,PC,0.0,0.05364947874128409,0.0756065444555506,0,22
CD_PC_BU,CS,0.0,0.0,0.0,0,22
CD_PC_BU,CH,0.0,0.0,0.0,0,22
CD_PC_BU,BU,0.650197418,3.21492648720889,10.823110923239682,0,22
CD_PC_BU,BT,0.0,0.0,0.0,0,22
CD_PC_BU,PV,0.0,0.0,0.0,0,22
CD_PC_BU,EL,0.0,0.0,0.0,0,22
CD_PC_BU,CD,0.0,0.37186031138975667,0.13488265879713324,0,29
CD_PC_BU,DP,0.0,0.0,0.0,0,29
CD_PC_BU,CA,0.0,0.0,0.0,0,29
CD_PC_BU,PC,0.000510725,0.05364766763057731,0.07560790467937431,0,29
CD_PC_BU,CS,0.0,0.0,0.0,0,29
CD_PC_BU,CH,0.0,0.0,0.0,0,29
CD_PC_BU,BU,0.4994893,3.2149377271960597,10.823107697697036,0,29
CD_PC_BU,BT,0.0,0.0,0.0,0,29
CD_PC_BU,PV,0.0,0.0,0.0,0,29
CD_PC_BU,EL,0.0,0.0,0.0,0,29
CD_PC_BU,CD,0.0,0.37186023976607896,0.13488274847253306,0,36
CD_PC_BU,DP,0.0,0.0,0.0,0,36
CD_PC_BU,CA,0.0,0.0,0.0,0,36
CD_PC_BU,PC,0.0,0.05364753350681093,0.07560800544230714,0,36
CD_PC_BU,CS,0.0,0.0,0.0,0,36
CD_PC_BU,CH,0.0,0.0,0.0,0,36
CD_PC_BU,BU,0.518333331,3.214938559643755,10.823107458817578,0,36
CD_PC_BU,BT,0.0,0.0,0.0,0,36
CD_PC_BU,PV,0.0,0.0,0.0,0,36
CD_PC_BU,EL,0.0,0.0,0.0,0,36
CD_PC_CH,CD,0.0018333330000000001,0.001833333,2.2312696630763803e-19,0,1
CD_PC_CH,DP,0.0,0.0,0.0,0,1
CD_PC_CH,CA,0.0,0.0,0.0,0,1
CD_PC_CH,PC,0.0018333330000000001,0.001833333,2.2312696630763803e-19,0,1
CD_PC_CH,CS,0.0,0.0,0.0,0,1
CD_PC_CH,CH,0.0018333330000000001,0.001833333,2.2312696630763803e-19,0,1
CD_PC_CH,BU,0.0,0.0,0.0,0,1
CD_PC_CH,BT,0.0,0.0,0.0,0,1
CD_PC_CH,PV,0.0,0.0,0.0,0,1
CD_PC_CH,EL,0.0,0.0,0.0,0,1
CD_PC_CH,CD,0.18443795799999999,0.2431319522819143,0.13464720907618444,0,2
CD_PC_CH,DP,0.0,0.0,0.0,0,2
CD_PC_CH,CA,0.0,0.0,0.0,0,2
CD_PC_CH,PC,0.7800890516666666,0.04748949520167862,0.04180002298652553,0,2
CD_PC_CH,CS,0.0,0.0,0.0,0,2
CD_PC_CH,CH,0.062372999000000005,0.2715175164924484,0.3178075988962645,0,2
CD_PC_CH,BU,0.0,0.0,0.0,0,2
CD_PC_CH,BT,0.0,0.0,0.0,0,2
CD_PC_CH,PV,0.0,0.0,0.0,0,2
CD_PC_CH,EL,0.0,0.0,0.0,0,2
CD_PC_CH,CD,0.0006758273333333334,0.2558339434540327,0.12662002428731745,0,8
CD_PC_CH,DP,0.0,0.0,0.0,0,8
CD_PC_CH,CA,0.0,0.0,0.0,0,8
CD_PC_CH,PC,0.000417662,0.03752542173042875,0.05072654352206196,0,8
CD_PC_CH,CS,0.0,0.0,0.0,0,8
CD_PC_CH,CH,0.052606496333333336,0.7454525452160293,1.6586701787844025,0,8
CD_PC_CH,BU,0.0,0.0,0.0,0,8
CD_PC_CH,BT,0.0,0.0,0.0,0,8
CD_PC_CH,PV,0.0,0.0,0.0,0,8
CD_PC_CH,EL,0.0,0.0,0.0,0,8
CD_PC_CH,CD,0.0,0.25548025600802243,0.12667680320278943,0,15
CD_PC_CH,DP,0.0,0.0,0.0,0,15
CD_PC_CH,CA,0.0,0.0,0.0,0,15
CD_PC_CH,PC,0.0,0.0364952640040772,0.051322378424887266,0,15
CD_PC_CH,CS,0.0,0.0,0.0,0,15
CD_PC_CH,CH,0.0,0.7430406570599878,1.6597061980830206,0,15
CD_PC_CH,BU,0.0,0.0,0.0,0,15
CD_PC_CH,BT,0.0,0.0,0.0,0,15
CD_PC_CH,PV,0.0,0.0,0.0,0,15
CD_PC_CH,EL,0.0,0.0,0.0,0,15
CD_PC_CH,CD,0.004238458333333334,0.25544582579870023,0.12668585336790636,0,22
CD_PC_CH,DP,0.0,0.0,0.0,0,22
CD_PC_CH,CA,0.0,0.0,0.0,0,22
CD_PC_CH,PC,0.003869875,0.03619640977224843,0.05152626175155044,0,22
CD_PC_CH,CS,0.0,0.0,0.0,0,22
CD_PC_CH,CH,0.0009916666666666667,0.7425845917145092,1.6599037188433654,0,22
CD_PC_CH,BU,0.0,0.0,0.0,0,22
CD_PC_CH,BT,0.0,0.0,0.0,0,22
CD_PC_CH,PV,0.0,0.0,0.0,0,22
CD_PC_CH,EL,0.0,0.0,0.0,0,22
CD_PC_CH,CD,0.0,0.2554838937608629,0.12668076001842013,0,29
CD_PC_CH,DP,0.0,0.0,0.0,0,29
CD_PC_CH,CA,0.0,0.0,0.0,0,29
CD_PC_CH,PC,0.0,0.03608722142954254,0.05160408062996782,0,29
CD_PC_CH,CS,0.0,0.0,0.0,0,29
CD_PC_CH,CH,0.0,0.7425911076643572,1.6598992772541563,0,29
CD_PC_CH,BU,0.0,0.0,0.0,0,29
CD_PC_CH,BT,0.0,0.0,0.0,0,29
CD_PC_CH,PV,0.0,0.0,0.0,0,29
CD_PC_CH,EL,0.0,0.0,0.0,0,29
CD_PC_CH,CD,0.015309726499999999,0.2555148289643439,0.1266772008626673,0,36
CD_PC_CH,DP,0.0,0.0,0.0,0,36
CD_PC_CH,CA,0.0,0.0,0.0,0,36
CD_PC_CH,PC,0.022323607,0.03604273271357554,0.05163630899752057,0,36
CD_PC_CH,CS,0.0,0.0,0.0,0,36
CD_PC_CH,CH,0.0,0.7426295041880269,1.659882611973802,0,36
CD_PC_CH,BU,0.0,0.0,0.0,0,36
CD_PC_CH,BT,0.0,0.0,0.0,0,36
CD_PC_CH,PV,0.0,0.0,0.0,0,36
CD_PC_CH,EL,0.0,0.0,0.0,0,36
CD_PC_CS,CD,0.0018333330000000001,0.001833333,2.2312696630763803e-19,0,1
CD_PC_CS,DP,0.0,0.0,0.0,0,1
CD_PC_CS,CA,0.0,0.0,0.0,0,1
CD_PC_CS,PC,0.0018333330000000001,0.001833333,2.2312696630763803e-19,0,1
CD_PC_CS,CS,0.0018333330000000001,0.001833333,2.2312696630763803e-19,0,1
CD_PC_CS,CH,0.0,0.0,0.0,0,1
CD_PC_CS,BU,0.0,0.0,0.0,0,1
CD_PC_CS,BT,0.0,0.0,0.0,0,1
CD_PC_CS,PV,0.0,0.0,0.0,0,1
CD_PC_CS,EL,0.0,0.0,0.0,0,1
CD_PC_CS,CD,0.40778378833333334,0.2568988316627482,0.10298242678626753,0,2
CD_PC_CS,DP,0.0,0.0,0.0,0,2
CD_PC_CS,CA,0.0,0.0,0.0,0,2
CD_PC_CS,PC,0.38093962366666667,0.05448717588486862,0.04140558867118283,0,2
CD_PC_CS,CS,0.009643269000000001,0.09521961035042262,0.036530845239027276,0,2
CD_PC_CS,CH,0.0,0.0,0.0,0,2
CD_PC_CS,BU,0.0,0.0,0.0,0,2
CD_PC_CS,BT,0.0,0.0,0.0,0,2
CD_PC_CS,PV,0.0,0.0,0.0,0,2
CD_PC_CS,EL,0.0,0.0,0.0,0,2
CD_PC_CS,CD,0.26130783100000005,0.25494117535257543,0.10091382075541275,0,8
CD_PC_CS,DP,0.0,0.0,0.0,0,8
CD_PC_CS,CA,0.0,0.0,0.0,0,8
CD_PC_CS,PC,0.6415268479999999,0.04270226433905219,0.05706813727869479,0,8
CD_PC_CS,CS,3.196666666666667e-5,0.10038150103753299,0.0552653305493312,0,8
CD_PC_CS,CH,0.0,0.0,0.0,0,8
CD_PC_CS,BU,0.0,0.0,0.0,0,8
CD_PC_CS,BT,0.0,0.0,0.0,0,8
CD_PC_CS,PV,0.0,0.0,0.0,0,8
CD_PC_CS,EL,0.0,0.0,0.0,0,8
CD_PC_CS,CD,0.0,0.2550634198983229,0.1009603860003409,0,15
CD_PC_CS,DP,0.0,0.0,0.0,0,15
CD_PC_CS,CA,0.0,0.0,0.0,0,15
CD_PC_CS,PC,0.639433333,0.042431116609430546,0.05727855901507523,0,15
CD_PC_CS,CS,0.0,0.10052001274621479,0.05512260107883722,0,15
CD_PC_CS,CH,0.0,0.0,0.0,0,15
CD_PC_CS,BU,0.0,0.0,0.0,0,15
CD_PC_CS,BT,0.0,0.0,0.0,0,15
CD_PC_CS,PV,0.0,0.0,0.0,0,15
CD_PC_CS,EL,0.0,0.0,0.0,0,15
CD_PC_EL,CD,0.0018333330000000001,0.001833333,2.2312696630763803e-19,0,1
CD_PC_EL,DP,0.0,0.0,0.0,0,1
CD_PC_EL,CA,0.0,0.0,0.0,0,1
CD_PC_EL,PC,0.0018333330000000001,0.001833333,2.2312696630763803e-19,0,1
CD_PC_EL,CS,0.0,0.0,0.0,0,1
CD_PC_EL,CH,0.0,0.0,0.0,0,1
CD_PC_EL,BU,0.0,0.0,0.0,0,1
CD_PC_EL,BT,0.0,0.0,0.0,0,1
CD_PC_EL,PV,0.0,0.0,0.0,0,1
CD_PC_EL,EL,0.0018333330000000001,0.001833333,2.2312696630763803e-19,0,1
CD_PC_EL,CD,0.36616326133333327,0.4706829893002712,0.10683458391737041,0,2
CD_PC_EL,DP,0.0,0.0,0.0,0,2
CD_PC_EL,CA,0.0,0.0,0.0,0,2
CD_PC_EL,PC,0.708675719,0.06498210548549786,0.07808004186291614,0,2
CD_PC_EL,CS,0.0,0.0,0.0,0,2
CD_PC_EL,CH,0.0,0.0,0.0,0,2
CD_PC_EL,BU,0.0,0.0,0.0,0,2
CD_PC_EL,BT,0.0,0.0,0.0,0,2
CD_PC_EL,PV,0.0,0.0,0.0,0,2
CD_PC_EL,EL,0.026761026333333337,0.2876339302745286,0.30553641095821865,0,2
CD_PC_EL,CD,0.40160362666666666,0.4789106536921693,0.11167180964808415,0,8
CD_PC_EL,DP,0.0,0.0,0.0,0,8
CD_PC_EL,CA,0.0,0.0,0.0,0,8
CD_PC_EL,PC,0.5112971563333333,0.0651014522333567,0.08868320558516085,0,8
CD_PC_EL,CS,0.0,0.0,0.0,0,8
CD_PC_EL,CH,0.0,0.0,0.0,0,8
CD_PC_EL,BU,0.0,0.0,0.0,0,8
CD_PC_EL,BT,0.0,0.0,0.0,0,8
CD_PC_EL,PV,0.0,0.0,0.0,0,8
CD_PC_EL,EL,0.03606588433333333,0.31740454866232837,0.39551789080529165,0,8
CD_PC_EL,CD,0.323232122,0.47891305859186395,0.1116689330649635,0,15
CD_PC_EL,DP,0.0,0.0,0.0,0,15
CD_PC_EL,CA,0.0,0.0,0.0,0,15
CD_PC_EL,PC,0.8788264880000001,0.06508986035376711,0.0886921998778929,0,15
CD_PC_EL,CS,0.0,0.0,0.0,0,15
CD_PC_EL,CH,0.0,0.0,0.0,0,15
CD_PC_EL,BU,0.0,0.0,0.0,0,15
CD_PC_EL,BT,0.0,0.0,0.0,0,15
CD_PC_EL,PV,0.0,0.0,0.0,0,15
CD_PC_EL,EL,0.08832472350000001,0.3174183689059694,0.39551136882028376,0,15
CD_PC_EL,CD,0.103768,0.47891306373929926,0.11166892690937927,0,22
CD_PC_EL,DP,0.0,0.0,0.0,0,22
CD_PC_EL,CA,0.0,0.0,0.0,0,22
CD_PC_EL,PC,0.960704,0.06508983520885328,0.08869221941678793,0,22
CD_PC_EL,CS,0.0,0.0,0.0,0,22
CD_PC_EL,CH,0.0,0.0,0.0,0,22
CD_PC_EL,BU,0.0,0.0,0.0,0,22
CD_PC_EL,BT,0.0,0.0,0.0,0,22
CD_PC_EL,PV,0.0,0.0,0.0,0,22
CD_PC_EL,EL,0.084728,0.31741839882184786,0.3955113547118395,0,22
CD_PC_EL,CD,0.118618355,0.47891306375045706,0.11166892689603619,0,29
CD_PC_EL,DP,0.0,0.0,0.0,0,29
CD_PC_EL,CA,0.0,0.0,0.0,0,29
CD_PC_EL,PC,0.964405083,0.06508983515434616,0.08869221945914292,0,29
CD_PC_EL,CS,0.0,0.0,0.0,0,29
CD_PC_EL,CH,0.0,0.0,0.0,0,29
CD_PC_EL,BU,0.0,0.0,0.0,0,29
CD_PC_EL,BT,0.0,0.0,0.0,0,29
CD_PC_EL,PV,0.0,0.0,0.0,0,29
CD_PC_EL,EL,0.039276556,0.31741839888669676,0.3955113546812566,0,29
CD_PC_EL,CD,0.092878696,0.4789130637504812,0.11166892689600726,0,36
CD_PC_EL,DP,0.0,0.0,0.0,0,36
CD_PC_EL,CA,0.0,0.0,0.0,0,36
CD_PC_EL,PC,0.864886414,0.065089835154228,0.08869221945923475,0,36
CD_PC_EL,CS,0.0,0.0,0.0,0,36
CD_PC_EL,CH,0.0,0.0,0.0,0,36
CD_PC_EL,BU,0.0,0.0,0.0,0,36
CD_PC_EL,BT,0.0,0.0,0.0,0,36
CD_PC_EL,PV,0.0,0.0,0.0,0,36
CD_PC_EL,EL,0.027368256,0.31741839888683726,0.3955113546811903,0,36
CD_PC_PV,CD,0.0018333330000000001,0.001833333,2.2312696630763803e-19,0,1
CD_PC_PV,DP,0.0,0.0,0.0,0,1
CD_PC_PV,CA,0.0,0.0,0.0,0,1
CD_PC_PV,PC,0.0018333330000000001,0.001833333,2.2312696630763803e-19,0,1
CD_PC_PV,CS,0.0,0.0,0.0,0,1
CD_PC_PV,CH,0.0,0.0,0.0,0,1
CD_PC_PV,BU,0.0,0.0,0.0,0,1
CD_PC_PV,BT,0.0,0.0,0.0,0,1
CD_PC_PV,PV,0.0018333330000000001,0.001833333,2.2312696630763803e-19,0,1
CD_PC_PV,EL,0.0,0.0,0.0,0,1
CD_PC_PV,CD,0.7890782613333333,0.4141346440940801,0.15629524766939842,0,2
CD_PC_PV,DP,0.0,0.0,0.0,0,2
CD_PC_PV,CA,0.0,0.0,0.0,0,2
CD_PC_PV,PC,0.22937471033333334,0.05302891773305311,0.07049715457559365,0,2
CD_PC_PV,CS,0.0,0.0,0.0,0,2
CD_PC_PV,CH,0.0,0.0,0.0,0,2
CD_PC_PV,BU,0.0,0.0,0.0,0,2
CD_PC_PV,BT,0.0,0.0,0.0,0,2
CD_PC_PV,PV,0.3652470366666667,0.731285341962634,0.8320172080531679,0,2
CD_PC_PV,EL,0.0,0.0,0.0,0,2
CD_PC_PV,CD,7.890933333333333e-5,0.41391460610174796,0.15569516683291423,0,8
CD_PC_PV,DP,0.0,0.0,0.0,0,8
CD_PC_PV,CA,0.0,0.0,0.0,0,8
CD_PC_PV,PC,0.3553489143333333,0.051608738117312467,0.07157571534475582,0,8
CD_PC_PV,CS,0.0,0.0,0.0,0,8
CD_PC_PV,CH,0.0,0.0,0.0,0,8
CD_PC_PV,BU,0.0,0.0,0.0,0,8
CD_PC_PV,BT,0.0,0.0,0.0,0,8
CD_PC_PV,PV,0.5646055,0.7227228010408626,0.8421191282193802,0,8
CD_PC_PV,EL,0.0,0.0,0.0,0,8
CD_PC_PV,CD,0.000573562,0.40856813339363035,0.15364350598447657,0,15
CD_PC_PV,DP,0.0,0.0,0.0,0,15
CD_PC_PV,CA,0.0,0.0,0.0,0,15
CD_PC_PV,PC,0.976967234,0.05160873810264574,0.07157571535597175,0,15
CD_PC_PV,CS,0.0,0.0,0.0,0,15
CD_PC_PV,CH,0.0,0.0,0.0,0,15
CD_PC_PV,BU,0.0,0.0,0.0,0,15
CD_PC_PV,BT,0.0,0.0,0.0,0,15
CD_PC_PV,PV,0.438392538,0.7187615075635336,0.844206408640334,0,15
CD_PC_PV,EL,0.0,0.0,0.0,0,15
CD_PV_EL,CD,0.0018333330000000001,0.001833333,2.2312696630763803e-19,0,1
CD_PV_EL,DP,0.0,0.0,0.0,0,1
CD_PV_EL,CA,0.0,0.0,0.0,0,1
CD_PV_EL,PC,0.0,0.0,0.0,0,1
CD_PV_EL,CS,0.0,0.0,0.0,0,1
CD_PV_EL,CH,0.0,0.0,0.0,0,1
CD_PV_EL,BU,0.0,0.0,0.0,0,1
CD_PV_EL,BT,0.0,0.0,0.0,0,1
CD_PV_EL,PV,0.0018333330000000001,0.001833333,2.2312696630763803e-19,0,1
CD_PV_EL,EL,0.0018333330000000001,0.001833333,2.2312696630763803e-19,0,1
CD_PV_EL,CD,1.0214271473333334,0.5134352145989327,0.16462151901749858,0,2
CD_PV_EL,DP,0.0,0.0,0.0,0,2
CD_PV_EL,CA,0.0,0.0,0.0,0,2
CD_PV_EL,PC,0.0,0.0,0.0,0,2
CD_PV_EL,CS,0.0,0.0,0.0,0,2
CD_PV_EL,CH,0.0,0.0,0.0,0,2
CD_PV_EL,BU,0.0,0.0,0.0,0,2
CD_PV_EL,BT,0.0,0.0,0.0,0,2
CD_PV_EL,PV,0.29657885533333334,0.4414714791051144,0.23911471404656784,0,2
CD_PV_EL,EL,0.002827317666666667,0.048635175176409286,0.0459988133187561,0,2
CD_PV_EL,CD,0.6118579966666666,0.506256908274905,0.1281104532653209,0,8
CD_PV_EL,DP,0.0,0.0,0.0,0,8
CD_PV_EL,CA,0.0,0.0,0.0,0,8
CD_PV_EL,PC,0.0,0.0,0.0,0,8
CD_PV_EL,CS,0.0,0.0,0.0,0,8
CD_PV_EL,CH,0.0,0.0,0.0,0,8
CD_PV_EL,BU,0.0,0.0,0.0,0,8
CD_PV_EL,BT,0.0,0.0,0.0,0,8
CD_PV_EL,PV,0.3511144256666667,0.43744570098852315,0.2321332864687541,0,8
CD_PV_EL,EL,0.10749426000000001,0.03660227851456918,0.06625065032460689,0,8
CD_PV_EL,CD,0.678466382,0.5016717438892283,0.12565828838567072,0,15
CD_PV_EL,DP,0.0,0.0,0.0,0,15
CD_PV_EL,CA,0.0,0.0,0.0,0,15
CD_PV_EL,PC,0.0,0.0,0.0,0,15
CD_PV_EL,CS,0.0,0.0,0.0,0,15
CD_PV_EL,CH,0.0,0.0,0.0,0,15
CD_PV_EL,BU,0.0,0.0,0.0,0,15
CD_PV_EL,BT,0.0,0.0,0.0,0,15
CD_PV_EL,PV,0.6865095956666667,0.4581031667131658,0.2716394880083648,0,15
CD_PV_EL,EL,0.10312402266666666,0.03606352834900098,0.06639495462480287,0,15
CD_PV_EL,CD,0.37937766466666667,0.4998032181464558,0.12541881588825657,0,22
CD_PV_EL,DP,0.0,0.0,0.0,0,22
CD_PV_EL,CA,0.0,0.0,0.0,0,22
CD_PV_EL,PC,0.0,0.0,0.0,0,22
CD_PV_EL,CS,0.0,0.0,0.0,0,22
CD_PV_EL,CH,0.0,0.0,0.0,0,22
CD_PV_EL,BU,0.0,0.0,0.0,0,22
CD_PV_EL,BT,0.0,0.0,0.0,0,22
CD_PV_EL,PV,0.9461883876666667,0.44634209269603314,0.2461638864629516,0,22
CD_PV_EL,EL,0.07893394766666667,0.036006009650389546,0.0664092732005874,0,22
CD_PV_EL,CD,1.028411127,0.5018136674038621,0.1256950773424818,0,29
CD_PV_EL,DP,0.0,0.0,0.0,0,29
CD_PV_EL,CA,0.0,0.0,0.0,0,29
CD_PV_EL,PC,0.0,0.0,0.0,0,29
CD_PV_EL,CS,0.0,0.0,0.0,0,29
CD_PV_EL,CH,0.0,0.0,0.0,0,29
CD_PV_EL,BU,0.0,0.0,0.0,0,29
CD_PV_EL,BT,0.0,0.0,0.0,0,29
CD_PV_EL,PV,0.18040429749999998,0.45846347381118324,0.27254414960659307,0,29
CD_PV_EL,EL,0.0239345985,0.035998894224898575,0.06641068800610227,0,29
CD_PV_EL,CD,0.578571329,0.5051717684795858,0.12743738326168683,0,36
CD_PV_EL,DP,0.0,0.0,0.0,0,36
CD_PV_EL,CA,0.0,0.0,0.0,0,36
CD_PV_EL,PC,0.0,0.0,0.0,0,36
CD_PV_EL,CS,0.0,0.0,0.0,0,36
CD_PV_EL,CH,0.0,0.0,0.0,0,36
CD_PV_EL,BU,0.0,0.0,0.0,0,36
CD_PV_EL,BT,0.0,0.0,0.0,0,36
CD_PV_EL,PV,0.41610978400000004,0.431008714017056,0.22553408659379992,0,36
CD_PV_EL,EL,0.18078553833333333,0.03599796992186374,0.06641082690481216,0,36
