Treatments,species,true,pred
CDevo-BT-BU-CA,CA,0.0141888923333333,0.013773408
CDevo-BT-BU-CA,CA,0.020078655,0.034055486
CDevo-CA,CA,0.1685384383333333,0.033862747
CDevo-CA,CA,0.237501805,0.31506705
CDevo-CH-BU-CA,CA,0.0890177786666666,0.020955374
CDevo-CH-BU-CA,CA,0.1013203463333333,0.07042572
CDevo-CH-DP-CA,CA,0.2461507903333333,0.020751236
CDevo-CH-DP-CA,CA,0.22937964,0.13676837
CDevo-CS-BT-BU-CA,CA,0.018350355,0.0075790845
CDevo-CS-BT-BU-CA,CA,0.0237983856666666,0.015862664
CDevo-CS-BT-BV-CA,CA,0.010685872,0.007617438
CDevo-CS-BT-BV-CA,CA,0.0109862505,0.01748331
CDevo-CS-BV-CA,CA,0.047979241,0.0325755
CDevo-CS-BV-CA,CA,0.0832020953333333,0.21245457
CDevo-CS-CA,CA,0.266628923,0.03272411
CDevo-CS-CA,CA,0.302381982,0.27081257
CDevo-CS-CH-CA,CA,0.2358067773333333,0.02596582
CDevo-CS-CH-CA,CA,0.281976941,0.24845994
CDevo-CS-CH-DP-BT-BU-BV-CA,CA,0.0148250286666666,0.0098229265
CDevo-CS-CH-DP-BT-BU-BV-CA,CA,0.030206364,0.013955829
CDevo-CS-DP-BT-BV-CA,CA,0.019573047,0.007086596
CDevo-CS-DP-BT-BV-CA,CA,0.021159901,0.01028181
CDevo-CS-DP-BU-CA,CA,0.0514099843333333,0.016159555
CDevo-CS-DP-BU-CA,CA,0.1033766216666666,0.15025623
CDevo-CS-DP-BV-CA,CA,0.0438092123333333,0.0336537
CDevo-CS-DP-BV-CA,CA,0.1499082666666666,0.24755731
CDevo-CS-DP-CA,CA,0.3426096386666666,0.029874722
CDevo-CS-DP-CA,CA,0.2441325606666666,0.28690302
CDevo-DP-BT-BU-BV-CA,CA,0.0137790523333333,0.0061035696
CDevo-DP-BT-BU-BV-CA,CA,0.0189990523333333,0.013382133
CDevo-DP-BT-CA,CA,0.0283587906666666,0.011333625
CDevo-DP-BT-CA,CA,0.1155761396666666,0.019782962
CDevo-DP-BU-CA,CA,0.0774825786666666,0.029904429
CDevo-DP-BU-CA,CA,0.1046732426666666,0.08163897
CH-BU-BV-CA,CA,0.0249965469999999,0.0151394345
CH-BU-BV-CA,CA,0.0267911955,0.038395967
CH-DP-BT-BU-BV-CA,CA,0.007331443,0.0065256343
CH-DP-BT-BU-BV-CA,CA,0.014603722,0.005385761
CH-DP-BU-CA,CA,0.0223024649999999,0.050248448
CH-DP-BU-CA,CA,0.0648077886666666,0.17796929
CH-DP-BV-CA,CA,0.0286548626666666,0.08882113
CH-DP-BV-CA,CA,0.0909715046666666,0.16425642
CS-BT-BU-CA,CA,0.0128008513333333,0.010718293
CS-BT-BU-CA,CA,0.0196180066666666,0.02484014
CS-BT-BV-CA,CA,0.01306211,0.011622082
CS-BT-BV-CA,CA,0.0225774696666666,0.023718195
CS-CH-BT-BU-BV-CA,CA,0.009454044,0.01666413
CS-CH-BT-BU-BV-CA,CA,0.0178007143333333,0.022167254
CS-CH-BT-BU-CA,CA,0.005985259,0.010054747
CS-CH-BT-BU-CA,CA,0.0114638063333333,0.025186885
CS-CH-BT-CA,CA,0.0125186239999999,0.04056399
CS-CH-BT-CA,CA,0.0236767586666666,0.10536996
CS-CH-BV-CA,CA,0.0748374053333333,0.093232535
CS-CH-BV-CA,CA,0.1066683706666666,0.17396258
CS-CH-DP-BT-BU-BV-CA,CA,0.013172101,0.008392939
CS-CH-DP-BT-BU-BV-CA,CA,0.0265179923333333,0.013753229
CS-CH-DP-BT-BU-CA,CA,0.0105131623333333,0.006202833
CS-CH-DP-BT-BU-CA,CA,0.0437008666666666,0.014121647
CS-CH-DP-BU-BV-CA,CA,0.0386345326666666,0.0333746
CS-CH-DP-BU-BV-CA,CA,0.0746021123333333,0.13303292
CS-CH-DP-BV-CA,CA,0.0596795343333333,0.022717698
CS-CH-DP-BV-CA,CA,0.2541832976666667,0.16426472
CS-CH-DP-CA,CA,0.2732369555,0.015147401
CS-CH-DP-CA,CA,0.389091296,0.09233782
CS-DP-BT-BU-BV-CA,CA,0.0070079306666666,0.0070476504
CS-DP-BT-BU-BV-CA,CA,0.0139738663333333,0.01118373
CS-DP-BT-BV-CA,CA,0.007005632,0.011900714
CS-DP-BT-BV-CA,CA,0.01130066,0.026448527
CS-DP-BU-BV-CA,CA,0.0322127426666666,0.016970376
CS-DP-BU-BV-CA,CA,0.1475335673333333,0.18927902
CS-DP-BU-CA,CA,0.08309143,0.030609926
CS-DP-BU-CA,CA,0.3781971326666666,0.078187324
DP-BT-BU-BV-CA,CA,0.0065404273333333,0.008058096
DP-BT-BU-BV-CA,CA,0.0125159716666666,0.011496782
DP-BT-BV-CA,CA,0.0054307466666666,0.008734007
DP-BT-BV-CA,CA,0.0112174993333333,0.018978091
CDevo-BT,BT,1.116698872333333,1.0469246
CDevo-BT-BU-CA,BT,0.8127304053333333,0.77720946
CDevo-BT-BU-CA,BT,0.8531991090000001,0.8057118
CDevo-CH-BT-BU-BV,BT,0.7800365746666666,0.79436946
CDevo-CH-BT-BU-BV,BT,0.841890436,0.8336863
CDevo-CH-DP-BT-BU,BT,0.8658759110000002,0.8880227
CDevo-CH-DP-BT-BU,BT,0.831309906,0.87542135
CDevo-CS-BT-BU-BV,BT,0.7620245443333333,0.78276914
CDevo-CS-BT-BU-BV,BT,0.7767458436666667,0.83116055
CDevo-CS-BT-BU-CA,BT,0.8357733143333334,0.78113544
CDevo-CS-BT-BU-CA,BT,0.8748992523333333,0.82258755
CDevo-CS-BT-BV-CA,BT,0.990780503,0.9998433
CDevo-CS-BT-BV-CA,BT,1.0272858625,1.008756
CDevo-CS-CH-DP-BT-BU-BV-CA,BT,0.8098132873333334,0.85802555
CDevo-CS-CH-DP-BT-BU-BV-CA,BT,0.7823638286666666,0.84096396
CDevo-CS-DP-BT,BT,1.1343125576666668,1.0524106
CDevo-CS-DP-BT,BT,1.1136300116666666,1.0562869
CDevo-CS-DP-BT-BV-CA,BT,1.0708324109999998,1.0627763
CDevo-CS-DP-BT-BV-CA,BT,1.0455761103333334,1.029435
CDevo-DP-BT-BU-BV-CA,BT,0.7860670606666668,0.8285249
CDevo-DP-BT-BU-BV-CA,BT,0.8164229743333333,0.83705425
CDevo-DP-BT-CA,BT,1.1285164916666668,1.1145512
CDevo-DP-BT-CA,BT,1.0089963116666667,1.0640152
CH-DP-BT-BU,BT,0.8445462246666667,0.8721253
CH-DP-BT-BU,BT,0.8366360526666666,0.8593995
CH-DP-BT-BU-BV-CA,BT,0.8129144949999999,0.7747871
CH-DP-BT-BU-BV-CA,BT,0.8086059533333333,0.78594536
CS-BT-BU-BV,BT,0.7484752063333334,0.7131625
CS-BT-BU-BV,BT,0.7623571239999999,0.786274
CS-BT-BU-CA,BT,0.760218939,0.81360745
CS-BT-BU-CA,BT,0.8192246470000001,0.8626915
CS-BT-BV-CA,BT,1.016049432,0.96864337
CS-BT-BV-CA,BT,1.010873854666667,0.98710215
CS-CH-BT-BU,BT,0.861526892,0.86626273
CS-CH-BT-BU,BT,0.882383908,0.8630433
CS-CH-BT-BU-BV-CA,BT,0.807435714,0.74988127
CS-CH-BT-BU-BV-CA,BT,0.8147868633333334,0.77764326
CS-CH-BT-BU-CA,BT,0.8883526313333333,0.81883305
CS-CH-BT-BU-CA,BT,0.8633133503333333,0.8400233
CS-CH-BT-CA,BT,1.178254097,1.103589
CS-CH-BT-CA,BT,1.108827871,1.11767
CS-CH-DP-BT-BU,BT,0.8812797689999999,0.8783286
CS-CH-DP-BT-BU,BT,0.8432956639999999,0.867575
CS-CH-DP-BT-BU-BV-CA,BT,0.771952514,0.8364229
CS-CH-DP-BT-BU-BV-CA,BT,0.7566428406666668,0.8413077
CS-CH-DP-BT-BU-CA,BT,0.8556562900000001,0.8934913
CS-CH-DP-BT-BU-CA,BT,0.823884028,0.89760196
CS-DP-BT-BU,BT,0.880185672,0.82718223
CS-DP-BT-BU,BT,0.8850126836666666,0.8241533
CS-DP-BT-BU-BV,BT,0.8542205095,0.8353051
CS-DP-BT-BU-BV,BT,0.8373399676666667,0.85272396
CS-DP-BT-BU-BV-CA,BT,0.6543779886666666,0.83395565
CS-DP-BT-BU-BV-CA,BT,0.672904892,0.83976465
CS-DP-BT-BV,BT,1.0794961010000002,1.0704838
CS-DP-BT-BV,BT,1.0564141366666666,1.0729414
CS-DP-BT-BV-CA,BT,1.0997645003333334,1.0703156
CS-DP-BT-BV-CA,BT,1.066017131,1.0420836
DP-BT-BU-BV,BT,0.8443227283333333,0.75536716
DP-BT-BU-BV,BT,0.8362880436666665,0.7788003
DP-BT-BU-BV-CA,BT,0.8495348859999999,0.77453905
DP-BT-BU-BV-CA,BT,0.8369103293333332,0.81696194
DP-BT-BV-CA,BT,1.0465466483333332,1.0650381
DP-BT-BV-CA,BT,1.0750140436666664,1.0469954
CDevo-BT-BU-CA,BU,0.362027328,0.37112826
CDevo-BT-BU-CA,BU,0.3103991879999999,0.31172532
CDevo-BU,BU,1.031857645,0.800739
CDevo-BU,BU,1.039077442666667,0.79138786
CDevo-CH-BT-BU-BV,BU,0.251760193,0.31099322
CDevo-CH-BT-BU-BV,BU,0.2658610939999999,0.26456574
CDevo-CH-BU-CA,BU,0.9539655493333332,0.83227736
CDevo-CH-BU-CA,BU,0.9389242366666668,0.74237186
CDevo-CH-DP-BT-BU,BU,0.2680793713333333,0.28467596
CDevo-CH-DP-BT-BU,BU,0.2388215416666666,0.2594819
CDevo-CS-BT-BU-BV,BU,0.3092923936666667,0.2989409
CDevo-CS-BT-BU-BV,BU,0.2885433143333333,0.25976357
CDevo-CS-BT-BU-CA,BU,0.3369943326666666,0.35022813
CDevo-CS-BT-BU-CA,BU,0.271470214,0.29932812
CDevo-CS-CH-DP-BT-BU-BV-CA,BU,0.3009876956666666,0.26168957
CDevo-CS-CH-DP-BT-BU-BV-CA,BU,0.2551180066666667,0.2605159
CDevo-CS-CH-DP-BU,BU,0.8956672396666666,0.94092053
CDevo-CS-CH-DP-BU,BU,0.7118347256666667,0.84323084
CDevo-CS-CH-DP-BU-BV,BU,0.7166919953333334,0.73334575
CDevo-CS-CH-DP-BU-BV,BU,0.45693343,0.5468621
CDevo-CS-DP-BU,BU,0.9835977636666668,0.8868304
CDevo-CS-DP-BU,BU,0.7974284393333333,0.69798124
CDevo-CS-DP-BU-BV,BU,0.710750488,0.7541664
CDevo-CS-DP-BU-BV,BU,0.4193291693333333,0.6316361
CDevo-CS-DP-BU-CA,BU,0.932841781,0.90199256
CDevo-CS-DP-BU-CA,BU,0.7925036153333332,0.83798075
CDevo-DP-BT-BU-BV-CA,BU,0.3018746696666667,0.27016637
CDevo-DP-BT-BU-BV-CA,BU,0.2502985376666666,0.25602847
CDevo-DP-BU-CA,BU,0.936136162,0.9188227
CDevo-DP-BU-CA,BU,0.839195363,0.79106045
CH-BU-BV-CA,BU,0.834891941,0.7789731
CH-BU-BV-CA,BU,0.6719140655,0.6866584
CH-DP-BT-BU,BU,0.2892418613333333,0.29413006
CH-DP-BT-BU,BU,0.2807203953333333,0.2663912
CH-DP-BT-BU-BV-CA,BU,0.3100528113333333,0.31075063
CH-DP-BT-BU-BV-CA,BU,0.2636546773333333,0.30315587
CH-DP-BU-CA,BU,1.0456962513333334,0.9228988
CH-DP-BU-CA,BU,0.9726620086666669,0.83573896
CS-BT-BU-BV,BU,0.3265745536666666,0.3419147
CS-BT-BU-BV,BU,0.329618565,0.3026274
CS-BT-BU-CA,BU,0.3701356923333334,0.31057513
CS-BT-BU-CA,BU,0.3351949366666666,0.25614032
CS-CH-BT-BU,BU,0.3155163786666666,0.29260838
CS-CH-BT-BU,BU,0.284181434,0.25289184
CS-CH-BT-BU-BV-CA,BU,0.2746505213333333,0.3369844
CS-CH-BT-BU-BV-CA,BU,0.2568185746666666,0.3197442
CS-CH-BT-BU-CA,BU,0.2851578733333333,0.33689603
CS-CH-BT-BU-CA,BU,0.2875700763333333,0.28357103
CS-CH-BU-BV,BU,0.8829448723333333,0.8620573
CS-CH-BU-BV,BU,0.7563416306666667,0.7371313
CS-CH-DP-BT-BU,BU,0.272708051,0.29516888
CS-CH-DP-BT-BU,BU,0.2675888173333333,0.26740512
CS-CH-DP-BT-BU-BV-CA,BU,0.318997774,0.2816316
CS-CH-DP-BT-BU-BV-CA,BU,0.2779267853333333,0.26668724
CS-CH-DP-BT-BU-CA,BU,0.2725550536666667,0.27586353
CS-CH-DP-BT-BU-CA,BU,0.2445285783333333,0.23867936
CS-CH-DP-BU,BU,1.004980619,0.95398015
CS-CH-DP-BU,BU,0.9155818216666668,0.8371121
CS-CH-DP-BU-BV,BU,0.8173882570000001,0.7586165
CS-CH-DP-BU-BV,BU,0.5298494723333333,0.6667136
CS-CH-DP-BU-BV-CA,BU,0.7252041943333335,0.7608847
CS-CH-DP-BU-BV-CA,BU,0.551509147,0.5573357
CS-DP-BT-BU,BU,0.2588613946666666,0.30324352
CS-DP-BT-BU,BU,0.2571899266666667,0.29676735
CS-DP-BT-BU-BV,BU,0.232428733,0.27218357
CS-DP-BT-BU-BV,BU,0.258298494,0.24685563
CS-DP-BT-BU-BV-CA,BU,0.432480354,0.27459782
CS-DP-BT-BU-BV-CA,BU,0.4153231593333333,0.26116565
CS-DP-BU-BV-CA,BU,0.4469769503333333,0.71444035
CS-DP-BU-BV-CA,BU,0.4133898096666666,0.44651964
CS-DP-BU-CA,BU,1.037568111,0.8751376
CS-DP-BU-CA,BU,0.707466653,0.848674
DP-BT-BU-BV,BU,0.2456032613333333,0.31541735
DP-BT-BU-BV,BU,0.2565109539999999,0.308272
DP-BT-BU-BV-CA,BU,0.2352768043333333,0.32548273
DP-BT-BU-BV-CA,BU,0.246084194,0.29160482
CDevo-BT,CD,0.0224344963333333,0.023457356
CDevo-BT-BU-CA,CD,0.0092200583333333,0.036842685
CDevo-BT-BU-CA,CD,0.0121897073333333,0.012350935
CDevo-BU,CD,0.1254756443333333,0.27513972
CDevo-BU,CD,0.1527559293333333,0.29668713
CDevo-BV,CD,0.175068369,0.15254195
CDevo-BV,CD,0.0775786286666666,0.06994069
CDevo-CA,CD,0.5302282253333334,0.5174428
CDevo-CA,CD,0.442348192,0.46586373
CDevo-CH,CD,0.580083056,0.51773906
CDevo-CH,CD,0.5010483246666667,0.56894463
CDevo-CH-BT-BU-BV,CD,0.0071021003333333,0.01224385
CDevo-CH-BT-BU-BV,CD,0.023429132,0.00082268013
CDevo-CH-BU-CA,CD,0.1190618853333333,0.21425451
CDevo-CH-BU-CA,CD,0.0850300876666666,0.27999613
CDevo-CH-DP-BT-BU,CD,0.0191242529999999,0.023319088
CDevo-CH-DP-BT-BU,CD,0.0435927936666666,0.0071312557
CDevo-CH-DP-CA,CD,0.2938009026666666,0.41303712
CDevo-CH-DP-CA,CD,0.35862626,0.35015866
CDevo-CS,CD,0.523109023,0.52595645
CDevo-CS,CD,0.4188728533333334,0.5710098
CDevo-CS-BT-BU-BV,CD,0.009680579,0.014425241
CDevo-CS-BT-BU-BV,CD,0.0260544696666666,0.0011417425
CDevo-CS-BT-BU-CA,CD,0.0115383143333333,0.03463108
CDevo-CS-BT-BU-CA,CD,0.0201131066666666,0.014672809
CDevo-CS-BT-BV-CA,CD,0.0134205076666666,0.037571546
CDevo-CS-BT-BV-CA,CD,0.021894632,0.01132981
CDevo-CS-BV-CA,CD,0.1658043623333333,0.15728337
CDevo-CS-BV-CA,CD,0.0806591966666666,0.060862523
CDevo-CS-CA,CD,0.4545891066666667,0.4865009
CDevo-CS-CA,CD,0.3788717904999999,0.4361174
CDevo-CS-CH-CA,CD,0.4321580713333333,0.49972206
CDevo-CS-CH-CA,CD,0.4589409769999999,0.4287143
CDevo-CS-CH-DP,CD,0.381909398,0.37530816
CDevo-CS-CH-DP,CD,0.3719292596666667,0.3592822
CDevo-CS-CH-DP-BT-BU-BV-CA,CD,0.0113490373333333,0.014078633
CDevo-CS-CH-DP-BT-BU-BV-CA,CD,0.0169641746666666,0.0020571891
CDevo-CS-CH-DP-BU,CD,0.1456442873333333,0.13532427
CDevo-CS-CH-DP-BU,CD,0.2353593603333333,0.24208368
CDevo-CS-CH-DP-BU-BV,CD,0.0850275113333333,0.09618206
CDevo-CS-CH-DP-BU-BV,CD,0.0624598556666666,0.08224896
CDevo-CS-DP-BT,CD,0.0232422196666666,0.041065317
CDevo-CS-DP-BT,CD,0.035470943,0.021839354
CDevo-CS-DP-BT-BV-CA,CD,0.016282735,0.013990595
CDevo-CS-DP-BT-BV-CA,CD,0.0304459523333333,0.0026051789
CDevo-CS-DP-BU,CD,0.1174391903333333,0.17747362
CDevo-CS-DP-BU,CD,0.214100991,0.2781091
CDevo-CS-DP-BU-BV,CD,0.0801205553333333,0.08999291
CDevo-CS-DP-BU-BV,CD,0.0726210176666666,0.079925366
CDevo-CS-DP-BU-CA,CD,0.145381621,0.12727357
CDevo-CS-DP-BU-CA,CD,0.192876998,0.12696187
CDevo-CS-DP-BV-CA,CD,0.1351870393333333,0.13416684
CDevo-CS-DP-BV-CA,CD,0.0970956406666666,0.051702235
CDevo-CS-DP-CA,CD,0.2588776416666666,0.3469377
CDevo-CS-DP-CA,CD,0.2861570336666666,0.30943227
CDevo-DP,CD,0.3898117543333333,0.42815048
CDevo-DP,CD,0.39755514,0.44127798
CDevo-DP-BT-BU-BV-CA,CD,0.0133788113333333,0.026731906
CDevo-DP-BT-BU-BV-CA,CD,0.0208088856666666,0.008630444
CDevo-DP-BT-CA,CD,0.0190468903333333,0.04743477
CDevo-DP-BT-CA,CD,0.0185283213333333,0.02993125
CDevo-DP-BU-CA,CD,0.1179624596666666,0.15696862
CDevo-DP-BU-CA,CD,0.1485107946666667,0.2276005
CDevo-BV,BV,1.045298303,1.089802
CDevo-BV,BV,1.1055547303333333,1.0772083
CDevo-CH-BT-BU-BV,BV,0.1362473086666666,0.076242566
CDevo-CH-BT-BU-BV,BV,0.0355993756666666,0.03333209
CDevo-CS-BT-BU-BV,BV,0.086650115,0.08791126
CDevo-CS-BT-BU-BV,BV,0.0621182503333333,0.04544458
CDevo-CS-BT-BV-CA,BV,0.195661479,0.115365624
CDevo-CS-BT-BV-CA,BV,0.100250371,0.08839574
CDevo-CS-BV-CA,BV,0.9903155486666668,0.9109541
CDevo-CS-BV-CA,BV,1.0249850306666666,0.85865
CDevo-CS-CH-DP-BT-BU-BV-CA,BV,0.030343472,0.06020176
CDevo-CS-CH-DP-BT-BU-BV-CA,BV,0.0401817893333333,0.027592307
CDevo-CS-CH-DP-BU-BV,BV,0.2443302733333333,0.28737885
CDevo-CS-CH-DP-BU-BV,BV,0.5405466286666667,0.5164509
CDevo-CS-DP-BT-BV-CA,BV,0.0687255309999999,0.11156738
CDevo-CS-DP-BT-BV-CA,BV,0.0702320613333333,0.06315087
CDevo-CS-DP-BU-BV,BV,0.2999309136666667,0.30610177
CDevo-CS-DP-BU-BV,BV,0.5826803486666666,0.50413954
CDevo-CS-DP-BV-CA,BV,0.916166588,0.85737205
CDevo-CS-DP-BV-CA,BV,0.8690385593333333,0.8317581
CDevo-DP-BT-BU-BV-CA,BV,0.0528590273333333,0.07027372
CDevo-DP-BT-BU-BV-CA,BV,0.053060715,0.04665217
CH-BU-BV-CA,BV,0.2162316126666666,0.2810289
CH-BU-BV-CA,BV,0.414616481,0.36295775
CH-DP-BT-BU-BV-CA,BV,0.0254561843333333,0.07815971
CH-DP-BT-BU-BV-CA,BV,0.0406046363333333,0.042607646
CH-DP-BV-CA,BV,0.9144954666666668,0.86544096
CH-DP-BV-CA,BV,0.931739352,0.872528
CS-BT-BU-BV,BV,0.0560888626666666,0.101801075
CS-BT-BU-BV,BV,0.0272102723333333,0.048530646
CS-BT-BV-CA,BV,0.1170685326666666,0.12832524
CS-BT-BV-CA,BV,0.0707714806666666,0.094477884
CS-CH-BT-BU-BV-CA,BV,0.077953656,0.06327188
CS-CH-BT-BU-BV-CA,BV,0.0451852863333333,0.016725017
CS-CH-BU-BV,BV,0.1681639083333333,0.22641218
CS-CH-BU-BV,BV,0.325670478,0.32986942
CS-CH-BV-CA,BV,0.8430321833333334,0.80223596
CS-CH-BV-CA,BV,1.012612555,0.82117003
CS-CH-DP-BT-BU-BV-CA,BV,0.0228337773333333,0.05654773
CS-CH-DP-BT-BU-BV-CA,BV,0.0297728953333333,0.023874745
CS-CH-DP-BU-BV,BV,0.2177576716666666,0.26399133
CS-CH-DP-BU-BV,BV,0.506499039,0.3861568
CS-CH-DP-BU-BV-CA,BV,0.2439969246666666,0.24808294
CS-CH-DP-BU-BV-CA,BV,0.4031135736666666,0.40085438
CS-CH-DP-BV-CA,BV,0.8834214399999999,0.847207
CS-CH-DP-BV-CA,BV,0.8408658473333334,0.85316736
CS-DP-BT-BU-BV,BV,0.0789513665,0.058600184
CS-DP-BT-BU-BV,BV,0.0427832533333333,0.024870532
CS-DP-BT-BU-BV-CA,BV,0.0286709559999999,0.05838629
CS-DP-BT-BU-BV-CA,BV,0.0294887343333333,0.023142515
CS-DP-BT-BV,BV,0.0518562405,0.08796988
CS-DP-BT-BV,BV,0.0614053553333333,0.048970778
CS-DP-BT-BV-CA,BV,0.0644002506666666,0.07204429
CS-DP-BT-BV-CA,BV,0.0407065845,0.03329696
CS-DP-BU-BV-CA,BV,0.5433888476666666,0.26958248
CS-DP-BU-BV-CA,BV,0.4299024279999999,0.45641902
DP-BT-BU-BV,BV,0.061455877,0.08119776
DP-BT-BU-BV,BV,0.0477577673333333,0.041855052
DP-BT-BU-BV-CA,BV,0.0466779566666666,0.068444505
DP-BT-BU-BV-CA,BV,0.0331867386666666,0.027795678
DP-BT-BV-CA,BV,0.0958387973333333,0.088157594
DP-BT-BV-CA,BV,0.055494804,0.05663651
CDevo-CS,CS,0.0606576513333333,0.061636962
CDevo-CS,CS,0.083393807,0.08515491
CDevo-CS-BT-BU-BV,CS,0.0047190613333333,0.001068838
CDevo-CS-BT-BU-BV,CS,0.0062381133333333,1.6373326e-05
CDevo-CS-BT-BU-CA,CS,0.0050103543333333,0.00738777
CDevo-CS-BT-BU-CA,CS,0.005685717,0.0035565323
CDevo-CS-BT-BV-CA,CS,0.005051608,0.0069632977
CDevo-CS-BT-BV-CA,CS,0.0049328589999999,0.0030539948
CDevo-CS-BV-CA,CS,0.0278341583333333,0.028109232
CDevo-CS-BV-CA,CS,0.0109536869999999,0.02572177
CDevo-CS-CA,CS,0.0401152916666666,0.033448912
CDevo-CS-CA,CS,0.0345462295,0.016735708
CDevo-CS-CH-CA,CS,0.0232053926666666,0.027645227
CDevo-CS-CH-CA,CS,0.0151429609999999,0.022658387
CDevo-CS-CH-DP,CS,0.0313439629999999,0.026727213
CDevo-CS-CH-DP,CS,0.012699794,0.022782162
CDevo-CS-CH-DP-BT-BU-BV-CA,CS,0.0043231573333333,0.0010983426
CDevo-CS-CH-DP-BT-BU-BV-CA,CS,0.0046859413333333,4.403926e-05
CDevo-CS-CH-DP-BU,CS,0.0084116066666666,0.007036759
CDevo-CS-CH-DP-BU,CS,0.0075076973333333,0.0008729773
CDevo-CS-CH-DP-BU-BV,CS,0.0107556526666666,0.012857631
CDevo-CS-CH-DP-BU-BV,CS,0.0062771956666666,0.01199779
CDevo-CS-DP-BT,CS,0.004854666,0.009847443
CDevo-CS-DP-BT,CS,0.007423597,0.010189767
CDevo-CS-DP-BT-BV-CA,CS,0.0063000536666666,0.00018762622
CDevo-CS-DP-BT-BV-CA,CS,0.0063652133333333,1.9030541e-07
CDevo-CS-DP-BU,CS,0.0113811819999999,0.027145728
CDevo-CS-DP-BU,CS,0.011246899,0.082332514
CDevo-CS-DP-BU-BV,CS,0.007417171,0.009336498
CDevo-CS-DP-BU-BV,CS,0.0045774236666666,0.0073632547
CDevo-CS-DP-BU-CA,CS,0.00795619,0.014623339
CDevo-CS-DP-BU-CA,CS,0.0103099263333333,0.009213248
CDevo-CS-DP-BV-CA,CS,0.011918032,0.024480587
CDevo-CS-DP-BV-CA,CS,0.0074054283333333,0.020368902
CDevo-CS-DP-CA,CS,0.0304800733333333,0.024634987
CDevo-CS-DP-CA,CS,0.031092597,0.007190177
CS-BT-BU-BV,CS,0.0057280216666666,0.0016005388
CS-BT-BU-BV,CS,0.007947363,3.0005764e-05
CS-BT-BU-CA,CS,0.00527784,0.0058452585
CS-BT-BU-CA,CS,0.0052290556666666,0.0009678636
CS-BT-BV-CA,CS,0.0055532786666666,0.0053668637
CS-BT-BV-CA,CS,0.0079438729999999,0.00056733954
CS-CH-BT-BU,CS,0.0044338606666666,0.0009897904
CS-CH-BT-BU,CS,0.0094363386666666,1.1573394e-05
CS-CH-BT-BU-BV-CA,CS,0.0047111833333333,0.004601915
CS-CH-BT-BU-BV-CA,CS,0.0060191956666666,0.0028374773
CS-CH-BT-BU-CA,CS,0.0029307323333333,0.005111486
CS-CH-BT-BU-CA,CS,0.0055606633333333,0.0008738709
CS-CH-BT-CA,CS,0.0040385125,0.019655908
CS-CH-BT-CA,CS,0.007509137,0.022618204
CS-CH-BU-BV,CS,0.0120987753333333,0.0050698975
CS-CH-BU-BV,CS,0.0149385096666666,0.0007276565
CS-CH-BV-CA,CS,0.0258085176666666,0.026215354
CS-CH-BV-CA,CS,0.0154970836666666,0.030017463
CS-CH-DP-BT-BU,CS,0.0023800146666666,0.008214879
CS-CH-DP-BT-BU,CS,0.0039031733333333,0.006995594
CS-CH-DP-BT-BU-BV-CA,CS,0.0034693886666666,0.0012412204
CS-CH-DP-BT-BU-BV-CA,CS,0.0041761283333333,4.197482e-05
CS-CH-DP-BT-BU-CA,CS,0.002452502,0.007043926
CS-CH-DP-BT-BU-CA,CS,0.0044476886666666,0.0043959413
CS-CH-DP-BU,CS,0.008009321,0.044053387
CS-CH-DP-BU,CS,0.010593122,0.20845895
CS-CH-DP-BU-BV,CS,0.00720066,0.015263959
CS-CH-DP-BU-BV,CS,0.005596434,0.016539166
CS-CH-DP-BU-BV-CA,CS,0.0078622666666666,0.013569541
CS-CH-DP-BU-BV-CA,CS,0.0077988556666666,0.018150365
CS-CH-DP-BV-CA,CS,0.012474514,0.024287747
CS-CH-DP-BV-CA,CS,0.008023103,0.014883846
CS-CH-DP-CA,CS,0.0302080975,0.041353088
CS-CH-DP-CA,CS,0.022178747,0.35630962
CS-DP-BT-BU,CS,0.0047676476666666,0.008874408
CS-DP-BT-BU,CS,0.0058706406666666,0.0050779954
CS-DP-BT-BU-BV,CS,0.003835052,0.0012085073
CS-DP-BT-BU-BV,CS,0.0049598913333333,1.47147075e-05
CS-DP-BT-BU-BV-CA,CS,0.0029409983333333,0.0032943564
CS-DP-BT-BU-BV-CA,CS,0.0054046383333333,0.0006543169
CS-DP-BT-BV,CS,0.0053327105,0.009325192
CS-DP-BT-BV,CS,0.0072163823333333,0.004556291
CS-DP-BT-BV-CA,CS,0.0028529003333333,0.0011949202
CS-DP-BT-BV-CA,CS,0.0053242465,0.000119476674
CS-DP-BU-BV-CA,CS,0.0060106206666666,0.013273701
CS-DP-BU-BV-CA,CS,0.0084511779999999,0.008281695
CS-DP-BU-CA,CS,0.0084598789999999,0.020972662
CS-DP-BU-CA,CS,0.0111316153333333,0.022939572
CDevo-CH-DP-BT-BU,DP,0.0075583763333333,0.008209565
CDevo-CH-DP-BT-BU,DP,0.0079172039999999,0.00095613714
CDevo-CH-DP-CA,DP,0.134557966,0.19050121
CDevo-CH-DP-CA,DP,0.2396982153333333,0.24851793
CDevo-CS-CH-DP,DP,0.1819738003333333,0.17316666
CDevo-CS-CH-DP,DP,0.2708472413333333,0.24344096
CDevo-CS-CH-DP-BT-BU-BV-CA,DP,0.009851736,0.0040273173
CDevo-CS-CH-DP-BT-BU-BV-CA,DP,0.0084992093333333,0.0003205342
CDevo-CS-CH-DP-BU,DP,0.025834128,0.02653495
CDevo-CS-CH-DP-BU,DP,0.0221375676666666,0.0076267933
CDevo-CS-CH-DP-BU-BV,DP,0.020833767,0.029772218
CDevo-CS-CH-DP-BU-BV,DP,0.01320827,0.009524326
CDevo-CS-DP-BT,DP,0.0102905596666666,0.014634662
CDevo-CS-DP-BT,DP,0.0122754396666666,0.020448435
CDevo-CS-DP-BT-BV-CA,DP,0.0155195763333333,0.01094131
CDevo-CS-DP-BT-BV-CA,DP,0.0127540886666666,0.004455153
CDevo-CS-DP-BU,DP,0.037581875,0.06492326
CDevo-CS-DP-BU,DP,0.0347236696666666,0.110559486
CDevo-CS-DP-BU-BV,DP,0.015514199,0.016021742
CDevo-CS-DP-BU-BV,DP,0.0075587153333333,0.026342886
CDevo-CS-DP-BU-CA,DP,0.03014377,0.050952315
CDevo-CS-DP-BU-CA,DP,0.0471328156666666,0.060851466
CDevo-CS-DP-BV-CA,DP,0.0217524173333333,0.06379408
CDevo-CS-DP-BV-CA,DP,0.0078187733333333,0.016578708
CDevo-CS-DP-CA,DP,0.1511326509999999,0.20255494
CDevo-CS-DP-CA,DP,0.2740511483333334,0.21652558
CDevo-DP,DP,0.2652549096666667,0.092332006
CDevo-DP,DP,0.2258781866666666,0.33360147
CDevo-DP-BT-BU-BV-CA,DP,0.011274726,0.007101391
CDevo-DP-BT-BU-BV-CA,DP,0.0082431586666666,0.00051944325
CDevo-DP-BT-CA,DP,0.0109111643333333,0.018353932
CDevo-DP-BT-CA,DP,0.00653259,0.005049878
CDevo-DP-BU-CA,DP,0.034452142,0.03820403
CDevo-DP-BU-CA,DP,0.0455539283333333,0.012644751
CH-DP-BT-BU,DP,0.0088276756666666,0.008208288
CH-DP-BT-BU,DP,0.0092540623333333,0.00080641994
CH-DP-BT-BU-BV-CA,DP,0.0114753046666666,0.0035944767
CH-DP-BT-BU-BV-CA,DP,0.0105450076666666,0.00029711885
CH-DP-BU-CA,DP,0.0209809523333333,0.03757045
CH-DP-BU-CA,DP,0.0233307253333333,0.025186
CH-DP-BV-CA,DP,0.0240126019999999,0.068992496
CH-DP-BV-CA,DP,0.0087460286666666,0.05993926
CS-CH-DP-BT-BU,DP,0.0077180873333333,0.005013919
CS-CH-DP-BT-BU,DP,0.0096901186666666,0.00026805664
CS-CH-DP-BT-BU-BV-CA,DP,0.0128857426666666,0.0043961145
CS-CH-DP-BT-BU-BV-CA,DP,0.013691634,0.00014859646
CS-CH-DP-BT-BU-CA,DP,0.0087283573333333,0.008002609
CS-CH-DP-BT-BU-CA,DP,0.0079007596666666,0.000823728
CS-CH-DP-BU,DP,0.029679228,0.04435944
CS-CH-DP-BU,DP,0.0283395713333333,0.034189638
CS-CH-DP-BU-BV,DP,0.0159526843333333,0.034150932
CS-CH-DP-BU-BV,DP,0.014111347,0.011960052
CS-CH-DP-BU-BV-CA,DP,0.0216032016666666,0.030832704
CS-CH-DP-BU-BV-CA,DP,0.0166095853333333,0.026554206
CS-CH-DP-BV-CA,DP,0.0360300156666666,0.059158534
CS-CH-DP-BV-CA,DP,0.0191677033333333,0.015272209
CS-CH-DP-CA,DP,0.2239934755,0.053746983
CS-CH-DP-CA,DP,0.227023435,0.30335647
CS-DP-BT-BU,DP,0.0104519566666666,0.005162106
CS-DP-BT-BU,DP,0.0102600856666666,0.00019659099
CS-DP-BT-BU-BV,DP,0.008964334,0.010281762
CS-DP-BT-BU-BV,DP,0.0098517176666666,0.0007547591
CS-DP-BT-BU-BV-CA,DP,0.0098551073333333,0.012304217
CS-DP-BT-BU-BV-CA,DP,0.0088380556666666,0.0010462404
CS-DP-BT-BV,DP,0.0114649305,0.02827545
CS-DP-BT-BV,DP,0.012797438,0.022413138
CS-DP-BT-BV-CA,DP,0.009543401,0.018882196
CS-DP-BT-BV-CA,DP,0.0106513955,0.010634692
CS-DP-BU-BV-CA,DP,0.0171775043333333,0.042596173
CS-DP-BU-BV-CA,DP,0.019223022,0.030419419
CS-DP-BU-CA,DP,0.0363472413333333,0.061155427
CS-DP-BU-CA,DP,0.0506712923333333,0.05003793
DP-BT-BU-BV,DP,0.009318092,0.00925224
DP-BT-BU-BV,DP,0.0103098973333333,0.0013608037
DP-BT-BU-BV-CA,DP,0.0077699146666666,0.007678555
DP-BT-BU-BV-CA,DP,0.0098694543333333,0.00027753584
DP-BT-BV-CA,DP,0.0076838173333333,0.023177773
DP-BT-BV-CA,DP,0.0096736583333333,0.010561842
CDevo-CH,CH,0.0367502886666666,0.068658836
CDevo-CH,CH,0.022418357,0.00824103
CDevo-CH-BT-BU-BV,CH,0.012087147,0.0062598726
CDevo-CH-BT-BU-BV,CH,0.012486649,0.00039089736
CDevo-CH-BU-CA,CH,0.047454776,0.015984122
CDevo-CH-BU-CA,CH,0.014791988,0.00011648986
CDevo-CH-DP-BT-BU,CH,0.0071287736666666,0.010546196
CDevo-CH-DP-BT-BU,CH,0.0182585586666666,0.00364046
CDevo-CH-DP-CA,CH,0.0627903346666666,0.018132694
CDevo-CH-DP-CA,CH,0.0389625343333333,8.649924e-05
CDevo-CS-CH-CA,CH,0.0312297436666666,0.07738686
CDevo-CS-CH-CA,CH,0.0283391219999999,0.01585411
CDevo-CS-CH-DP,CH,0.034972823,0.008903343
CDevo-CS-CH-DP,CH,0.0364903723333333,2.972417e-07
CDevo-CS-CH-DP-BT-BU-BV-CA,CH,0.0153399133333333,0.006415474
CDevo-CS-CH-DP-BT-BU-BV-CA,CH,0.023580674,0.00077009876
CDevo-CS-CH-DP-BU,CH,0.0260427443333333,0.010607965
CDevo-CS-CH-DP-BU,CH,0.028260656,0.0001861566
CDevo-CS-CH-DP-BU-BV,CH,0.0531274656666666,0.022543317
CDevo-CS-CH-DP-BU-BV,CH,0.0266413196666666,0.010406754
CH-BU-BV-CA,CH,0.0876132179999999,0.07644238
CH-BU-BV-CA,CH,0.051728243,0.068799585
CH-DP-BT-BU,CH,0.0148175843333333,0.013925333
CH-DP-BT-BU,CH,0.033856156,0.0047587
CH-DP-BT-BU-BV-CA,CH,0.0112030956666666,0.012812263
CH-DP-BT-BU-BV-CA,CH,0.0382193293333333,0.0031167052
CH-DP-BU-CA,CH,0.0406869723333333,0.058309846
CH-DP-BU-CA,CH,0.0508661516666666,0.018490458
CH-DP-BV-CA,CH,0.0557037503333333,0.09506626
CH-DP-BV-CA,CH,0.012109814,0.00237776
CS-CH-BT-BU,CH,0.007322841,0.012907551
CS-CH-BT-BU,CH,0.0128316303333333,0.0010164516
CS-CH-BT-BU-BV-CA,CH,0.0120282379999999,0.008938352
CS-CH-BT-BU-BV-CA,CH,0.0229560296666666,0.00077138445
CS-CH-BT-BU-CA,CH,0.0065401706666666,0.020620288
CS-CH-BT-BU-CA,CH,0.0111587566666666,0.006962348
CS-CH-BT-CA,CH,0.008188731,0.011169717
CS-CH-BT-CA,CH,0.004019581,0.00033935934
CS-CH-BU-BV,CH,0.1203924673333333,0.053687334
CS-CH-BU-BV,CH,0.0930160553333333,0.036322623
CS-CH-BV-CA,CH,0.2967219246666667,0.17034651
CS-CH-BV-CA,CH,0.1138219923333333,0.05708304
CS-CH-DP-BT-BU,CH,0.0105807559999999,0.0066310344
CS-CH-DP-BT-BU,CH,0.039322223,0.00055295805
CS-CH-DP-BT-BU-BV-CA,CH,0.0208553463333333,0.009587874
CS-CH-DP-BT-BU-BV-CA,CH,0.0626050313333333,0.0010395383
CS-CH-DP-BT-BU-CA,CH,0.006494634,0.0175545
CS-CH-DP-BT-BU-CA,CH,0.0196714419999999,0.009851542
CS-CH-DP-BU,CH,0.0348808409999999,0.047742445
CS-CH-DP-BU,CH,0.0690188236666666,0.0605283
CS-CH-DP-BU-BV,CH,0.044667428,0.043264505
CS-CH-DP-BU-BV,CH,0.045610352,0.049113087
CS-CH-DP-BU-BV-CA,CH,0.03506555,0.047931444
CS-CH-DP-BU-BV-CA,CH,0.03256672,0.00930247
CS-CH-DP-BV-CA,CH,0.079461189,0.065954536
CS-CH-DP-BV-CA,CH,0.026659996,0.010143844
CS-CH-DP-CA,CH,0.0491114625,0.15276392
CS-CH-DP-CA,CH,0.089406531,0.5651319
