parameter,0.0,1e-08,1e-07,1e-06,1e-05,0.0001,0.001,0.01,0.1,1.0
CA,0.19646744,0.19665599,0.15538044,0.20774257,0.18391247,0.1420367,0.14360657,0.14155298,-0.0001744401,-6.229225e-05
BT,1.0568255,1.0602566,1.0822153,1.062331,1.0701511,1.0876117,1.0151091,0.0005168139,0.24449113,7.967944e-05
BU,0.9165213,0.9229789,0.9154528,0.91122293,0.92636,0.920974,0.8348752,0.5491155,0.21029884,-5.3965043e-05
CD,0.6195418,0.63648987,0.604889,0.594815,0.6097428,0.5910847,0.53807014,0.19243851,0.18505327,-0.00021715897
BV,0.7493056,0.7792656,0.7463961,0.8106955,0.75894564,0.7193686,0.66461414,0.20745234,0.0001726992,5.104101e-05
CS,0.3202148,0.30326962,0.31694734,0.34104443,0.31183177,0.2977286,0.1817931,3.2660646e-05,1.97006e-06,-0.00017434893
DP,0.49766818,0.502349,0.4614338,0.48969236,0.48335785,0.4483371,0.16303451,0.14947516,0.0002089501,7.138833e-05
CH,0.4992316,0.47467956,0.48482126,0.51363623,0.46893758,0.41861346,0.17127216,0.00034887207,0.0001178993,-6.104895e-05
CA<-CA,-0.8405969,-2.034628,-0.2606556,-0.98194104,-0.8523955,0.02448029,-0.011454749,1.7866189e-05,0.00010387264,-5.4230528e-05
CA<-BT,-0.12333246,-0.057051957,-0.09531039,-0.12407562,-0.09886955,-0.03235809,-0.050385237,9.9483965e-05,1.1219316e-05,-0.00028483904
CA<-BU,-0.07024729,-0.08938357,0.025984008,-0.050507225,-0.01748395,0.07903587,0.0121052535,0.005812516,-0.00015027769,5.0294828e-05
CA<-CD,-0.14746748,0.17062947,-0.08452846,-0.21704717,-0.096989915,0.008064265,0.021319335,4.96009e-05,0.00010352365,0.0001501142
CA<-BV,-0.19552043,-0.11828028,-0.037828244,-0.21005942,-0.16952837,-0.0006754063,-0.0025168993,0.00010568948,6.536713e-05,-0.00027037185
CA<-CS,3.2764056,4.5270247,1.4884492,3.5417306,3.4483347,0.3520823,0.0009076113,0.00014848622,-1.9881481e-05,0.00010453747
CA<-DP,0.4624374,1.6341437,0.3007093,0.5960749,0.519635,0.24189207,0.000349588,-0.00011393542,0.00020781129,7.6579534e-05
CA<-CH,1.1964362,1.770863,0.3485071,1.0365549,1.1005124,0.25317886,0.0028573098,6.0278537e-05,-6.918985e-05,0.00012384958
BT<-CA,-0.5235456,-0.4649298,-0.532743,-0.48673478,-0.6159705,-0.5072214,-0.0013222332,-8.562721e-05,3.3976925e-05,-0.00025433925
BT<-BT,-1.0511003,-1.0540955,-1.0479295,-1.0531737,-1.0649643,-1.038033,-0.98141795,-5.86456e-06,-0.0062300786,0.00020019503
BT<-BU,-0.65641046,-0.70562387,-0.6679128,-0.6966791,-0.6543643,-0.7496097,-0.63803226,-0.00029206712,0.00091153843,-0.0001773485
BT<-CD,0.35158977,0.33780754,0.18486477,0.34580475,0.19627367,-0.24067158,-0.19048806,-0.00017373961,-0.00017354851,-9.243505e-05
BT<-BV,-0.22603817,-0.06981938,-0.048818663,-0.100608654,-0.07072226,-0.38640276,-0.24564949,0.00017004968,0.00019676008,0.00018707501
BT<-CS,3.0789866,3.3346984,1.9819043,3.72862,2.6695087,0.0003143268,-0.0006510736,-0.00029248517,6.108293e-05,0.00013671836
BT<-DP,2.1451998,2.449666,1.1298637,1.9027005,2.086488,1.5120021,-0.0008084852,0.00015355124,-0.00033399684,0.00011982086
BT<-CH,0.17056094,0.13238326,-0.093569465,-0.087716214,-0.153278,0.10198856,-0.002892992,0.00022241802,8.8552944e-05,6.02741e-05
BU<-CA,-0.60135764,-0.3533416,-0.803813,-0.71248895,-0.6095994,-0.5735532,-0.005141651,-0.00026438772,7.3894065e-05,-3.4190758e-05
BU<-BT,-0.7574937,-0.7717431,-0.7571814,-0.7628585,-0.7814533,-0.7687482,-0.66390437,-0.00038891454,0.0004340468,-0.00010500185
BU<-BU,-0.955105,-0.9686381,-0.94631785,-0.96469325,-0.9680488,-0.9480584,-0.9042355,-0.7885768,-0.00024353263,8.119061e-05
BU<-CD,-0.7286242,-0.69160193,-0.7188866,-0.7281056,-0.7429829,-0.7057776,-0.5898002,-0.009379139,6.514801e-05,2.3068518e-05
BU<-BV,-0.76674324,-0.7658419,-0.6939705,-0.77417827,-0.7625939,-0.7556483,-0.5005874,0.00021936999,-0.00036930258,-0.00020137324
BU<-CS,0.04596907,-0.98948234,1.2202764,1.7045361,0.12926707,0.007570674,8.160774e-05,-8.156834e-05,-3.687931e-05,-6.934655e-05
BU<-DP,0.566464,0.8843813,-0.17126586,0.22777708,0.12813002,0.015823577,0.0015725446,0.000121608435,-5.6246747e-05,0.0002703789
BU<-CH,0.662257,0.6838588,0.6062513,1.3004864,0.9232057,0.2923297,0.0002591005,0.0001918886,0.00015604618,5.8491314e-05
CD<-CA,-0.6235886,-0.6665141,-0.77137625,-0.37805852,-0.5093035,-0.8105977,-0.00037368463,0.00048893737,1.7626018e-05,6.911219e-05
CD<-BT,-0.3613154,-0.39065662,-0.35287493,-0.3353546,-0.37234992,-0.4455584,-0.43171242,0.00016907974,0.00067935506,-9.56258e-06
CD<-BU,0.005995585,-0.037932742,-0.00026799808,0.0626346,0.021951724,-0.09858722,-0.012278231,0.012712865,0.00016937868,-2.5058944e-06
CD<-CD,-1.3032626,-1.2296857,-1.2737771,-1.3248523,-1.2812313,-1.1735319,-1.2820567,-0.000327445,0.00042575842,4.6561836e-05
CD<-BV,0.23855323,0.17543837,0.23490618,0.26647118,0.2314422,0.08454965,0.18777795,0.0053952513,0.00018403462,0.0001605702
CD<-CS,-0.96487397,-1.6041907,-0.5678095,1.7209841,0.51886415,-0.0046318923,-0.00043080217,7.348623e-05,0.000114278926,0.00018184038
CD<-DP,-0.51143545,-0.64097214,-0.55661535,-0.41626394,-0.4651325,-0.5986692,-0.015582309,-0.00078780367,0.00017338153,0.000105392945
CD<-CH,-1.0418453,-1.1669807,-1.0880027,-0.8672886,-0.96328557,-0.86671126,-0.030699018,0.00019969224,1.1279565e-05,1.150083e-05
BV<-CA,-0.49769253,-0.37000522,-0.6438324,-0.4515368,-0.42551324,-0.0015669068,-0.00089516613,6.82245e-05,-7.800121e-06,0.00016964818
BV<-BT,-0.70491564,-0.727678,-0.7023071,-0.76060253,-0.69933707,-0.678177,-0.6253508,-0.00023641292,8.080693e-06,-0.00014932943
BV<-BU,-0.5788934,-0.6100278,-0.63439196,-0.62290645,-0.6468378,-0.63576734,-0.5339055,-0.0007742137,7.355541e-05,-2.3001558e-06
BV<-CD,-0.4304195,-0.44706404,-0.45413992,-0.49805948,-0.46659547,-0.41145298,-0.34521833,-0.0013574505,-3.8433107e-05,1.824346e-05
BV<-BV,-0.72278523,-0.72959864,-0.69597244,-0.7522306,-0.7116567,-0.6948443,-0.6357038,-0.0033395027,0.00034589157,1.577595e-06
BV<-CS,-0.26718238,-0.71009934,-0.28880498,-0.8747178,-0.6792895,-0.001923897,-0.00058014295,-2.6505397e-05,0.00023664522,-0.0002062633
BV<-DP,-0.24575257,-0.3474031,-0.46677488,-0.73963606,-0.4453553,-0.020940036,0.0011177763,-6.4579595e-05,5.6120392e-05,0.00013271795
BV<-CH,-0.32785434,-0.44551057,-0.29394603,-0.4035755,-0.36912078,-0.52883023,0.00083582883,0.0001838918,0.00015069859,5.4124894e-06
CS<-CA,-0.9919747,-0.48694253,-0.8705286,-0.67758465,-0.77460915,-0.010323145,-2.8469367e-05,-0.00013155941,-1.8968763e-05,-0.00017015537
CS<-BT,-0.26941252,-0.28293297,-0.25908306,-0.29297045,-0.23235667,-0.29168043,-0.12622483,-9.5174866e-05,-0.00014400636,2.4866313e-06
CS<-BU,-0.17055607,-0.13357331,-0.18694176,-0.26556152,-0.1804787,-0.27531558,-0.12502076,5.301612e-06,0.00016135542,0.00014974117
CS<-CD,-0.7320031,-0.6200125,-0.7508669,-1.003895,-0.8252158,-0.69929713,-0.37074745,-3.8513725e-05,4.138508e-05,0.00016790046
CS<-BV,-0.07026783,-0.17752379,-0.11625742,-0.08069486,-0.13277368,-0.30296284,-0.11130273,-0.00020643043,8.838162e-05,-3.743873e-05
CS<-CS,-0.57770205,-0.5268482,-0.56452924,-0.61448586,-0.55656433,-0.51152784,-0.111128494,1.1616314e-05,8.078878e-05,-1.1591743e-05
CS<-DP,-0.21509501,-0.25276276,-0.57458985,-0.16038744,-0.3894138,-0.6933208,4.4094777e-05,0.00011168638,-2.4716457e-05,-0.000106175496
CS<-CH,-0.95812094,-0.63816017,-1.2379177,-0.35569644,-1.027631,-0.004482988,-9.416643e-05,-5.167272e-05,-3.1848114e-05,-0.00018285564
DP<-CA,-0.3730314,-0.45599988,-0.6132772,-0.3241766,-0.38653174,-0.67072755,2.0221749e-05,-0.00017805309,-0.00013039069,0.00012911568
DP<-BT,-0.3838571,-0.4217934,-0.41531172,-0.40820754,-0.42667887,-0.38173813,-0.09672267,0.00018488787,4.4540393e-05,-0.00026598183
DP<-BU,-0.5297343,-0.52094454,-0.42266032,-0.5352395,-0.49483123,-0.3750195,-0.066259794,0.0009588691,-0.00016810332,-4.725998e-05
DP<-CD,-0.3650005,-0.3541539,-0.41749465,-0.4325332,-0.40937367,-0.35883123,-0.008349904,0.00077320525,0.00010958017,-1.92257e-06
DP<-BV,-0.4922674,-0.56350964,-0.4373585,-0.350058,-0.43358842,-0.4184072,-0.08389088,-3.2134798e-05,0.00013891254,-8.903024e-05
DP<-CS,-1.4887267,-1.2454987,-0.51543725,-0.3908472,-0.35920125,-0.00088161323,0.00010344413,0.00011905428,3.706132e-05,0.00013909639
DP<-DP,-1.5050722,-1.545334,-1.3811712,-1.4842442,-1.4641466,-1.3497041,-0.2391875,-7.4975265e-05,-8.746056e-05,-0.00024599617
DP<-CH,-0.107000306,-0.03281437,-0.01363518,-0.4380095,-0.24346836,-0.0031997461,1.5662197e-05,-0.0001001444,1.741536e-05,-0.00010766041
CH<-CA,-0.6234992,-0.55579793,-0.8834078,-0.5103445,-0.5568959,-0.79935414,0.0010209027,3.0915427e-05,6.177252e-05,6.803836e-05
CH<-BT,-0.30358103,-0.24895252,-0.28308013,-0.3546091,-0.30950877,-0.32274106,-0.06539437,0.00010366775,-0.00011693088,0.00013215828
CH<-BU,-0.35592282,-0.34770918,-0.26799503,-0.36534008,-0.3335982,-0.253254,-0.058615748,0.00012316275,3.394803e-05,0.00020746153
CH<-CD,-0.97719467,-0.8644186,-0.8450329,-1.0185155,-0.88849807,-0.6614536,-0.08824069,-5.418662e-05,9.257236e-05,0.00010637222
CH<-BV,0.10231094,0.13830255,-0.033115946,0.106810935,0.17131491,-0.26468363,-0.04198464,0.00022307025,-5.766849e-05,0.00017928382
CH<-CS,-2.0284111,-1.1810334,-2.707636,-3.0016513,-2.8367932,-1.1174761,-0.00026221116,-1.9664483e-05,-4.9902068e-05,-4.3208544e-05
CH<-DP,-1.6408273,-1.264637,-0.88647544,-1.4511153,-1.2494918,-1.2374431,0.0006130559,2.5334268e-05,-0.00013414636,-1.4607533e-05
CH<-CH,-0.86957026,-0.8581249,-0.8368271,-0.8565565,-0.84679574,-0.71355104,-0.009164711,-0.00010859352,-7.2122966e-05,-0.00027328375
CA<-[BT*BU],-0.18979509,-0.42872998,-0.15562488,-0.25226447,-0.2867205,-0.23032741,-0.0066270474,0.00030499254,0.00014264153,-9.290257e-05
CA<-[BT*CD],1.2629839,1.5297866,1.0448023,1.287183,1.1571134,0.56160027,0.0055685113,-3.530465e-05,0.00015672704,4.8851613e-05
CA<-[BT*BV],-0.607185,-1.4138354,-0.31355068,-0.70917034,-0.7758885,-0.30727452,-0.0003482489,-0.00011732557,-3.4890894e-05,2.2315377e-05
CA<-[BT*CS],-4.473155,-5.5539494,-1.6996839,-3.413144,-1.8421258,-0.00020292187,0.00022387935,0.00013701673,-0.00021812812,-9.071815e-05
CA<-[BT*DP],2.4018757,-0.53491014,2.9536371,2.2466557,2.0178022,-4.0338287e-05,-2.2522778e-05,8.885414e-05,-0.000109598506,9.583055e-07
CA<-[BT*CH],1.226364,-0.82937133,0.42764574,0.033670228,-1.3978179,-1.7294728e-05,3.792344e-05,-0.00015318378,0.00012592494,4.874955e-05
CA<-[BU*CD],0.39479873,0.30656916,0.14615358,0.38409206,0.25550327,-0.030250596,-3.160305e-05,-2.4567784e-05,0.00011166159,-0.00026256227
CA<-[BU*BV],0.063852906,-0.21348211,-0.029328393,0.107021384,0.07959514,-0.04009199,-0.020511726,2.3284272e-05,1.8070117e-05,0.00032595498
CA<-[BU*CS],2.2813213,3.483809,1.3986964,3.0460799,1.7091614,-0.0004732537,5.5088e-05,0.00018497308,-6.393908e-05,1.2717133e-05
CA<-[BU*DP],0.18271089,0.7708271,-0.025722316,0.33765686,-0.0011461838,-6.0659655e-05,0.0009916871,7.774515e-05,-0.00030405878,-5.6996192e-05
CA<-[BU*CH],-1.5641658,-1.2563684,-1.1833979,-1.7834798,-1.7028998,-1.4077333,0.0008910131,-0.0001441075,-0.00023788403,-0.00016509646
CA<-[CD*BV],0.19667041,-0.31486794,-0.044768896,0.24900737,0.0976897,0.023206044,-3.0573538e-06,-7.220671e-05,3.2713775e-05,-1.9184645e-05
CA<-[CD*CS],1.6052774,3.054911,0.9471995,2.0461779,0.008651578,0.0064638364,-0.00022216469,-0.00021664509,-8.099759e-05,-9.3291004e-05
CA<-[CD*DP],-0.19189058,-1.380049,0.023377568,-0.33110848,-0.15856221,0.007501684,1.8907383e-05,-0.00018144709,-6.2303734e-06,-0.00010820999
CA<-[CD*CH],1.8231705,6.574445,2.3211775,2.9270763,1.7920827,1.1282398,0.0012944695,-8.4286876e-05,0.00019243112,-2.1839493e-05
CA<-[BV*CS],2.307472,1.1470556,0.84859055,0.7384429,0.6672605,0.00019594311,0.0001110107,-3.406364e-05,-0.00021593546,-1.05608815e-05
CA<-[BV*DP],2.861418,0.8708962,0.9778733,2.0625148,1.5796218,0.012932112,-5.2012263e-05,-0.00025505634,0.000103368046,-0.00012882246
CA<-[BV*CH],-0.6027578,-0.89280814,-0.1672356,-0.48537013,-0.6597913,-4.086169e-05,-0.00036337055,-0.00031273547,-3.839536e-05,-0.00028859318
CA<-[CS*DP],1.6331623,5.729079,0.34153047,1.2101853,-0.0047647906,9.360803e-06,-3.256937e-07,-4.296562e-06,-6.8682464e-05,0.00013794955
CA<-[CS*CH],-1.3700932,-2.288101,-1.322125,-0.7398235,-0.00034397963,3.451214e-05,-0.00026797515,9.8401935e-05,0.00020376088,-0.000106368294
CA<-[DP*CH],6.7946644,5.1890187,-1.0421606,1.8581352,0.025226537,-0.00024169285,1.349629e-05,0.00012369608,-8.765095e-05,-0.00019215241
BT<-[CA*BU],0.7100503,2.3580515,-1.1047741,1.246945,0.034910142,0.0052543725,0.00011744446,-5.9544072e-05,0.00026066697,6.1565624e-06
BT<-[CA*CD],-1.1479559,-1.0046818,-2.7030346,-1.3719401,-0.0039161053,0.0016096135,-3.2726894e-06,6.0182338e-05,8.205312e-05,9.782344e-05
BT<-[CA*BV],-2.704233,-3.3542295,-4.0955763,-2.2741554,0.00023450534,-4.8048794e-05,-0.00010914973,4.7720925e-05,0.00012540646,6.1541155e-05
BT<-[CA*CS],5.3636637,6.3088264,-0.48932147,-0.0023233332,-0.00036035923,3.19998e-05,3.666879e-05,-3.686606e-05,-0.00028902548,-0.00010579922
BT<-[CA*DP],-1.2244556,-2.4669836,-4.1553965,-0.009676724,-0.009703508,-0.00019123193,0.00018460672,0.00017346368,7.831663e-05,0.00013498211
BT<-[CA*CH],4.5809636,6.4905305,6.419219,0.0035383168,-0.00045778096,-2.6364884e-05,-0.00043303287,3.1271375e-05,-0.00010087582,-9.369228e-05
BT<-[BU*CD],-0.929046,-0.86616737,-0.5755839,-1.0073698,-0.6424033,-0.005331231,-0.0026773151,-0.00036596175,3.0177369e-05,0.00025041384
BT<-[BU*BV],-1.6974102,-1.6793268,-2.5340824,-1.6269393,-1.8936335,-0.5324695,-0.00059263164,6.684832e-05,-0.00015247849,-0.00012273423
BT<-[BU*CS],-0.77415186,0.05764041,-0.8995145,0.3545375,0.0037649756,-0.00010345053,5.6017885e-05,5.05224e-05,0.00020264607,-0.00010988442
BT<-[BU*DP],-0.8598258,0.22664788,-2.6158667,-0.12112059,0.0015230405,-0.00020649219,0.00020205812,-0.00012715987,0.00024869773,0.00012102313
BT<-[BU*CH],1.1618959,1.186657,-0.3141563,2.045645,0.004639532,-0.00035356457,-0.0002346945,0.00014738005,0.00016122988,-6.648695e-05
BT<-[CD*BV],-3.5038188,-3.5691056,-3.657608,-3.5984957,-3.1355896,-0.004216876,-9.43699e-06,-9.836446e-05,6.6675755e-05,3.6666315e-06
BT<-[CD*CS],2.913691,4.869728,3.46945,0.9931913,-0.00043048817,-5.7345052e-05,3.0827017e-05,-0.00017401819,8.0426944e-05,3.5528727e-05
BT<-[CD*DP],-9.686593,-7.69144,-4.55444,-8.560297,-0.0039476217,0.000112964364,-0.00021717983,1.7090424e-06,5.2102732e-05,0.00033124516
BT<-[CD*CH],-5.864904,-5.1574216,-3.6795113,-2.3283372,-0.023067527,-0.00013459307,8.474728e-05,0.00023499556,-6.6317705e-05,4.2309337e-05
BT<-[BV*CS],-1.2328384,-2.904588,-5.226897,-1.4592265,-0.00010923389,6.497491e-05,9.508136e-05,2.7407485e-05,-9.627038e-07,-5.3591368e-05
BT<-[BV*DP],7.4505744,5.791084,4.1287847,6.3763995,0.0066386387,-0.00012751188,-0.00013832827,2.2991298e-05,-1.1095355e-05,-2.3922978e-05
BT<-[BV*CH],0.73975235,0.91612417,0.70466775,0.51098025,0.013058975,5.4917695e-05,-5.6227254e-05,-2.9041874e-05,-0.00012386573,-0.00012634002
BT<-[CS*DP],2.400928,-0.8178981,6.8955874,-0.00036363507,0.00028566603,0.00015158071,9.799625e-05,-0.00020178678,0.00022263727,-0.0002216924
BT<-[CS*CH],8.977818,8.978658,10.671063,2.398934,0.00019623469,-1.7938626e-05,-7.7125434e-05,-3.629657e-05,-7.7522156e-05,-9.878418e-05
BT<-[DP*CH],-9.049711,-6.587522,-8.720848,-0.0031135627,0.0008504989,2.1118496e-05,0.00032309155,-0.0001904968,4.4859764e-05,0.00015598028
BU<-[CA*BT],0.5501878,0.95312405,0.9073377,1.1112151,0.6532832,0.00391452,-0.0009516549,-0.00024126002,6.193051e-05,0.00014029985
BU<-[CA*CD],-0.048163865,-1.0752621,0.4912937,0.5367604,0.20819503,0.015366083,0.00020531988,-7.7258854e-05,2.5043773e-05,1.3862373e-06
BU<-[CA*BV],-1.316442,-1.2501032,-1.4799165,-0.95769703,-0.56584406,0.0019428309,0.00010912497,-3.2291937e-06,-0.00027589485,-8.703853e-05
BU<-[CA*CS],-3.0454056,-2.9872875,-2.8289738,-1.3381547,1.2085202e-07,-5.1389594e-05,5.135221e-05,-1.813138e-05,3.785608e-05,0.00025920014
BU<-[CA*DP],0.95120037,1.2802694,2.7387478,1.0143167,0.015900008,-3.5182456e-05,3.1921503e-05,0.00011345074,-6.0958846e-05,-4.3128894e-05
BU<-[CA*CH],5.7957764,5.9608445,6.606665,3.6507776,0.0019322409,-0.00012832042,-2.4090725e-05,-0.0001236175,0.000106794025,-7.65201e-05
BU<-[BT*CD],0.32927704,0.27932936,0.37002504,0.32460174,0.3598947,0.28305966,0.010093979,0.00025544415,-0.00013351753,8.823347e-05
BU<-[BT*BV],0.3922973,0.40832946,0.34861627,0.5029157,0.40303737,0.587357,0.016605485,-0.000103822866,2.944451e-06,-0.00022950313
BU<-[BT*CS],1.138147,2.5755787,0.6080666,0.43068302,0.8282964,0.003675889,0.00032280863,-0.00024028379,0.00016401715,3.7169997e-05
BU<-[BT*DP],-1.8401414,-1.6694924,-0.9484595,-0.6147841,-0.17530912,-0.00040701136,-0.00042430178,-0.00013883536,-7.665949e-07,0.00014438858
BU<-[BT*CH],-1.4350283,-1.3747028,-0.80666417,-1.6972339,-1.4278351,-2.7964656e-05,0.00027223883,0.00022920666,-0.00010141854,-8.63531e-05
BU<-[CD*BV],0.3197211,0.15337083,0.11284332,0.24102242,0.2634881,0.019727701,-2.337966e-05,-6.2840045e-05,2.6182162e-05,0.00016300599
BU<-[CD*CS],-1.3078856,-2.9100742,-1.6135739,-1.3124604,-0.011750782,0.0007455843,-8.2982486e-05,0.00014497104,0.00014616214,0.00014539988
BU<-[CD*DP],-0.19460441,-0.52066696,1.2016851,0.3426237,0.5759824,0.011845454,-0.00016898788,-5.046273e-06,9.985798e-05,-8.7159046e-05
BU<-[CD*CH],-2.1103327,-2.4477766,-2.031367,-3.9391637,-1.4419485,-0.00017245513,-0.00026648122,9.5717136e-05,-9.7097414e-05,-0.0003291462
BU<-[BV*CS],-0.38091764,-0.5650215,0.79232585,1.4678104,0.015336781,0.001171251,-0.0005163214,-0.00029408553,-0.00043340516,-1.0233562e-05
BU<-[BV*DP],-2.0085762,-1.7886231,-2.0395336,-1.9303219,-1.7244982,0.0029171833,-0.00045231692,-9.377094e-06,-3.2069885e-05,0.00025479
BU<-[BV*CH],1.2852738,1.6524575,0.3457935,2.2374496,0.26643622,0.0087494105,0.00021914231,0.00010200279,1.3037599e-05,3.167079e-05
BU<-[CS*DP],0.17647374,0.36239514,-2.2291603,0.010496732,-0.0006664292,-0.00017813464,-7.0777714e-05,3.5700723e-06,6.792665e-05,-0.00047105458
BU<-[CS*CH],-1.8932946,-1.4989935,-1.5195856,-0.005227399,-0.0046449113,0.00015179256,0.00022100215,1.7469065e-06,9.738312e-05,0.00018844596
BU<-[DP*CH],1.7066818,2.631995,1.0048907,1.243777,-0.00033953585,-3.1827076e-05,-0.00027918,-5.4274817e-05,5.678e-05,9.090767e-06
CD<-[CA*BT],-0.95391375,-0.6127741,-1.0920018,-1.0904192,-0.7175375,0.0014285243,-0.00049747777,0.00019067789,-9.135659e-05,0.00016068539
CD<-[CA*BU],-1.2925687,-1.0487468,-1.2897826,-1.5406561,-1.3982676,-0.25275064,1.5603744e-05,0.00015956737,0.00014357465,-3.222511e-05
CD<-[CA*BV],-3.7301655,-3.2785711,-3.4940526,-3.9469423,-3.3973577,0.0054212203,-3.8498154e-05,-7.12157e-05,0.000286397,-0.00012902266
CD<-[CA*CS],4.5672784,7.136476,3.3557127,3.3498385,0.005560624,5.2805834e-05,4.4310873e-06,0.00024934812,-2.2234839e-05,0.0002831464
CD<-[CA*DP],2.6235807,2.82943,3.5012314,1.9569634,2.06747,0.0046749427,-3.6754976e-05,0.00027253543,-8.0429054e-05,-0.00015279007
CD<-[CA*CH],0.16785723,1.1550344,0.48150414,-0.80398947,-0.008602459,-0.0040585585,-5.5202523e-05,6.0157327e-05,0.00013591058,-0.00020022302
CD<-[BT*BU],-0.66233224,-0.60315967,-0.66795605,-0.6930463,-0.5981465,-0.27802947,-0.0073057874,1.3740428e-06,-6.511378e-05,-4.3048585e-05
CD<-[BT*BV],-0.55577266,-0.68769836,-0.36686993,-0.62462914,-0.42447194,-0.000828667,-9.98701e-05,5.4691976e-05,0.00016916174,-0.0001462383
CD<-[BT*CS],-3.2415242,-1.8821346,-4.186781,-4.837032,-1.0066812,-3.285204e-07,7.604937e-05,-3.0015595e-05,0.00012834137,5.067585e-05
CD<-[BT*DP],-4.213319,-4.5574117,-3.95968,-4.097394,-3.3018782,3.26506e-06,-9.998158e-05,0.000118018004,8.933713e-05,0.00042438426
CD<-[BT*CH],-0.72043324,-0.68106216,-0.69127774,-0.9008984,-0.42230862,5.44956e-05,0.0002756529,0.00015436788,-5.991006e-05,0.00022898043
CD<-[BU*BV],-0.9580185,-1.0049642,-0.86978304,-1.0564638,-0.9258469,-0.5338387,6.744232e-05,-0.00011783138,-0.00043816137,0.0003581665
CD<-[BU*CS],2.8489997,1.5821903,2.985924,2.1130354,0.41044182,0.0005373733,-4.750808e-05,-6.577935e-05,0.00016982936,0.00010897698
CD<-[BU*DP],-2.1505268,-1.1952206,-1.9972078,-2.563437,-1.861546,-0.028143615,0.00020979485,1.0611249e-05,-0.00019533251,0.00019496995
CD<-[BU*CH],-1.7855145,-1.6055284,-1.6002804,-2.2462072,-1.798003,-0.96394205,9.765119e-05,4.7453646e-05,0.00013860987,-6.7375368e-09
CD<-[BV*CS],-3.1401649,-3.5197785,-4.0986648,-3.9176772,-1.9695346,-0.00066403777,0.0001898344,6.3872503e-06,0.00020198581,4.042976e-05
CD<-[BV*DP],-3.1830459,-2.8075151,-4.0290318,-3.269102,-3.145586,-0.00036136457,-0.00014188334,1.6992773e-05,-0.0002705966,0.00044538226
CD<-[BV*CH],0.29037556,0.6422719,0.5100447,0.08964483,0.265964,-0.00012088355,-3.1034127e-05,0.0002854277,-2.625992e-05,4.7854555e-05
CD<-[CS*DP],0.4302462,1.5212824,1.1149448,1.2505935,0.0019229762,6.546402e-05,-0.00015018863,6.480424e-05,-1.4693069e-07,0.00019124705
CD<-[CS*CH],6.641924,0.19237086,8.006731,7.003826,0.0031847928,-0.003246038,5.8270147e-05,-0.00028960465,-6.786085e-05,-0.00018623922
CD<-[DP*CH],6.5467362,4.0825377,1.9698422,2.1123261,0.007380625,-0.00029552152,-0.00016863248,-0.000182688,-9.562791e-08,-0.00012549886
BV<-[CA*BT],2.2097502,2.0262804,1.8632866,2.339153,0.85953915,-0.004479315,0.00021609693,4.604797e-05,0.00015543541,-0.0001003075
BV<-[CA*BU],-0.6394938,-0.5334205,-0.05968098,-0.67940927,-0.28233045,-0.00081227976,-0.00016019573,0.0001327608,-0.00023435519,-9.2359944e-05
BV<-[CA*CD],1.1978438,0.6879757,1.1444081,1.4073527,1.0699277,-0.009898733,7.739934e-05,-0.00026831345,-0.00013731001,0.00010151467
BV<-[CA*CS],-0.8259739,-1.782797,0.2751354,-0.030106438,0.00055853487,-0.000119036056,6.1109975e-05,0.00013343341,-5.7214083e-06,0.00013613544
BV<-[CA*DP],-1.2474006,-0.11694655,-2.922486,-2.150357,-0.9929856,0.00061271276,0.000277384,-0.0001608208,5.4362885e-05,0.00014379225
BV<-[CA*CH],4.226121,3.0349562,3.5479121,3.6897705,2.387867,0.00034592653,-7.399437e-05,2.4539419e-05,-5.6975136e-05,3.7102407e-05
BV<-[BT*BU],-0.10922394,-0.12784083,-0.020364925,-0.14751376,-0.06492865,0.0044573313,3.939157e-05,-4.1631705e-05,0.00021965752,-0.00018835936
BV<-[BT*CD],0.35993168,0.37717152,0.33082792,0.3807154,0.42388347,0.38021925,-3.4723016e-05,-5.685318e-05,-2.8927288e-05,-5.0343144e-05
BV<-[BT*CS],0.8756359,0.65718627,1.255638,1.330129,0.022985755,-0.0021573592,-0.0004919703,0.00019579187,-4.494806e-05,-3.735609e-05
BV<-[BT*DP],-1.5513779,-0.98947406,-2.9390442,-2.2878444,-1.1865638,-0.013060496,-0.00014142769,-0.00015398629,-0.00011152382,-9.316197e-05
BV<-[BT*CH],-0.111000404,0.17309809,-1.1784929,-0.90095437,-0.010077339,0.0004891821,0.00030252378,-6.284956e-05,-2.1354746e-05,-0.00024352157
BV<-[BU*CD],-0.00045729242,0.004634783,0.16052267,0.021501457,0.071642816,-0.0053046714,-0.0017507622,4.1078893e-06,9.669876e-06,0.00024129127
BV<-[BU*CS],-1.8520267,-0.4851903,-1.9951541,-2.354762,-0.11681133,-0.015212169,0.00040273782,-0.00015392904,0.00018475359,-8.212355e-05
BV<-[BU*DP],-0.3642727,-0.20672238,0.44526955,-0.051063646,0.029058235,-0.00080413127,-0.00059817155,8.1832026e-05,0.000231321,-0.0002185226
BV<-[BU*CH],-1.4331985,-1.5944777,-0.7702824,-1.978114,-0.48647687,-0.008582027,0.00014973409,6.7931134e-05,2.7755552e-05,8.1157676e-05
BV<-[CD*CS],3.5600572,2.4373174,3.272973,3.6723807,0.264807,-0.0016800326,-0.00027587783,1.165607e-05,-1.5850761e-05,-6.526691e-05
BV<-[CD*DP],-2.4829865,-2.5337322,-2.2698908,-1.2519457,-1.2141091,-0.002565448,-0.0001056451,-6.862823e-05,-9.826386e-05,5.072041e-06
BV<-[CD*CH],-1.1028646,-0.53813285,-1.165439,-0.7345353,-0.80053514,0.0059850854,0.0001348494,0.00025054853,-9.82333e-05,9.405546e-05
BV<-[CS*DP],0.5041177,0.8760273,1.0088075,1.1908375,-0.0002984086,-0.00014233083,2.8010123e-05,-0.00013343131,2.9823896e-05,-0.00026747162
BV<-[CS*CH],-2.548791,-1.6090348,-3.044386,-1.7421656,-0.0002543866,0.00021790116,6.296279e-06,0.00014289754,8.961849e-05,-0.0003383342
BV<-[DP*CH],0.94655836,-0.2600317,-1.4341202,2.2028563,0.00037137052,0.00032530352,0.000120413424,-7.525082e-05,3.752928e-05,5.7747595e-05
CS<-[CA*BT],0.47724494,-0.08186652,1.0304729,-0.46367195,-0.011093479,4.174989e-05,7.022516e-05,-5.9107126e-05,-0.00025396768,0.00015313123
CS<-[CA*BU],0.3765603,0.42618063,-0.3820867,0.36450747,0.26954797,-0.0020369897,-7.770037e-05,0.00012324174,-6.9261165e-05,-0.00011266858
CS<-[CA*CD],-0.02957628,-1.589031,1.3292125,2.4946058,-0.0057184217,-0.0001153004,1.7701344e-05,-0.00012860046,-4.725074e-05,-0.00016614013
CS<-[CA*BV],-0.13876876,0.10619526,-0.61629415,-0.8263777,-0.06379684,0.00024096621,0.00018306616,3.3255907e-05,4.7781912e-05,-9.214462e-06
CS<-[CA*DP],-2.0445764,-1.81589,-2.1705196,-2.0743074,-0.016950112,-9.930336e-06,-0.00013695218,5.794014e-05,8.0143645e-06,7.1871364e-06
CS<-[CA*CH],-0.5444458,-0.4739332,-0.4996796,-0.2864709,-0.016359203,9.481289e-05,0.00019522743,1.2095945e-05,4.293905e-05,-3.935513e-05
CS<-[BT*BU],-0.3606566,-0.20490885,-0.35942236,-0.21959923,-0.3721228,7.936606e-06,-5.5977594e-05,9.6167205e-05,5.6205346e-05,-3.2001699e-06
CS<-[BT*CD],0.24512818,0.4089896,0.1564051,0.44618177,0.0070603476,-0.00024718573,0.00019963447,0.00017254485,-2.9891446e-05,-0.00013326498
CS<-[BT*BV],-0.6288893,-2.5227482,-0.25563115,-1.2588977,-1.8480254,-0.00015563086,-0.00010463058,8.253778e-05,-0.00013267473,-5.3062577e-06
CS<-[BT*DP],-1.1288865,-2.7485292,-1.9397405,-2.2574236,-0.5122383,7.590597e-05,-0.00020141876,1.7818675e-06,-0.00028122784,-0.00015491313
CS<-[BT*CH],2.822068,2.8452754,2.2801306,2.1776726,1.777064,4.95603e-05,-3.663714e-05,6.0160273e-05,-1.2889461e-05,-4.349083e-05
CS<-[BU*CD],-0.8787108,0.34974316,-0.65885043,-0.75720245,-0.21901499,-0.0004120166,9.4760566e-05,-2.4038745e-06,-9.87141e-05,-0.00015032056
CS<-[BU*BV],-0.986888,-0.38975546,-1.000073,-1.5413932,-0.8164308,-0.023706008,-8.750737e-05,-0.0001391521,6.98684e-05,0.00041632948
CS<-[BU*DP],-0.22058448,-1.1494112,-0.24572691,0.3715435,-0.0006090026,-8.905324e-05,-8.401636e-06,0.00022654244,0.0003145196,-4.463875e-05
CS<-[BU*CH],-1.9466133,-1.4922111,-2.128353,-2.581673,-0.8111317,-3.6958383e-05,0.000105475934,-2.8699484e-05,0.00017417708,-4.7569447e-05
CS<-[CD*BV],-0.06323546,0.03104588,0.13423657,0.29153842,0.37004337,0.000220743,1.2405944e-06,4.0687533e-05,-8.951045e-05,8.203682e-06
CS<-[CD*DP],0.22555864,-0.10978124,1.6245564,0.3074054,-0.0154746855,5.8173413e-05,-0.00014537234,-0.00031590828,-8.673065e-05,0.00027968077
CS<-[CD*CH],-2.1392505,0.5640589,-1.3773894,-0.7439832,0.0024806065,-0.006853508,-0.0003803771,-2.1341057e-05,-0.00017291913,-5.4416218e-05
CS<-[BV*DP],0.9160289,1.5925844,0.45663705,0.2862752,0.30807775,-0.00030619302,2.4578534e-05,-1.4432098e-06,-7.215608e-05,0.00016937214
CS<-[BV*CH],-0.3438394,-0.7242212,-0.18649334,-1.1171958,-0.23763765,6.6143846e-05,4.075156e-05,-0.00015410187,8.919033e-05,-5.855351e-05
CS<-[DP*CH],-1.3820926,-3.65314,-0.5615988,0.701243,-0.008100437,2.8283728e-05,0.0001761695,0.00029169713,-0.00020578578,-0.00014373506
DP<-[CA*BT],-0.80516183,-2.8541043,-0.19196148,-0.6589114,-0.01704934,0.0014851121,0.0001821624,5.115603e-05,-2.2757802e-05,3.9306884e-05
DP<-[CA*BU],0.51818854,0.22056349,0.32550216,0.39805,0.46504024,0.0052775126,-0.00011126175,0.00035584776,-0.00018762107,-0.00011841781
DP<-[CA*CD],-0.18975432,-0.052539814,0.45950294,-0.028676333,-0.0032144105,-0.0015215386,8.4053565e-05,-0.00017895219,8.429443e-05,0.00022517794
DP<-[CA*BV],-0.8557063,0.2680961,-0.95366055,-1.0317048,-0.25331023,-0.00023530493,3.4083263e-05,-0.0001401626,-4.1173254e-05,0.00030422048
DP<-[CA*CS],3.457516,2.4218047,1.8990386,0.9508252,-0.008817509,0.00011874718,-0.00014669505,-0.00013391857,-8.818679e-06,2.126877e-05
DP<-[CA*CH],1.703465,1.2139733,-1.1229336,0.4527382,-0.0075730197,-0.00017359143,5.0517316e-05,2.304995e-05,-0.00018929192,-2.8129798e-05
DP<-[BT*BU],-0.277619,-0.24537498,-0.28038302,-0.36274058,-0.67079633,-0.55966103,-7.191456e-05,0.00022226878,-0.00020719838,-0.00015648869
DP<-[BT*CD],-0.6734862,-0.6467874,0.6060177,-0.1793995,-0.22166316,-0.00037975403,0.00029973133,0.00012411973,-0.00026592615,6.256465e-05
DP<-[BT*BV],-0.13587627,0.0697712,-0.17938669,-0.15749656,0.09723294,0.014589673,-5.997222e-05,-2.4099616e-05,-8.8019944e-05,-9.305929e-05
DP<-[BT*CS],-3.2192068,-2.4082685,-2.3673983,-2.7061589,-0.0033999851,-0.00048444024,-8.30227e-05,0.00013409305,-4.0806626e-05,0.00011244646
DP<-[BT*CH],-9.852455,-8.442259,-2.4567347,-4.850772,-0.011044282,-2.0888503e-05,-3.679098e-05,-9.5711126e-05,-0.00012645466,-0.00025406844
DP<-[BU*CD],0.31378353,0.38772964,0.2679876,0.4208545,0.4089673,0.23826289,0.0058932016,-8.4627674e-05,0.00014964525,-2.5235771e-05
DP<-[BU*BV],0.39436275,0.32900482,0.36542365,0.33034608,0.36375716,-0.004933453,0.00035044824,-0.00028450455,9.489466e-06,-0.00017437179
DP<-[BU*CS],0.3169697,1.3164586,0.39570785,0.89675915,0.015763368,-0.0003930268,0.00016568461,-4.432417e-05,-0.000112892245,2.3438814e-05
DP<-[BU*CH],-1.5408673,-2.398686,-1.9028436,-1.9400132,-0.72639626,0.008288049,0.00014908491,-4.0029427e-05,6.587255e-05,1.2353765e-05
DP<-[CD*BV],0.15018283,0.2821734,0.18446976,-0.02884199,0.12881859,0.16136509,2.6838956e-05,-0.00022209133,7.387656e-05,0.00011161107
DP<-[CD*CS],-2.24575,-2.5987322,-0.9059379,-1.1345216,-0.016049229,-0.00017949604,1.6921804e-06,0.00011699611,5.9030208e-05,-0.00014494071
DP<-[CD*CH],0.44475743,0.77122194,1.5385163,2.7145097,0.0011587337,-0.0002924211,-0.00017539358,0.00028494667,-0.0002587511,7.9778154e-05
DP<-[BV*CS],-0.109991446,-0.25871786,1.2972114,0.078947924,-0.01755678,-0.0003257199,-6.143755e-05,0.00020947793,0.00015928496,0.00029611343
DP<-[BV*CH],0.19679919,-0.049730934,-0.18942605,-0.5222932,0.057976127,-8.572864e-05,-2.516877e-05,4.9313843e-05,-4.8622445e-05,0.00020481073
DP<-[CS*CH],0.64383537,0.24578716,-0.14651893,-0.0022338026,-0.0004647113,7.247486e-05,0.000116126066,7.4035284e-05,9.798134e-05,0.0002524043
CH<-[CA*BT],-0.7069863,-1.7884296,-1.9529127,-0.027548775,-0.021738278,-2.6930778e-05,6.609338e-05,6.788588e-05,2.9883595e-05,5.9602702e-05
CH<-[CA*BU],-1.1760129,-0.7981927,-1.3464935,-1.0045743,-0.8798365,-0.021430962,3.2132077e-05,0.00024780977,2.1377382e-06,0.00019056688
CH<-[CA*CD],0.18953305,0.11998131,0.52001095,0.34482038,0.20321576,-0.0078123286,1.4999459e-06,-0.00018363187,0.00011101526,0.00020232427
CH<-[CA*BV],-4.295606,-3.970068,-3.4255123,-4.3992333,-4.317724,-0.0077684144,0.000820372,0.00020537882,-0.0002703063,9.051364e-06
CH<-[CA*CS],-6.5528817,-5.493829,-3.329706,-4.479603,-0.004194225,-7.67212e-05,1.6525617e-05,-2.1409796e-05,0.00018958839,-0.00010080892
CH<-[CA*DP],0.015965188,1.3104465,-1.3423952,-1.043713,0.006028596,4.8682727e-05,1.05645195e-05,0.000102855396,7.837162e-05,-4.8876485e-05
CH<-[BT*BU],-0.50330776,-0.49363175,-0.57510924,-0.3923339,-0.5082535,-0.23133315,-0.0008220817,-5.5354838e-05,-0.000222942,-7.088558e-05
CH<-[BT*CD],0.07395809,0.019679036,0.50621045,0.881806,0.45097426,-5.1183843e-06,0.0018669905,4.51296e-05,0.00020075579,-0.00019165188
CH<-[BT*BV],-0.17812102,-0.33964992,-0.43978462,-1.1630198,-0.25391772,7.921143e-05,-0.00042420023,-3.9783736e-06,-8.541775e-05,6.985552e-05
CH<-[BT*CS],-4.1954927,-4.732883,-4.8554535,-2.730671,-0.99633247,-9.1435024e-05,-0.0002452774,-4.403436e-05,-2.0985462e-05,0.00014241267
CH<-[BT*DP],-2.7395825,-1.461908,4.433758,-0.88376266,-0.0007339817,4.5358996e-05,-0.00030897348,-0.00019839554,-0.00021997711,0.00026702503
CH<-[BU*CD],0.84952307,0.8329778,0.6527516,0.94192654,0.75051075,0.42538974,0.00022028608,0.00024006862,0.00013564798,-0.00018705905
CH<-[BU*BV],-0.94224834,-1.0321124,-0.78460306,-1.1199502,-0.8594206,-0.2705066,-9.816513e-05,0.00015034665,-6.262741e-05,-0.000113659466
CH<-[BU*CS],-0.24332663,-0.2564969,-1.4814451,-1.2559762,-0.0075278855,0.00085626956,0.0001552731,-0.0002592191,7.224062e-05,-4.605006e-05
CH<-[BU*DP],-1.5579808,-1.6204485,-2.4887729,-1.5789753,-1.1826832,-0.018324837,4.657196e-06,0.000112332506,0.00012021397,-0.00030521146
CH<-[CD*BV],1.4138225,1.1265386,2.0778713,1.4643108,1.1337461,1.7537512,0.003565425,1.5210593e-05,-0.00010875928,0.00013727855
CH<-[CD*CS],-4.089452,-1.7688496,-3.4979177,-2.6806445,-0.0065369955,0.004662508,3.468379e-05,2.651177e-05,-0.00016136895,9.571884e-05
CH<-[CD*DP],2.1413066,1.7290654,1.2460742,2.864362,0.9671421,-6.9616675e-05,-2.2504715e-05,0.00015418831,-6.583445e-05,8.192856e-05
CH<-[BV*CS],2.4774456,3.556897,2.9410322,3.315577,1.385027,3.1634157e-05,-0.00015395078,-1.9535357e-05,-0.0001155287,-0.0003921108
CH<-[BV*DP],-4.808127,-5.52202,-4.5632157,-6.0082903,-4.9944487,0.0010319232,-0.00071351277,-0.00021872154,8.609537e-05,6.284463e-05
CH<-[CS*DP],-3.2201781,-6.650903,-4.608245,-1.6734283,0.0030157873,-3.6426718e-07,3.399166e-05,-5.8665617e-05,0.00014736287,0.00038088244
