Time,Sample,Replicate,CD,DP,CA,PC,CS,CH,BU,BT,PV,EL
1,CD,1,0.194866672,0,0,0,0,0,0,0,0,0
1,CD,2,0.231466666,0,0,0,0,0,0,0,0,0
1,CD,3,0.182966664,0,0,0,0,0,0,0,0,0
7,CD,1,0.207566654,0,0,0,0,0,0,0,0,0
7,CD,2,0.247966652,0,0,0,0,0,0,0,0,0
7,CD,3,0.374066656,0,0,0,0,0,0,0,0,0
14,CD,1,0.397033333,0,0,0,0,0,0,0,0,0
21,CD,1,0.4214,0,0,0,0,0,0,0,0,0
28,CD,1,0.358099992,0,0,0,0,0,0,0,0,0
35,CD,1,0.325333342,0,0,0,0,0,0,0,0,0
1,BT,1,0,0,0,0,0,0,0,1.067866638,0,0
1,BT,2,0,0,0,0,0,0,0,1.070966676,0,0
1,BT,3,0,0,0,0,0,0,0,1.029966667,0,0
7,BT,1,0,0,0,0,0,0,0,0.851166671,0,0
7,BT,2,0,0,0,0,0,0,0,0.837466662,0,0
7,BT,3,0,0,0,0,0,0,0,0.83266664,0,0
14,BT,1,0,0,0,0,0,0,0,1.145533333,0,0
14,BT,2,0,0,0,0,0,0,0,1.228833333,0,0
14,BT,3,0,0,0,0,0,0,0,1.212633333,0,0
21,BT,1,0,0,0,0,0,0,0,1.1372,0,0
21,BT,2,0,0,0,0,0,0,0,1.1513,0,0
21,BT,3,0,0,0,0,0,0,0,1.1358,0,0
28,BT,1,0,0,0,0,0,0,0,1.114000047,0,0
28,BT,2,0,0,0,0,0,0,0,1.106399978,0,0
28,BT,3,0,0,0,0,0,0,0,1.158799971,0,0
35,BT,1,0,0,0,0,0,0,0,0.89183332,0,0
35,BT,2,0,0,0,0,0,0,0,0.950533345,0,0
35,BT,3,0,0,0,0,0,0,0,0.613533333,0,0
1,BU,1,0,0,0,0,0,0,1.023266628,0,0,0
1,BU,2,0,0,0,0,0,0,1.002466634,0,0,0
1,BU,3,0,0,0,0,0,0,1.089066699,0,0,0
7,BU,1,0,0,0,0,0,0,0.373466675,0,0,0
7,BU,2,0,0,0,0,0,0,0.373666679,0,0,0
7,BU,3,0,0,0,0,0,0,0.369166677,0,0,0
14,BU,1,0,0,0,0,0,0,0.555233333,0,0,0
14,BU,2,0,0,0,0,0,0,0.579233333,0,0,0
14,BU,3,0,0,0,0,0,0,0.562633333,0,0,0
21,BU,1,0,0,0,0,0,0,0.7256,0,0,0
21,BU,2,0,0,0,0,0,0,0.7155,0,0,0
21,BU,3,0,0,0,0,0,0,0.7137,0,0,0
28,BU,1,0,0,0,0,0,0,0.576899971,0,0,0
28,BU,2,0,0,0,0,0,0,0.556099976,0,0,0
28,BU,3,0,0,0,0,0,0,0.58510002,0,0,0
35,BU,1,0,0,0,0,0,0,0.523133352,0,0,0
35,BU,2,0,0,0,0,0,0,0.497933343,0,0,0
35,BU,3,0,0,0,0,0,0,0.578833356,0,0,0
1,PV,1,0,0,0,0,0,0,0,0,0.899166659,0
1,PV,2,0,0,0,0,0,0,0,0,0.965766624,0
1,PV,3,0,0,0,0,0,0,0,0,0.970066622,0
7,PV,1,0,0,0,0,0,0,0,0,1.003366714,0
7,PV,2,0,0,0,0,0,0,0,0,0.995966678,0
7,PV,3,0,0,0,0,0,0,0,0,0.977366691,0
14,PV,1,0,0,0,0,0,0,0,0,1.331333333,0
14,PV,2,0,0,0,0,0,0,0,0,1.417533333,0
14,PV,3,0,0,0,0,0,0,0,0,1.362533333,0
21,PV,2,0,0,0,0,0,0,0,0,1.3733,0
21,PV,3,0,0,0,0,0,0,0,0,1.3431,0
28,PV,2,0,0,0,0,0,0,0,0,1.017500008,0
28,PV,3,0,0,0,0,0,0,0,0,1.03140005,0
35,PV,2,0,0,0,0,0,0,0,0,1.064233378,0
35,PV,3,0,0,0,0,0,0,0,0,1.12393339,0
1,CA,1,0,0,0.028066665,0,0,0,0,0,0,0
1,CA,2,0,0,0.027966663,0,0,0,0,0,0,0
1,CA,3,0,0,0.034766659,0,0,0,0,0,0,0
7,CA,1,0,0,-0.001133333,0,0,0,0,0,0,0
7,CA,2,0,0,-0.000633332,0,0,0,0,0,0,0
7,CA,3,0,0,0.001566668,0,0,0,0,0,0,0
14,CA,1,0,0,-0.046466667,0,0,0,0,0,0,0
14,CA,2,0,0,-0.048966667,0,0,0,0,0,0,0
14,CA,3,0,0,-0.069866667,0,0,0,0,0,0,0
21,CA,1,0,0,0.0058,0,0,0,0,0,0,0
21,CA,2,0,0,-0.0163,0,0,0,0,0,0,0
21,CA,3,0,0,-0.0136,0,0,0,0,0,0,0
28,CA,1,0,0,-0.000300003,0,0,0,0,0,0,0
28,CA,2,0,0,-0.002100003,0,0,0,0,0,0,0
28,CA,3,0,0,0.000400002,0,0,0,0,0,0,0
35,CA,1,0,0,0.03503333,0,0,0,0,0,0,0
35,CA,2,0,0,0.030333333,0,0,0,0,0,0,0
35,CA,3,0,0,0.032233335,0,0,0,0,0,0,0
1,CH,1,0,0,0,0,0,0.52716668,0,0,0,0
1,CH,2,0,0,0,0,0,0.616466656,0,0,0,0
1,CH,3,0,0,0,0,0,0.538466647,0,0,0,0
7,CH,1,0,0,0,0,0,0.194166665,0,0,0,0
7,CH,2,0,0,0,0,0,0.175166671,0,0,0,0
7,CH,3,0,0,0,0,0,0.157366668,0,0,0,0
14,CH,2,0,0,0,0,0,0.175633333,0,0,0,0
21,CH,2,0,0,0,0,0,0.1881,0,0,0,0
28,CH,2,0,0,0,0,0,0.1297,0,0,0,0
1,CS,1,0,0,0,0,0.230966672,0,0,0,0,0
1,CS,2,0,0,0,0,0.129766658,0,0,0,0,0
1,CS,3,0,0,0,0,0.123666659,0,0,0,0,0
7,CS,2,0,0,0,0,0.301866656,0,0,0,0,0
14,CS,2,0,0,0,0,0.389433333,0,0,0,0,0
1,DP,1,0,0.216066673,0,0,0,0,0,0,0,0
1,DP,2,0,0.217166677,0,0,0,0,0,0,0,0
1,DP,3,0,0.216266677,0,0,0,0,0,0,0,0
7,DP,1,0,0.153566663,0,0,0,0,0,0,0,0
7,DP,2,0,0.15246666,0,0,0,0,0,0,0,0
7,DP,3,0,0.150766661,0,0,0,0,0,0,0,0
14,DP,2,0,0.225233333,0,0,0,0,0,0,0,0
21,DP,2,0,0.259,0,0,0,0,0,0,0,0
28,DP,2,0,0.198099996,0,0,0,0,0,0,0,0
35,DP,2,0,0.217833325,0,0,0,0,0,0,0,0
1,EL,1,0,0,0,0,0,0,0,0,0,0.231466666
1,EL,2,0,0,0,0,0,0,0,0,0,0.222766653
1,EL,3,0,0,0,0,0,0,0,0,0,0.222666666
7,EL,1,0,0,0,0,0,0,0,0,0,0.132166659
7,EL,2,0,0,0,0,0,0,0,0,0,0.088666668
7,EL,3,0,0,0,0,0,0,0,0,0,0.05566666
14,EL,2,0,0,0,0,0,0,0,0,0,0.102033333
14,EL,3,0,0,0,0,0,0,0,0,0,0.104433333
21,EL,2,0,0,0,0,0,0,0,0,0,0.1492
21,EL,3,0,0,0,0,0,0,0,0,0,0.1401
28,EL,2,0,0,0,0,0,0,0,0,0,0.082400004
28,EL,3,0,0,0,0,0,0,0,0,0,0.060400004
35,EL,2,0,0,0,0,0,0,0,0,0,0.207933322
35,EL,3,0,0,0,0,0,0,0,0,0,0.206033334
1,PC,1,0,0,0,0.032666668,0,0,0,0,0,0
1,PC,2,0,0,0,0.032366663,0,0,0,0,0,0
1,PC,3,0,0,0,0.033266664,0,0,0,0,0,0
7,PC,1,0,0,0,-0.003733332,0,0,0,0,0,0
7,PC,2,0,0,0,-0.004033337,0,0,0,0,0,0
7,PC,3,0,0,0,-0.003233331,0,0,0,0,0,0
14,PC,1,0,0,0,-0.046766667,0,0,0,0,0,0
14,PC,2,0,0,0,-0.040066667,0,0,0,0,0,0
14,PC,3,0,0,0,-0.043866667,0,0,0,0,0,0
21,PC,1,0,0,0,-0.0165,0,0,0,0,0,0
21,PC,2,0,0,0,-0.0174,0,0,0,0,0,0
21,PC,3,0,0,0,-0.0162,0,0,0,0,0,0
28,PC,1,0,0,0,0.0016,0,0,0,0,0,0
28,PC,2,0,0,0,0.000800001,0,0,0,0,0,0
28,PC,3,0,0,0,1.00E-04,0,0,0,0,0,0
35,PC,1,0,0,0,0.03283333,0,0,0,0,0,0
35,PC,2,0,0,0,0.031133331,0,0,0,0,0,0
35,PC,3,0,0,0,0.033033334,0,0,0,0,0,0
1,CD_BT,1,0.175000869762782,0,0,0,0,0,0,1.05986582423722,0,0
1,CD_BT,2,0.169878730550151,0,0,0,0,0,0,1.06268793944985,0,0
1,CD_BT,3,0.168655374720032,0,0,0,0,0,0,1.07081124727997,0,0
7,CD_BT,1,0.001055702255689,0,0,0,0,0,0,0.807410975608704,0,0
7,CD_BT,2,0.001459640142459,0,0,0,0,0,0,0.889707051836314,0,0
7,CD_BT,3,0.001367670096975,0,0,0,0,0,0,0.857399009865501,0,0
14,CD_BT,1,0.000265054078295,0,0,0,0,0,0,1.23276827892171,0,0
14,CD_BT,2,0.000237716496269,0,0,0,0,0,0,1.23279561650373,0,0
14,CD_BT,3,0.000298132776719,0,0,0,0,0,0,1.22383520022328,0,0
21,CD_BT,1,0.000937093536,0,0,0,0,0,0,1.295062906464,0,0
21,CD_BT,2,0.0001679806848,0,0,0,0,0,0,1.2862320193152,0,0
21,CD_BT,3,0.0013110935046,0,0,0,0,0,0,1.2248889064954,0,0
28,CD_BT,1,0.000392641462564,0,0,0,0,0,0,1.07740735953744,0,0
28,CD_BT,2,0.000160650843077,0,0,0,0,0,0,1.08503938615692,0,0
28,CD_BT,3,0.000622181140691,0,0,0,0,0,0,1.07927781085931,0,0
35,CD_BT,1,0.000355445242726,0,0,0,0,0,0,0.963077894757274,0,0
35,CD_BT,2,0.000720622081753,0,0,0,0,0,0,0.960012746918247,0,0
35,CD_BT,3,0.000173153154411,0,0,0,0,0,0,0.971560133845589,0,0
1,CD_BU,1,0.468930551494336,0,0,0,0,0,0.646636134505664,0,0,0
1,CD_BU,2,0.490802206046519,0,0,0,0,0,0.625364459953481,0,0,0
1,CD_BU,3,0.511428257143245,0,0,0,0,0,0.618738466856756,0,0,0
7,CD_BU,1,0.368994024062369,0,0,0,0,0,0.095372655327902,0,0,0
7,CD_BU,2,0.407171475811432,0,0,0,0,0,0.074995177066693,0,0,0
7,CD_BU,3,0.380714026139175,0,0,0,0,0,0.089252628837034,0,0,0
14,CD_BU,1,0.534412791286012,0,0,0,0,0,0.115120541713988,0,0,0
14,CD_BU,2,0.519135600523718,0,0,0,0,0,0.102697732476282,0,0,0
14,CD_BU,3,0.501089729890109,0,0,0,0,0,0.109643603109891,0,0,0
21,CD_BU,1,0.558408976273,0,0,0,0,0,0.290991023727,0,0,0
21,CD_BU,2,0.575192714558,0,0,0,0,0,0.271807285442,0,0,0
21,CD_BU,3,0.586270339666,0,0,0,0,0,0.297929660334,0,0,0
28,CD_BU,1,0.381896517918568,0,0,0,0,0,0.301803472081432,0,0,0
28,CD_BU,2,0.369348395976006,0,0,0,0,0,0.301251626023994,0,0,0
28,CD_BU,3,0.447914740264634,0,0,0,0,0,0.251085285735366,0,0,0
35,CD_BU,1,0.42287297432561,0,0,0,0,0,0.17516034967439,0,0,0
35,CD_BU,2,0.34275137453497,0,0,0,0,0,0.29878195546503,0,0,0
35,CD_BU,3,0.356416267305923,0,0,0,0,0,0.259317072694077,0,0,0
1,CD_PV,1,0.60063059955469,0,0,0,0,0,0,0,0.73943602744531,0
1,CD_PV,2,0.617517134709987,0,0,0,0,0,0,0,0.778349572290013,0
1,CD_PV,3,0.603143732653401,0,0,0,0,0,0,0,0.758522902346599,0
7,CD_PV,1,0.567898108704789,0,0,0,0,0,0,0,0.397268584227658,0
7,CD_PV,2,0.628090203353442,0,0,0,0,0,0,0,0.243276481282038,0
7,CD_PV,3,0.457095633259367,0,0,0,0,0,0,0,0.539771074741134,0
14,CD_PV,1,0.375654481001687,0,0,0,0,0,0,0,0.988178851998314,0
14,CD_PV,2,0.392088722875956,0,0,0,0,0,0,0,0.900944610124044,0
14,CD_PV,3,0.265213369112571,0,0,0,0,0,0,0,1.11691996388743,0
21,CD_PV,1,0.883177290766,0,0,0,0,0,0,0,0.212622709234,0
21,CD_PV,2,0.8266660710667,0,0,0,0,0,0,0,0.1916339289333,0
21,CD_PV,3,0.8176865082036,0,0,0,0,0,0,0,0.1805134917964,0
28,CD_PV,1,0.385858145633716,0,0,0,0,0,0,0,0.760641811366285,0
28,CD_PV,2,0.258049929221401,0,0,0,0,0,0,0,0.535850048778599,0
28,CD_PV,3,0.316753285071651,0,0,0,0,0,0,0,0.427646704928349,0
35,CD_PV,1,0.502086535351477,0,0,0,0,0,0,0,0.335046827648523,0
1,CD_CA,1,0.289796675099395,0,0.039469976900605,0,0,0,0,0,0,0
1,CD_CA,2,0.375830443202185,0,0.064236207797815,0,0,0,0,0,0,0
1,CD_CA,3,0.844106303675595,0,0.160960404054698,0,0,0,0,0,0,0
7,CD_CA,1,0.295590440061737,0,0.045076216938263,0,0,0,0,0,0,0
7,CD_CA,3,0.291889350960195,0,0.034377300039805,0,0,0,0,0,0,0
14,CD_CA,1,0.428826272601997,0,0.073307060398003,0,0,0,0,0,0,0
14,CD_CA,3,0.395505124715752,0,0.046428208284248,0,0,0,0,0,0,0
21,CD_CA,1,0.5357439355652,0,0.0496560644348,0,0,0,0,0,0,0
21,CD_CA,3,0.381489534015,0,0.131210465985,0,0,0,0,0,0,0
28,CD_CA,1,0.383979363783676,0,0.032820623216324,0,0,0,0,0,0,0
28,CD_CA,3,0.2926529043649,0,0.0998471036351,0,0,0,0,0,0,0
35,CD_CA,1,0.364083792564839,0,0.039649535435161,0,0,0,0,0,0,0
35,CD_CA,3,0.343449115102917,0,0.047784224897083,0,0,0,0,0,0,0
1,CD_CH,1,0.34007637890114,0,0,0,0,0.16999026409886,0,0,0,0
1,CD_CH,2,0.326092884480436,0,0,0,0,0.148873775519563,0,0,0,0
1,CD_CH,3,0.270225184898325,0,0,0,0,0.202041504101675,0,0,0,0
7,CD_CH,1,0.272616746014092,0,0,0,0,0.001049908985908,0,0,0,0
7,CD_CH,2,0.286130350597629,0,0,0,0,0.002136313402371,0,0,0,0
7,CD_CH,3,0.305372522050422,0,0,0,0,0.001994151949578,0,0,0,0
14,CD_CH,1,0.421182963212255,0,0,0,0,0.007050369787745,0,0,0,0
14,CD_CH,2,0.412897360222622,0,0,0,0,0.002435972777378,0,0,0,0
14,CD_CH,3,0.425633333,0,0,0,0,0,0,0,0,0
21,CD_CH,1,0.4968415994688,0,0,0,0,0.0019584005312,0,0,0,0
21,CD_CH,2,0.488062592016,0,0,0,0,3.738846E-05,0,0,0,0
21,CD_CH,3,0.4602310147712,0,0,0,0,0.0004689852288,0,0,0,0
28,CD_CH,1,0.341247915086584,0,0,0,0,5.209091341575E-05,0,0,0,0
28,CD_CH,2,0.340600009,0,0,0,0,0,0,0,0,0
28,CD_CH,3,0.367299999,0,0,0,0,0,0,0,0,0
1,CD_CS,1,0.335693377625241,0,0,0,0.075606616374759,0,0,0,0,0
1,CD_CS,2,0.588917212159554,0,0,0,0.101082804840446,0,0,0,0,0
1,CD_CS,3,0.55990333530789,0,0,0,0.09999663469211,0,0,0,0,0
7,CD_CS,1,0.406533341,0,0,0,0,0,0,0,0,0
7,CD_CS,2,0.185603077401635,0,0,0,0.000330254598365,0,0,0,0,0
7,CD_CS,3,0.192214229020838,0,0,0,0.002619118979162,0,0,0,0,0
14,CD_CS,1,0.18576668,0,0,0,0,0,0,0,0,0
14,CD_CS,2,0.31256668,0,0,0,0,0,0,0,0,0
14,CD_CS,3,0.250019941748138,0,0,0,0.000146725251862,0,0,0,0,0
21,CD_CS,1,0.326733338,0,0,0,0,0,0,0,0,0
21,CD_CS,3,0.36123007952171,0,0,0,0.06530324947829,0,0,0,0,0
28,CD_CS,1,0.341066658,0,0,0,0,0,0,0,0,0
28,CD_CS,3,0.353026818720003,0,0,0,0.105239856279997,0,0,0,0,0
35,CD_CS,1,0.282366676,0,0,0,0,0,0,0,0,0
35,CD_CS,3,0.176016482439646,0,0,0,0.076850185560355,0,0,0,0,0
1,CD_DP,1,0.376107083547321,0.124159602452679,0,0,0,0,0,0,0,0
1,CD_DP,2,0.414429716152593,0.118536971847407,0,0,0,0,0,0,0,0
1,CD_DP,3,0.489891764414699,0.1344748915853,0,0,0,0,0,0,0,0
7,CD_DP,1,0.070719670174118,0.173047000251615,0,0,0,0,0,0,0,0
7,CD_DP,2,0.093310067308644,0.338056619711022,0,0,0,0,0,0,0,0
7,CD_DP,3,0.056757934089912,0.18420871874053,0,0,0,0,0,0,0,0
14,CD_DP,1,0.121351306919966,0.229882026080033,0,0,0,0,0,0,0,0
14,CD_DP,2,0.187264025692668,0.434469307307332,0,0,0,0,0,0,0,0
21,CD_DP,1,0.1002640092752,0.2664873507248,0,0,0,0,0,0,0,0
21,CD_DP,2,0.120433425399,0.351123464601,0,0,0,0,0,0,0,0
28,CD_DP,1,0.434828146638006,0.230371873361994,0,0,0,0,0,0,0,0
28,CD_DP,2,0.609302349339836,0.285097675660164,0,0,0,0,0,0,0,0
35,CD_DP,1,0.269942737269833,0.419290580730167,0,0,0,0,0,0,0,0
35,CD_DP,2,0.365258301125366,0.487875034874634,0,0,0,0,0,0,0,0
1,CD_EL,1,0.302093092556611,0,0,0,0,0,0,0,0,0.104273568634375
1,CD_EL,2,0.596287425798363,0,0,0,0,0,0,0,0,0.218479234201637
1,CD_EL,3,0.658354552523561,0,0,0,0,0,0,0,0,0.220712108476439
7,CD_EL,1,0.578700123095328,0,0,0,0,0,0,0,0,0.167466527904672
7,CD_EL,2,0.644693770109503,0,0,0,0,0,0,0,0,0.150972869890497
7,CD_EL,3,0.756448083612488,0,0,0,0,0,0,0,0,0.132818591387512
14,CD_EL,1,0.505019069805323,0,0,0,0,0,0,0,0,0.269514263194677
14,CD_EL,2,0.59585371579519,0,0,0,0,0,0,0,0,0.192279617204811
21,CD_EL,1,0.5814799040721,0,0,0,0,0,0,0,0,0.0896200959279
21,CD_EL,2,0.4566991939224,0,0,0,0,0,0,0,0,0.0614008060776
28,CD_EL,1,0.558492018456521,0,0,0,0,0,0,0,0,0.184007953543479
28,CD_EL,2,0.442936775924997,0,0,0,0,0,0,0,0,0.140463200075003
35,CD_EL,1,0.486979096525473,0,0,0,0,0,0,0,0,0.079954252474527
35,CD_EL,2,0.49335299249293,0,0,0,0,0,0,0,0,0.04828033050707
1,CD_PC,1,0.477916626135178,0,0,0.383250044864822,0,0,0,0,0,0
1,CD_PC,2,0.499723676596058,0,0,0.471842955403942,0,0,0,0,0,0
1,CD_PC,3,0.465840830632986,0,0,0.377525807367014,0,0,0,0,0,0
7,CD_PC,1,0,0,0,0,0,0,0,0,0,0
7,CD_PC,2,0,0,0,0,0,0,0,0,0,0
7,CD_PC,3,0,0,0,0,0,0,0,0,0,0
14,CD_PC,1,0,0,0,0,0,0,0,0,0,0
14,CD_PC,2,0,0,0,0,0,0,0,0,0,0
14,CD_PC,3,0,0,0,0,0,0,0,0,0,0
21,CD_PC,1,0,0,0,0,0,0,0,0,0,0
21,CD_PC,2,0,0,0,0,0,0,0,0,0,0
21,CD_PC,3,0,0,0,0,0,0,0,0,0,0
28,CD_PC,1,0,0,0,0,0,0,0,0,0,0
28,CD_PC,2,0,0,0,0,0,0,0,0,0,0
28,CD_PC,3,0,0,0,0,0,0,0,0,0,0
35,CD_PC,1,0,0,0,0,0,0,0,0,0,0
35,CD_PC,2,0,0,0,0,0,0,0,0,0,0
35,CD_PC,3,0,0,0,0,0,0,0,0,0,0
0,CD_DP_CA,1,0.001833333333333,0.001833333333333,0.001833333333333,0,0,0,0,0,0,0
0,CD_DP_CA,2,0.001833333333333,0.001833333333333,0.001833333333333,0,0,0,0,0,0,0
0,CD_DP_CA,3,0.001833333333333,0.001833333333333,0.001833333333333,0,0,0,0,0,0,0
0,CD_DP_PC,1,0.001833333333333,0.001833333333333,0,0.001833333333333,0,0,0,0,0,0
0,CD_DP_PC,2,0.001833333333333,0.001833333333333,0,0.001833333333333,0,0,0,0,0,0
0,CD_DP_PC,3,0.001833333333333,0.001833333333333,0,0.001833333333333,0,0,0,0,0,0
0,CD_DP_CS,1,0.001833333333333,0.001833333333333,0,0,0.001833333333333,0,0,0,0,0
0,CD_DP_CS,2,0.001833333333333,0.001833333333333,0,0,0.001833333333333,0,0,0,0,0
0,CD_DP_CS,3,0.001833333333333,0.001833333333333,0,0,0.001833333333333,0,0,0,0,0
0,CD_DP_CH,1,0.001833333333333,0.001833333333333,0,0,0,0.001833333333333,0,0,0,0
0,CD_DP_CH,2,0.001833333333333,0.001833333333333,0,0,0,0.001833333333333,0,0,0,0
0,CD_DP_CH,3,0.001833333333333,0.001833333333333,0,0,0,0.001833333333333,0,0,0,0
0,CD_DP_BU,1,0.001833333333333,0.001833333333333,0,0,0,0,0.001833333333333,0,0,0
0,CD_DP_BU,2,0.001833333333333,0.001833333333333,0,0,0,0,0.001833333333333,0,0,0
0,CD_DP_BU,3,0.001833333333333,0.001833333333333,0,0,0,0,0.001833333333333,0,0,0
0,CD_DP_BT,1,0.001833333333333,0.001833333333333,0,0,0,0,0,0.001833333333333,0,0
0,CD_DP_BT,2,0.001833333333333,0.001833333333333,0,0,0,0,0,0.001833333333333,0,0
0,CD_DP_BT,3,0.001833333333333,0.001833333333333,0,0,0,0,0,0.001833333333333,0,0
0,CD_DP_PV,1,0.001833333333333,0.001833333333333,0,0,0,0,0,0,0.001833333333333,0
0,CD_DP_PV,2,0.001833333333333,0.001833333333333,0,0,0,0,0,0,0.001833333333333,0
0,CD_DP_PV,3,0.001833333333333,0.001833333333333,0,0,0,0,0,0,0.001833333333333,0
0,CD_DP_EL,1,0.001833333333333,0.001833333333333,0,0,0,0,0,0,0,0.001833333333333
0,CD_DP_EL,2,0.001833333333333,0.001833333333333,0,0,0,0,0,0,0,0.001833333333333
0,CD_DP_EL,3,0.001833333333333,0.001833333333333,0,0,0,0,0,0,0,0.001833333333333
0,CD_CA_PC,1,0.001833333333333,0,0.001833333333333,0.001833333333333,0,0,0,0,0,0
0,CD_CA_PC,2,0.001833333333333,0,0.001833333333333,0.001833333333333,0,0,0,0,0,0
0,CD_CA_PC,3,0.001833333333333,0,0.001833333333333,0.001833333333333,0,0,0,0,0,0
0,CD_CA_CS,1,0.001833333333333,0,0.001833333333333,0,0.001833333333333,0,0,0,0,0
0,CD_CA_CS,2,0.001833333333333,0,0.001833333333333,0,0.001833333333333,0,0,0,0,0
0,CD_CA_CS,3,0.001833333333333,0,0.001833333333333,0,0.001833333333333,0,0,0,0,0
0,CD_CA_CH,1,0.001833333333333,0,0.001833333333333,0,0,0.001833333333333,0,0,0,0
0,CD_CA_CH,2,0.001833333333333,0,0.001833333333333,0,0,0.001833333333333,0,0,0,0
0,CD_CA_CH,3,0.001833333333333,0,0.001833333333333,0,0,0.001833333333333,0,0,0,0
0,CD_CA_BU,1,0.001833333333333,0,0.001833333333333,0,0,0,0.001833333333333,0,0,0
0,CD_CA_BU,2,0.001833333333333,0,0.001833333333333,0,0,0,0.001833333333333,0,0,0
0,CD_CA_BU,3,0.001833333333333,0,0.001833333333333,0,0,0,0.001833333333333,0,0,0
0,CD_CA_BT,1,0.001833333333333,0,0.001833333333333,0,0,0,0,0.001833333333333,0,0
0,CD_CA_BT,2,0.001833333333333,0,0.001833333333333,0,0,0,0,0.001833333333333,0,0
0,CD_CA_BT,3,0.001833333333333,0,0.001833333333333,0,0,0,0,0.001833333333333,0,0
0,CD_CA_PV,1,0.001833333333333,0,0.001833333333333,0,0,0,0,0,0.001833333333333,0
0,CD_CA_PV,2,0.001833333333333,0,0.001833333333333,0,0,0,0,0,0.001833333333333,0
0,CD_CA_PV,3,0.001833333333333,0,0.001833333333333,0,0,0,0,0,0.001833333333333,0
0,CD_CA_EL,1,0.001833333333333,0,0.001833333333333,0,0,0,0,0,0,0.001833333333333
0,CD_CA_EL,2,0.001833333333333,0,0.001833333333333,0,0,0,0,0,0,0.001833333333333
0,CD_CA_EL,3,0.001833333333333,0,0.001833333333333,0,0,0,0,0,0,0.001833333333333
0,CD_PC_CS,1,0.001833333333333,0,0,0.001833333333333,0.001833333333333,0,0,0,0,0
0,CD_PC_CS,2,0.001833333333333,0,0,0.001833333333333,0.001833333333333,0,0,0,0,0
0,CD_PC_CS,3,0.001833333333333,0,0,0.001833333333333,0.001833333333333,0,0,0,0,0
0,CD_PC_CH,1,0.001833333333333,0,0,0.001833333333333,0,0.001833333333333,0,0,0,0
0,CD_PC_CH,2,0.001833333333333,0,0,0.001833333333333,0,0.001833333333333,0,0,0,0
0,CD_PC_CH,3,0.001833333333333,0,0,0.001833333333333,0,0.001833333333333,0,0,0,0
0,CD_PC_BU,1,0.001833333333333,0,0,0.001833333333333,0,0,0.001833333333333,0,0,0
0,CD_PC_BU,2,0.001833333333333,0,0,0.001833333333333,0,0,0.001833333333333,0,0,0
0,CD_PC_BU,3,0.001833333333333,0,0,0.001833333333333,0,0,0.001833333333333,0,0,0
0,CD_PC_BT,1,0.001833333333333,0,0,0.001833333333333,0,0,0,0.001833333333333,0,0
0,CD_PC_BT,2,0.001833333333333,0,0,0.001833333333333,0,0,0,0.001833333333333,0,0
0,CD_PC_BT,3,0.001833333333333,0,0,0.001833333333333,0,0,0,0.001833333333333,0,0
0,CD_PC_PV,1,0.001833333333333,0,0,0.001833333333333,0,0,0,0,0.001833333333333,0
0,CD_PC_PV,2,0.001833333333333,0,0,0.001833333333333,0,0,0,0,0.001833333333333,0
0,CD_PC_PV,3,0.001833333333333,0,0,0.001833333333333,0,0,0,0,0.001833333333333,0
0,CD_PC_EL,1,0.001833333333333,0,0,0.001833333333333,0,0,0,0,0,0.001833333333333
0,CD_PC_EL,2,0.001833333333333,0,0,0.001833333333333,0,0,0,0,0,0.001833333333333
0,CD_PC_EL,3,0.001833333333333,0,0,0.001833333333333,0,0,0,0,0,0.001833333333333
0,CD_CS_CH,1,0.001833333333333,0,0,0,0.001833333333333,0.001833333333333,0,0,0,0
0,CD_CS_CH,2,0.001833333333333,0,0,0,0.001833333333333,0.001833333333333,0,0,0,0
0,CD_CS_CH,3,0.001833333333333,0,0,0,0.001833333333333,0.001833333333333,0,0,0,0
0,CD_CS_BU,1,0.001833333333333,0,0,0,0.001833333333333,0,0.001833333333333,0,0,0
0,CD_CS_BU,2,0.001833333333333,0,0,0,0.001833333333333,0,0.001833333333333,0,0,0
0,CD_CS_BU,3,0.001833333333333,0,0,0,0.001833333333333,0,0.001833333333333,0,0,0
0,CD_CS_BT,1,0.001833333333333,0,0,0,0.001833333333333,0,0,0.001833333333333,0,0
0,CD_CS_BT,2,0.001833333333333,0,0,0,0.001833333333333,0,0,0.001833333333333,0,0
0,CD_CS_BT,3,0.001833333333333,0,0,0,0.001833333333333,0,0,0.001833333333333,0,0
0,CD_CS_PV,1,0.001833333333333,0,0,0,0.001833333333333,0,0,0,0.001833333333333,0
0,CD_CS_PV,2,0.001833333333333,0,0,0,0.001833333333333,0,0,0,0.001833333333333,0
0,CD_CS_PV,3,0.001833333333333,0,0,0,0.001833333333333,0,0,0,0.001833333333333,0
0,CD_CS_EL,1,0.001833333333333,0,0,0,0.001833333333333,0,0,0,0,0.001833333333333
0,CD_CS_EL,2,0.001833333333333,0,0,0,0.001833333333333,0,0,0,0,0.001833333333333
0,CD_CS_EL,3,0.001833333333333,0,0,0,0.001833333333333,0,0,0,0,0.001833333333333
0,CD_CH_BU,1,0.001833333333333,0,0,0,0,0.001833333333333,0.001833333333333,0,0,0
0,CD_CH_BU,2,0.001833333333333,0,0,0,0,0.001833333333333,0.001833333333333,0,0,0
0,CD_CH_BU,3,0.001833333333333,0,0,0,0,0.001833333333333,0.001833333333333,0,0,0
0,CD_CH_BT,1,0.001833333333333,0,0,0,0,0.001833333333333,0,0.001833333333333,0,0
0,CD_CH_BT,2,0.001833333333333,0,0,0,0,0.001833333333333,0,0.001833333333333,0,0
0,CD_CH_BT,3,0.001833333333333,0,0,0,0,0.001833333333333,0,0.001833333333333,0,0
0,CD_CH_PV,1,0.001833333333333,0,0,0,0,0.001833333333333,0,0,0.001833333333333,0
0,CD_CH_PV,2,0.001833333333333,0,0,0,0,0.001833333333333,0,0,0.001833333333333,0
0,CD_CH_PV,3,0.001833333333333,0,0,0,0,0.001833333333333,0,0,0.001833333333333,0
0,CD_CH_EL,1,0.001833333333333,0,0,0,0,0.001833333333333,0,0,0,0.001833333333333
0,CD_CH_EL,2,0.001833333333333,0,0,0,0,0.001833333333333,0,0,0,0.001833333333333
0,CD_CH_EL,3,0.001833333333333,0,0,0,0,0.001833333333333,0,0,0,0.001833333333333
0,CD_BU_BT,1,0.001833333333333,0,0,0,0,0,0.001833333333333,0.001833333333333,0,0
0,CD_BU_BT,2,0.001833333333333,0,0,0,0,0,0.001833333333333,0.001833333333333,0,0
0,CD_BU_BT,3,0.001833333333333,0,0,0,0,0,0.001833333333333,0.001833333333333,0,0
0,CD_BU_PV,1,0.001833333333333,0,0,0,0,0,0.001833333333333,0,0.001833333333333,0
0,CD_BU_PV,2,0.001833333333333,0,0,0,0,0,0.001833333333333,0,0.001833333333333,0
0,CD_BU_PV,3,0.001833333333333,0,0,0,0,0,0.001833333333333,0,0.001833333333333,0
0,CD_BU_EL,1,0.001833333333333,0,0,0,0,0,0.001833333333333,0,0,0.001833333333333
0,CD_BU_EL,2,0.001833333333333,0,0,0,0,0,0.001833333333333,0,0,0.001833333333333
0,CD_BU_EL,3,0.001833333333333,0,0,0,0,0,0.001833333333333,0,0,0.001833333333333
0,CD_BT_PV,1,0.001833333333333,0,0,0,0,0,0,0.001833333333333,0.001833333333333,0
0,CD_BT_PV,2,0.001833333333333,0,0,0,0,0,0,0.001833333333333,0.001833333333333,0
0,CD_BT_PV,3,0.001833333333333,0,0,0,0,0,0,0.001833333333333,0.001833333333333,0
0,CD_BT_EL,1,0.001833333333333,0,0,0,0,0,0,0.001833333333333,0,0.001833333333333
0,CD_BT_EL,2,0.001833333333333,0,0,0,0,0,0,0.001833333333333,0,0.001833333333333
0,CD_BT_EL,3,0.001833333333333,0,0,0,0,0,0,0.001833333333333,0,0.001833333333333
0,CD_PV_EL,1,0.001833333333333,0,0,0,0,0,0,0,0.001833333333333,0.001833333333333
0,CD_PV_EL,2,0.001833333333333,0,0,0,0,0,0,0,0.001833333333333,0.001833333333333
0,CD_PV_EL,3,0.001833333333333,0,0,0,0,0,0,0,0.001833333333333,0.001833333333333
1,CD_DP_CA,1,0.334166977243265,0.139677918340947,0.13722175874032,0,0,0,0,0,0,0
1,CD_DP_CA,2,0.332933043736359,0.141619180679656,0.133514468532326,0,0,0,0,0,0,0
1,CD_DP_CA,3,0.333803729009762,0.142928560153487,0.147134403022153,0,0,0,0,0,0,0
1,CD_DP_PC,1,0.467709186693624,0.137548195892941,0,0.038409257337485,0,0,0,0,0,0
1,CD_DP_PC,2,0.447405087327062,0.163444323764724,0,0.038717254200001,0,0,0,0,0,0
1,CD_DP_PC,3,0.425326091311834,0.179956835626812,0,0.028083732344992,0,0,0,0,0,0
1,CD_DP_CS,1,0.3129428282667,0.161854873407945,0,0,0.025668957990462,0,0,0,0,0
1,CD_DP_CS,2,0.28744897934242,0.171223529468582,0,0,0.027294128919597,0,0,0,0,0
1,CD_DP_CS,3,0.376420254981745,0.173463434944527,0,0,0.0278829818505,0,0,0,0,0
1,CD_DP_CH,1,0.221118114476136,0.347046880446524,0,0,0,0.112901652249314,0,0,0,0
1,CD_DP_CH,2,0.200457460560403,0.349611509038121,0,0,0,0.136597712764033,0,0,0,0
1,CD_DP_CH,3,0.18875917433778,0.318496510072141,0,0,0,0.178310994233306,0,0,0,0
1,CD_DP_BU,1,0.396857937651729,0.158743175060692,0,0,0,0,0.592165551911794,0,0,0
1,CD_DP_BU,2,0.433465264529816,0.1414795657354,0,0,0,0,0.586821892533131,0,0,0
1,CD_DP_BU,3,0.431270679769937,0.130289249601658,0,0,0,0,0.594106734871149,0,0,0
1,CD_DP_BT,1,0.067265496499355,0.023688602345347,0,0,0,0,0,1.05091254041177,0,0
1,CD_DP_BT,2,0.058511134204239,0.019404202669773,0,0,0,0,0,1.06315128884029,0,0
1,CD_DP_BT,3,0.064461073812238,0.023596399731601,0,0,0,0,0,1.04810917353277,0,0
1,CD_DP_PV,1,0.483535290264193,0.026193301822383,0,0,0,0,0,0,0.635838065098978,0
1,CD_DP_PV,2,0.454948956004524,0.024568739112712,0,0,0,0,0,0,0.65854902882552,0
1,CD_DP_PV,3,0.504555537531842,0.025842855919699,0,0,0,0,0,0,0.621468236268193,0
1,CD_DP_EL,1,0.674549811029353,0.292487966907029,0,0,0,0,0,0,0,0.220828865134793
1,CD_DP_EL,2,0.745126009304473,0.30161755674697,0,0,0,0,0,0,0,0.250723144158404
1,CD_DP_EL,3,0.630641869381875,0.244469469608561,0,0,0,0,0,0,0,0.221855359775318
1,CD_CA_PC,1,0.420608588306043,0,0.076465727908767,0.220592324662914,0,0,0,0,0,0
1,CD_CA_PC,2,0.398931724899131,0,0.076746578535857,0.198688364431719,0,0,0,0,0,0
1,CD_CA_PC,3,0.426465035572468,0,0.054639948731869,0.235861659625144,0,0,0,0,0,0
1,CD_CA_CS,1,0.444876480343803,0,0.115514070195058,0,0.011976119235195,0,0,0,0,0
1,CD_CA_CS,2,0.471417925372965,0,0.124361041342076,0,0.012387683222588,0,0,0,0,0
1,CD_CA_CS,3,0.492882124182013,0,0.146427589629112,0,0.012756949096476,0,0,0,0,0
1,CD_CA_CH,1,0.20629831723596,0,0.422357792339317,0,0,0.16231053530788,0,0,0,0
1,CD_CA_CH,2,0.219441743687828,0,0.418886257392345,0,0,0.102038651527745,0,0,0,0
1,CD_CA_CH,3,0.206609733510414,0,0.431712023813901,0,0,0.085844889275454,0,0,0,0
1,CD_CA_BU,1,0.499680363497847,0,0.228651966978416,0,0,0,0.368534351695558,0,0,0
1,CD_CA_BU,2,0.490038679496756,0,0.230010199604683,0,0,0,0.364117841408091,0,0,0
1,CD_CA_BU,3,0.45766228430797,0,0.243097162206061,0,0,0,0.356807270753005,0,0,0
1,CD_CA_BT,1,0.099237621325662,0,0.134712114741802,0,0,0,0,0.967816948583911,0,0
1,CD_CA_BT,2,0.103733975845701,0,0.150054670112877,0,0,0,0,0.935678024196947,0,0
1,CD_CA_BT,3,0.093869139478706,0,0.148648297361463,0,0,0,0,0.969449271462329,0,0
1,CD_CA_PV,1,0.86405585587419,0,0.287328996580136,0,0,0,0,0,0.246681861951688,0
1,CD_CA_PV,2,0.867011997673053,0,0.296934099985219,0,0,0,0,0,0.229120621516113,0
1,CD_CA_PV,3,0.86975873101536,0,0.237342713993372,0,0,0,0,0,0.279165218661808,0
1,CD_CA_EL,1,0.437305023669748,0,0.303165987753291,0,0,0,0,0,0,0.120195636130404
1,CD_CA_EL,2,0.632954795040803,0,0.418672052705497,0,0,0,0,0,0,0.165939836142136
1,CD_CA_EL,3,0.583889466485016,0,0.395123971017224,0,0,0,0,0,0,0.122253259546901
1,CD_PC_CS,1,0.408912004295471,0,0,0.388372000161978,0.008982675902391,0,0,0,0,0
1,CD_PC_CS,2,0.395885835898876,0,0,0.337893942540342,0.009586895149535,0,0,0,0,0
1,CD_PC_CS,3,0.418553524881004,0,0,0.416552927629952,0.010360235764381,0,0,0,0,0
1,CD_PC_CH,1,0.180734805936037,0,0,0.821521845163805,0,0.058810050908405,0,0,0,0
1,CD_PC_CH,2,0.184600495893208,0,0,0.744212652935089,0,0.069653536586017,0,0,0,0
1,CD_PC_CH,3,0.187978571941693,0,0,0.774532657083945,0,0.058655408514225,0,0,0,0
1,CD_PC_BU,1,0.579878712831994,0,0,0.274617867027276,0,0,0.361370060350881,0,0,0
1,CD_PC_BU,2,0.563176634751059,0,0,0.272564788569519,0,0,0.375425271439744,0,0,0
1,CD_PC_BU,3,0.570992663512391,0,0,0.261840218823425,0,0,0.376333838173713,0,0,0
1,CD_PC_BT,1,0.136625889647217,0,0,0.056400060712679,0,0,0,1.07644076271097,0,0
1,CD_PC_BT,2,0.166586108981525,0,0,0.061130017090821,0,0,0,1.02395049430138,0,0
1,CD_PC_BT,3,0.195822301076603,0,0,0.059771095789054,0,0,0,0.993673302090832,0,0
1,CD_PC_PV,1,0.819331595832373,0,0,0.221924084964548,0,0,0,0,0.334610926034629,0
1,CD_PC_PV,2,0.761838041885735,0,0,0.239553559162434,0,0,0,0,0.377975109733883,0
1,CD_PC_PV,3,0.786065146117765,0,0,0.226646486704518,0,0,0,0,0.383155074145071,0
1,CD_PC_EL,1,0.368488022020266,0,0,0.708783296390446,0,0,0,0,0,0.036195376540345
1,CD_PC_EL,2,0.378767940534004,0,0,0.685985478070056,0,0,0,0,0,0.027513215502576
1,CD_PC_EL,3,0.351233821319283,0,0,0.731258382645186,0,0,0,0,0,0.016574485646013
1,CD_CS_CH,1,0.324780223605148,0,0,0,0.036827403586426,0.127959011874168,0,0,0,0
1,CD_CS_CH,2,0.314433256288409,0,0,0,0.039048296224099,0.139385097711224,0,0,0,0
1,CD_CS_CH,3,0.319861149543196,0,0,0,0.031619187421208,0.142286343395437,0,0,0,0
1,CD_CS_BU,1,0.502859728654209,0,0,0,0.036566211424456,0,0.504940732556414,0,0,0
1,CD_CS_BU,2,0.496068712707904,0,0,0,0.038115832359142,0,0.502582177731302,0,0,0
1,CD_CS_BU,3,0.459869105317681,0,0,0,0.037835853256203,0,0.522461751445227,0,0,0
1,CD_CS_BT,1,0.129273901659633,0,0,0,0.019538545973272,0,0,1.08715419009769,0,0
1,CD_CS_BT,2,0.165082601945382,0,0,0,0.019860931139124,0,0,1.04552314565409,0,0
1,CD_CS_BT,3,0.124358995544279,0,0,0,0.013353986098715,0,0,1.09085373943874,0,0
1,CD_CS_PV,1,0.834371828240794,0,0,0,0.023266261117175,0,0,0,0.514428602159861,0
1,CD_CS_PV,2,0.759778002938603,0,0,0,0.028014980417234,0,0,0,0.572473657426519,0
1,CD_CS_PV,3,0.834950731308212,0,0,0,0.02987973940693,0,0,0,0.500436165298843,0
1,CD_CS_EL,1,0.60407253552595,0,0,0,0.05237967556076,0,0,0,0,0.19841442769293
1,CD_CS_EL,2,0.710114970144534,0,0,0,0.053717184088424,0,0,0,0,0.203434479873677
1,CD_CS_EL,3,0.578689931979086,0,0,0,0.043801325233079,0,0,0,0,0.163675425627228
1,CD_CH_BU,1,0.232998731210663,0,0,0,0,0.249074287894358,0.653093700450835,0,0,0
1,CD_CH_BU,2,0.176369142087676,0,0,0,0,0.160840329282121,0.806457228158897,0,0,0
1,CD_CH_BU,3,0.196322127023753,0,0,0,0,0.183066546307863,0.719778032872799,0,0,0
1,CD_CH_BT,1,0.075652450270581,0,0,0,0,0.141953417104937,0,0.97476080716691,0,0
1,CD_CH_BT,2,0.064941183970628,0,0,0,0,0.123897005363317,0,1.01062847128484,0,0
1,CD_CH_BT,3,0.068103511256902,0,0,0,0,0.11495872700165,0,1.00030437334137,0,0
1,CD_CH_PV,1,0.14110372008108,0,0,0,0,0.721378192083936,0,0,0.407684797854096,0
1,CD_CH_PV,2,0.24089861812019,0,0,0,0,0.550708840939003,0,0,0.481359238752888,0
1,CD_CH_PV,3,0.196779938807863,0,0,0,0,0.514050755288427,0,0,0.561635920746125,0
1,CD_CH_EL,1,0.163888479155541,0,0,0,0,0.057564957614742,0,0,0,0.48201323195473
1,CD_CH_EL,2,0.16473564660738,0,0,0,0,0.052120568295587,0,0,0,0.498610478140742
1,CD_CH_EL,3,0.176423691066919,0,0,0,0,0.0728805059416,0,0,0,0.470362477724644
1,CD_BU_BT,1,0.165784327837379,0,0,0,0,0,0.197929413654544,0.88815291206967,0,0
1,CD_BU_BT,2,0.197393355745538,0,0,0,0,0,0.199176398810189,0.850196887180303,0,0
1,CD_BU_BT,3,0.191067999002458,0,0,0,0,0,0.197022831856913,0.852875802102856,0,0
1,CD_BU_PV,1,0.496214921575807,0,0,0,0,0,0.311138870333005,0,0.544912832661081,0
1,CD_BU_PV,2,0.484651238786792,0,0,0,0,0,0.291741039818716,0,0.558774369424772,0
1,CD_BU_PV,3,0.412735458003127,0,0,0,0,0,0.282529227698353,0,0.634402003336797,0
1,CD_BU_EL,1,0.330582757781871,0,0,0,0,0,0.72941541860003,0,0,0.087068491294071
1,CD_BU_EL,2,0.333559876651787,0,0,0,0,0,0.720828547001743,0,0,0.124378259090497
1,CD_BU_EL,3,0.333177955214761,0,0,0,0,0,0.714624100929198,0,0,0.126564611722748
1,CD_BT_PV,1,0.243923046414979,0,0,0,0,0,0,0.993260919549611,0.057882703618731,0
1,CD_BT_PV,2,0.243370001965544,0,0,0,0,0,0,0.982290435233036,0.063406190423071,0
1,CD_BT_PV,3,0.221231081078718,0,0,0,0,0,0,0.994923867412883,0.068111717086288,0
1,CD_BT_EL,1,0.13858826748809,0,0,0,0,0,0,1.14793530146747,0,0.000643101009225
1,CD_BT_EL,2,0.12643503133891,0,0,0,0,0,0,1.15470869617439,0,0.000322950271619
1,CD_BT_EL,3,0.147978369473561,0,0,0,0,0,0,1.12774785148402,0,0.000440411813909
1,CD_PV_EL,1,1.04349978005768,0,0,0,0,0,0,0,0.270999495503179,0.001867352251529
1,CD_PV_EL,2,1.03957469794231,0,0,0,0,0,0,0,0.272815579663452,0.002376442331563
1,CD_PV_EL,3,0.981206964115018,0,0,0,0,0,0,0,0.345921490029825,0.004238159362427
7,CD_DP_CA,1,0.301410076404545,0.180858952815274,0.025297666192181,0,0,0,0,0,0,0
7,CD_DP_CA,2,0.165346232281156,0.21657923782525,0.001941202608146,0,0,0,0,0,0,0
7,CD_DP_CA,3,0.102331891842331,0.271927984053924,0.006306785660307,0,0,0,0,0,0,0
7,CD_DP_PC,1,0.0001134463867,0.192253809994427,0,0.028399412137257,0,0,0,0,0,0
7,CD_DP_PC,2,7.09091487301087E-05,0.140513569123583,0,0.000482182211365,0,0,0,0,0,0
7,CD_DP_PC,3,8.61903347128292E-05,0.146480473844453,0,0,0,0,0,0,0,0
7,CD_DP_CS,1,0.188137903805715,0.287504274901437,0,0,2.44684489277819E-05,0,0,0,0,0
7,CD_DP_CS,2,0.162683819929772,0.284823292867341,0,0,5.95802307012532E-05,0,0,0,0,0
7,CD_DP_CS,3,0.069081771328341,0.360584872013041,0,0,0,0,0,0,0,0
7,CD_DP_CH,1,0.100369862074907,0.344244604993646,0,0,0,5.2221572359473E-05,0,0,0,0
7,CD_DP_CH,2,0.193605805072972,0.260001815721949,0,0,0,5.90711838514027E-05,0,0,0,0
7,CD_DP_CH,3,0.139659730924883,0.252576751324706,0,0,0,3.0183646190811E-05,0,0,0,0
7,CD_DP_BU,1,0.191273326725582,0.183668666402663,0,0,0,0,0.069124655553713,0,0,0
7,CD_DP_BU,2,0.179049690150752,0.225682134738167,0,0,0,0,0.045234849160777,0,0,0
7,CD_DP_BT,1,0.000165721262695,0.000165721262695,0,0,0,0,0,0.938935244112807,0,0
7,CD_DP_BT,2,0.000966115283121,6.6628640215241E-05,0,0,0,0,0,0.933533878055741,0,0
7,CD_DP_BT,3,0.000371362451175,0.000222817470705,0,0,0,0,0,0.940772497561043,0,0
7,CD_DP_PV,1,0.000101930147231,0.000475674020411,0,0,0,0,0,0,1.02568909486832,0
7,CD_DP_PV,2,0.000183099170507,0.001144369815666,0,0,0,0,0,0,1.03473918732518,0
7,CD_DP_PV,3,0.000308370084062,0.001387665378277,0,0,0,0,0,0,1.01207061588991,0
7,CD_DP_EL,1,0.002345920783882,0.202216975189196,0,0,0,0,0,0,0,0.027103763342349
7,CD_DP_EL,2,0.314360432987654,0.259064639885705,0,0,0,0,0,0,0,0.067241595740393
7,CD_CA_PC,2,0.415987975040959,0,0.057913290009499,0.298065376097474,0,0,0,0,0,0
7,CD_CA_CS,1,0.257750498036999,0,0.030624326732482,0,9.18423660754213E-05,0,0,0,0,0
7,CD_CA_CS,2,0.248318779615834,0,0.027803945485863,0,0.000143944131943,0,0,0,0,0
7,CD_CA_CS,3,0.286674239935318,0,0.133057395597869,0,0.098635004279601,0,0,0,0,0
7,CD_CA_CH,1,0.227269410066069,0,0.032950932535694,0,0,0.002946328396175,0,0,0,0
7,CD_CA_CH,2,0.220306269712641,0,0.029074557659828,0,0,0.001485829129619,0,0,0,0
7,CD_CA_CH,3,0.316753194847157,0,0.038049376130752,0,0,0.002264095108607,0,0,0,0
7,CD_CA_BU,1,0.228718578737468,0,0.39414320589913,0,0,0,0.103604876061657,0,0,0
7,CD_CA_BU,2,0.163064717841182,0,0.441792549793171,0,0,0,0.072209421101927,0,0,0
7,CD_CA_BU,3,0.192430278354228,0,0.474705287127268,0,0,0,0.05523113012124,0,0,0
7,CD_CA_BT,2,0.052809742701044,0,0.08802929662407,0,0,0,0,0.794927662571872,0,0
7,CD_CA_BT,3,0.033676647682824,0,0.092912444909941,0,0,0,0,0.82337758145693,0,0
7,CD_CA_PV,1,0.11026068703694,0,0.557574561373265,0,0,0,0,0,0.393731467028957,0
7,CD_CA_PV,2,0.107711204170663,0,0.594990731232907,0,0,0,0,0,0.3591647106081,0
7,CD_CA_PV,3,0.142170328865462,0,0.575880253347161,0,0,0,0,0,0.332716129221105,0
7,CD_CA_EL,2,0.613548788430706,0,0.39502822814088,0,0,0,0,0,0,0.165589667777792
7,CD_CA_EL,3,0.371472609539827,0,0.368985484043757,0,0,0,0,0,0,0.127808553477128
7,CD_PC_CS,1,0.384991639651454,0,0,0.403474997681781,0,0,0,0,0,0
7,CD_PC_CS,2,0.398545420522133,0,0,0.510625331033932,9.59040877168844E-05,0,0,0,0,0
7,CD_PC_CS,3,0.000386431685831,0,0,1.01048021527951,0,0,0,0,0,0
7,CD_PC_CH,1,-0.000110127896276,0,0,-0.000129793592039,0,-0.005093415202747,0,0,0,0
7,CD_PC_CH,2,-5.6982779798626E-05,0,0,-8.54741696979391E-05,0,-0.005790874997035,0,0,0,0
7,CD_PC_CH,3,0.002194609602508,0,0,0.001468279734063,0,0.168703779444074,0,0,0,0
7,CD_PC_BU,2,5.00127542752619E-05,0,0,1.00025508550524E-05,0,0,0.33980665764784,0,0,0
7,CD_PC_BU,3,7.30956145503001E-05,0,0,0,0,0,0.340893581057749,0,0,0
7,CD_PC_BT,1,0.00585392206166,0,0,0.000532174732878,0,0,0,0.92078054893103,0,0
7,CD_PC_BT,2,0.000153711695187,0,0,0.00057641885695,0,0,0,0.925536544641968,0,0
7,CD_PC_BT,3,0.000169005069198,0,0,0.001183035484384,0,0,0,0.913514650280782,0,0
7,CD_PC_PV,1,9.14869243218229E-05,0,0,0.18419367430127,0,0,0,0,0.748881466857002,0
7,CD_PC_PV,2,0.000106628208781,0,0,0.407568556696755,0,0,0,0,0.596691456337763,0
7,CD_PC_PV,3,3.86036555766761E-05,0,0,0.474284512415043,0,0,0,0,0.348243576957195,0
7,CD_PC_EL,1,0.346656830752805,0,0,0.572998862680521,0,0,0,0,0,0.044710985956946
7,CD_PC_EL,2,0.437410400414932,0,0,0.481829220822315,0,0,0,0,0,0.034827017907968
7,CD_PC_EL,3,0.420743648823157,0,0,0.479063385305953,0,0,0,0,0,0.028659648503655
7,CD_CS_CH,1,0.172263301213557,0,0,0,6.09781597216131E-05,0.000942389741152,0,0,0,0
7,CD_CS_CH,2,0.306285640446407,0,0,0,0.000424269436899,0.005856762878929,0,0,0,0
7,CD_CS_CH,3,0.352478417429937,0,0,0,0.000103265161356,0.001984985879407,0,0,0,0
7,CD_CS_BU,3,0.248527706125313,0,0,0,0.281854268560928,0,0.050384708137258,0,0,0
7,CD_CS_BT,1,0.000464107460957,0,0,0,0.000132602131702,0,0,0.936369953012945,0,0
7,CD_CS_BT,2,0.000109309060035,0,0,0,3.64363533450751E-05,0,0,0.944320969644311,0,0
7,CD_CS_BT,3,0.00025899274381,0,0,0,0,0,0,0.969107681878091,0,0
7,CD_CS_PV,1,0.672056495067728,0,0,0,3.38448151819373E-05,0,0,0,0.170476334071418,0
7,CD_CS_PV,2,0.457178085214212,0,0,0,4.74645022024722E-05,0,0,0,0.553341166676421,0
7,CD_CS_PV,3,0.450402762520581,0,0,0,4.38647022322343E-05,0,0,0,0.55502007734446,0
7,CD_CS_EL,1,0.418632406788217,0,0,0,0.073459658977493,0,0,0,0,0.198774588352192
7,CD_CS_EL,2,0.380648563180249,0,0,0,0.060470669368766,0,0,0,0,0.165647413558022
7,CD_CS_EL,3,0.241908858180506,0,0,0,0.054147971557076,0,0,0,0,0.131509822759073
7,CD_CH_BU,1,0.343513920624141,0,0,0,0,0.00378756943787,0.052765188660689,0,0,0
7,CD_CH_BU,2,0.364452900793239,0,0,0,0,0.003585715681932,0.076628072165741,0,0,0
7,CD_CH_BU,3,0.37272251813272,0,0,0,0,0.003538185010753,0.061705946587527,0,0,0
7,CD_CH_BT,1,0.000249244805496,0,0,0,0,0.036251272265978,0,0.819766165275188,0,0
7,CD_CH_BT,2,0.000199587013418,0,0,0,0,0.031135574093256,0,0.806331534209959,0,0
7,CD_CH_BT,3,0.000332294129886,0,0,0,0,0.041774119185676,0,0.822760265597873,0,0
7,CD_CH_PV,1,0.00011636204714,0,0,0,0,0.352266704041181,0,0,0.628083543111522,0
7,CD_CH_PV,2,0.000134116609744,0,0,0,0,0.429843734231117,0,0,0.538388777050997,0
7,CD_CH_PV,3,0.00016616502748,0,0,0,0,0.471077852905284,0,0,0.5197226647,0
7,CD_CH_EL,1,0.206402945702773,0,0,0,0,0.031509303621142,0,0,0,0.185654424868831
7,CD_CH_EL,2,0.209652606411662,0,0,0,0,0.025374284734891,0,0,0,0.215039799497075
7,CD_CH_EL,3,0.238112345392148,0,0,0,0,0.018618111340352,0,0,0,0.200836226758571
7,CD_BU_BT,1,0.000165964499023,0,0,0,0,0,0.0015410989195,0.887459594704811,0,0
7,CD_BU_BT,2,0.000187597060203,0,0,0,0,0,0.001563308835023,0.888115749176351,0,0
7,CD_BU_BT,3,0.000183707194781,0,0,0,0,0,0.001506398997208,0.87297658960148,0,0
7,CD_BU_PV,1,0.036538560046072,0,0,0,0,0,0.922673995663867,0,0.089454164879063,0
7,CD_BU_PV,2,0.015596996547804,0,0,0,0,0,0.900080979586531,0,0.134588652329728,0
7,CD_BU_PV,3,0.024236604855174,0,0,0,0,0,0.910833343085578,0,0.091796731449519,0
7,CD_BU_EL,1,0.278244730880922,0,0,0,0,0,0.56630372243832,0,0,0.085718170376449
7,CD_BU_EL,2,0.09450736571498,0,0,0,0,0,0.835152908843503,0,0,0.071406415131472
7,CD_BU_EL,3,0.134558015038104,0,0,0,0,0,0.752646463937167,0,0,0.087762171232567
7,CD_BT_PV,1,0.000173756502456,0,0,0,0,0,0,0.886088659926435,0.000104253901474,0
7,CD_BT_PV,2,0.00017634472525,0,0,0,0,0,0,0.887131531155429,5.87815750831851E-05,0
7,CD_BT_PV,3,0.296222231454319,0,0,0,0,0,0,0.533200016617775,0.059244446290864,0
7,CD_BT_EL,1,0.000545274228688,0,0,0,0,0,0,0.954229900204638,0,0.001291438962683
7,CD_BT_EL,2,0.000145395737635,0,0,0,0,0,0,0.958121562082214,0,0.000799676556994
7,CD_BT_EL,3,0.000452346258457,0,0,0,0,0,0,0.96308630664137,0,0.001028059678311
7,CD_PV_EL,1,0.803216952348389,0,0,0,0,0,0,0,0.084859128601921,0.150390615987569
7,CD_PV_EL,2,0.750866719792743,0,0,0,0,0,0,0,0.09833540927146,0.136664541743
7,CD_PV_EL,3,0.281490317682837,0,0,0,0,0,0,0,0.870148739229456,0.035427622287243
14,CD_DP_CA,1,0.192826400528214,0.379108918685561,0.000698014119559,0,0,0,0,0,0,0
14,CD_DP_CA,2,0.18274041572611,0.390650126975169,0.000242790632054,0,0,0,0,0,0,0
14,CD_DP_CA,3,0.101187756625607,0.45316834639791,0.000977230309817,0,0,0,0,0,0,0
14,CD_DP_PC,1,7.30050010871929E-05,0.223760328332246,0,0,0,0,0,0,0,0
14,CD_DP_PC,2,0.000115511174513,0.202317822158821,0,0,0,0,0,0,0,0
14,CD_DP_PC,3,3.10257208048123E-05,0.199402307612529,0,0,0,0,0,0,0,0
14,CD_DP_CS,1,0.129613119323802,0.389820214009532,0,0,0,0,0,0,0,0
14,CD_DP_CS,2,0.135974953959484,0.384378637200737,0,0,0.000179742173112,0,0,0,0,0
14,CD_DP_CS,3,0.141267729134665,0.345872049411162,0,0,9.35547875064004E-05,0,0,0,0,0
14,CD_DP_CH,1,0.143909064912782,0.314424268420551,0,0,0,0,0,0,0,0
14,CD_DP_CH,2,0.019944679600235,0.203988653733098,0,0,0,0,0,0,0,0
14,CD_DP_CH,3,0.19397811814693,0.354142502741228,0,0,0,0.000112712445175,0,0,0,0
14,CD_DP_BU,1,0.001346875299072,0.70104859316681,0,0,0,0,0.235837864867451,0,0,0
14,CD_DP_BU,2,0.00061735586566,0.522036120001707,0,0,0,0,0.441779857465967,0,0,0
14,CD_DP_BT,1,0.000613788016834,0.000920682025251,0,0,0,0,0,1.17739886329125,0,0
14,CD_DP_BT,3,0.000134312005303,0.001611744063633,0,0,0,0,0,1.1464872772644,0,0
14,CD_DP_PV,1,0.000285496128219,0.000428244192328,0,0,0,0,0,0,1.32041959301279,0
14,CD_DP_PV,2,0.000625206594411,0.000156301648603,0,0,0,0,0,0,1.25385182509032,0
14,CD_DP_PV,3,0.000494285007422,0.000329523338281,0,0,0,0,0,0,1.33110952498763,0
14,CD_DP_EL,1,0.004225618309339,0.237356072351421,0,0,0,0,0,0,0,0.014351642672573
14,CD_CA_PC,2,0.001092249185078,0,0.739088615236026,0.26505246891223,0,0,0,0,0,0
14,CD_CA_CS,1,0.314670636327817,0,0.214568065405831,0,0.063494631599685,0,0,0,0,0
14,CD_CA_CS,2,0.353260770543189,0,0.217384779589731,0,0.135287783200413,0,0,0,0,0
14,CD_CA_CS,3,0.347959711021505,0,0.178964490927419,0,0.111109131384409,0,0,0,0,0
14,CD_CA_CH,1,0.332931210141546,0,0.105057100637735,0,0,0.021945022554052,0,0,0,0
14,CD_CA_CH,2,0.37521763367463,0,0.094693101665115,0,0,0.017622597993588,0,0,0,0
14,CD_CA_BU,1,0.355669076562167,0,0.159606760503306,0,0,0,0.031557496267861,0,0,0
14,CD_CA_BU,2,0.243920863309352,0,0.435805275779376,0,0,0,0.224407194244604,0,0,0
14,CD_CA_BT,2,0.080121682977165,0,0.249381958591306,0,0,0,0,0.960429691764862,0,0
14,CD_CA_BT,3,0.087197642276423,0,0.243477073170732,0,0,0,0,0.956758617886179,0,0
14,CD_CA_PV,1,0.173726870156571,0,1.22141571511413,0,0,0,0,0,0.069490748062629,0
14,CD_CA_PV,2,0.116746245028766,0,1.2343019035484,0,0,0,0,0,0.187685184756168,0
14,CD_CA_EL,3,0.257474238939991,0,0.611231685282523,0,0,0,0,0,0,0.325127409110819
14,CD_PC_CS,1,0,0,0,1.34413333333333,0,0,0,0,0,0
14,CD_PC_CS,2,0,0,0,-0.065266666666667,0,0,0,0,0,0
14,CD_PC_CH,1,0,0,0,-0.059166666666667,0,0,0,0,0,0
14,CD_PC_CH,2,-0.01238407960199,0,0,-0.046882587064677,0,0,0,0,0,0
14,CD_PC_CH,3,-0.02762962962963,0,0,-0.034537037037037,0,0,0,0,0,0
14,CD_PC_BU,1,0.000555385547644,0,0,0.000185128515881,0,0,1.22129281926981,0,0,0
14,CD_PC_BU,2,0.000112833183588,0,0,0,0,0,0.502220500149745,0,0,0
14,CD_PC_BU,3,0.000139339095984,0,0,0,0,0,0.515693994237349,0,0,0
14,CD_PC_BT,1,0,0,0,0.000955285703057,0,0,0,1.15657804763028,0,0
14,CD_PC_BT,3,0,0,0,0.039422778623138,0,0,0,1.1382105547102,0,0
14,CD_PC_PV,3,0.000573561976776,0,0,0.976967233774417,0,0,0,0,0.438392537582141,0
14,CD_PC_EL,2,0.300476553635616,0,0,0.917418002685029,0,0,0,0,0,0.119738777012689
14,CD_PC_EL,3,0.345987690260985,0,0,0.840234972805885,0,0,0,0,0,0.056910670266463
14,CD_CS_CH,2,0.405902030439873,0,0,0,0.010831302893461,0,0,0,0,0
14,CD_CS_BT,1,0.001153894600352,0,0,0,0,0,0,1.18537943873298,0,0
14,CD_CS_BT,2,0.001314964459409,0,0,0,0,0,0,1.17031836887392,0,0
14,CD_CS_BT,3,0.000885110767646,0,0,0,0,0,0,1.14444822256569,0,0
14,CD_CS_PV,1,0.004444801714898,0,0,0,0,0,0,0,1.37788853161844,0
14,CD_CS_PV,2,0.311412834295574,0,0,0,0,0,0,0,1.06192049903776,0
14,CD_CS_PV,3,0.26281392426558,0,0,0,0,0,0,0,1.08771940906775,0
14,CD_CS_EL,1,0.466376033838446,0,0,0,0.103006644490986,0,0,0,0,0.063550655003901
14,CD_CS_EL,2,0.356729028894847,0,0,0,0.157327360738755,0,0,0,0,0.107476943699732
14,CD_CS_EL,3,0.337262051354802,0,0,0,0.365516877098406,0,0,0,0,0.141154404880125
14,CD_CH_BU,1,0.327368149210904,0,0,0,0,0.062048337028825,0.328116847093605,0,0,0
14,CD_CH_BU,2,0.342568745632425,0,0,0,0,0.02334262170976,0.356321965991148,0,0,0
14,CD_CH_BT,1,0.001837973258269,0,0,0,0,0.081023987802017,0,1.00537137227305,0,0
14,CD_CH_BT,2,0.001900038372985,0,0,0,0,0.062701266308519,0,1.03573202865183,0,0
14,CD_CH_BT,3,0.001320062268924,0,0,0,0,0.063582999286502,0,1.06573027177791,0,0
14,CD_CH_PV,1,0.002431545169508,0,0,0,0,0.666991544189692,0,0,0.603210243974133,0
14,CD_CH_PV,2,0.00038222019834,0,0,0,0,0.601041261890306,0,0,0.657609851244687,0
14,CD_CH_EL,1,0.235950793650794,0,0,0,0,0.01298708994709,0,0,0,0.19189544973545
14,CD_CH_EL,2,0.22520696373057,0,0,0,0,0.061031288428325,0,0,0,0.199295081174439
14,CD_CH_EL,3,0.236440883819802,0,0,0,0,0.06102888561851,0,0,0,0.203163563895021
14,CD_BU_BT,1,0.000145952928828,0,0,0,0,0,0.000145952928828,1.20484142747568,0,0
14,CD_BU_BT,2,0.000226978528556,0,0,0,0,0,0,1.22250635480478,0,0
14,CD_BU_BT,3,0.000193498229305,0,0,0,0,0,0.000193498229305,1.16524633687472,0,0
14,CD_BU_PV,2,0.000195671201097,0,0,0,0,0,1.21824889802805,0,0.018588764104187,0
14,CD_BU_PV,3,0.589936463590483,0,0,0,0,0,0.532520187454939,0,0.044376682287912,0
14,CD_BU_EL,1,0.245571208978246,0,0,0,0,0,0.736913440774427,0,0,0.269748683580661
14,CD_BU_EL,2,0.330848670377242,0,0,0,0,0,0.853668398268398,0,0,0.190116264687693
14,CD_BU_EL,3,0.269178005765644,0,0,0,0,0,0.905750715052852,0,0,0.178304612514838
14,CD_BT_PV,1,0.000231842587329,0,0,0,0,0,0,1.223201490746,0,0
14,CD_BT_PV,2,0.000859637927775,0,0,0,0,0,0,1.21157369540556,0,0
14,CD_BT_PV,3,0.00053453364817,0,0,0,0,0,0,1.20679879968516,0,0
14,CD_BT_EL,1,0.067239234504427,0,0,0,0,0,0,1.27340057126535,0,0.002993527563553
14,CD_BT_EL,2,0.053136240026054,0,0,0,0,0,0,1.24440619605927,0,0.005090897248005
14,CD_BT_EL,3,0.015476527249683,0,0,0,0,0,0,1.30510256020279,0,0.013954245880862
14,CD_PV_EL,1,0.867632696786213,0,0,0,0,0,0,0,0.579105511566527,0.021195124980593
14,CD_PV_EL,2,1.08215153939394,0,0,0,0,0,0,0,0.309127272727273,0.025554521212121
14,CD_PV_EL,3,0.085614909551792,0,0,0,0,0,0,0,1.17129600184353,0.262622421938011
21,CD_DP_CA,1,0.280621581395349,0.229829581395349,0.124448837209302,0,0,0,0,0,0,0
21,CD_DP_CA,2,0.288638211382114,0.316305894308943,5.58943089430894E-05,0,0,0,0,0,0,0
21,CD_DP_CA,3,0.344834172629291,0.277353056788334,0.003912770582375,0,0,0,0,0,0,0
21,CD_DP_PC,1,2.23381294964029E-05,0.248355323741007,0,2.23381294964029E-05,0,0,0,0,0,0
21,CD_DP_PC,2,6.5054374289888E-05,0.26713494562571,0,0,0,0,0,0,0,0
21,CD_DP_PC,3,0.000203881362138,0.278196118637862,0,0,0,0,0,0,0,0
21,CD_DP_CS,1,0.212446875,0.391053125,0,0,0,0,0,0,0,0
21,CD_DP_CS,2,0.186276031525267,0.470523968474734,0,0,0,0,0,0,0,0
21,CD_DP_CS,3,0.151050525854514,0.522449474145486,0,0,0,0,0,0,0,0
21,CD_DP_CH,1,0.250834842893883,0.463485273398189,0,0,0,7.98837079279884E-05,0,0,0,0
21,CD_DP_CH,2,0.41407240293809,0.278146881193891,0,0,0,8.07158680191209E-05,0,0,0,0
21,CD_DP_CH,3,0.394847812135356,0.281752187864644,0,0,0,0,0,0,0,0
21,CD_DP_BU,1,0.000156211975664,0.475040617995517,0,0,0,0,0.500503170028818,0,0,0
21,CD_DP_BU,2,0.000204104166667,0.576798375,0,0,0,0,0.402697520833333,0,0,0
21,CD_DP_BT,1,0.000152932695458,7.6466347729209E-05,0,0,0,0,0,1.16657060095681,0,0
21,CD_DP_BT,3,7.9128955427016E-05,0.000316515821708,0,0,0,0,0,1.16240435522286,0,0
21,CD_DP_PV,2,0.000190129652865,0.000190129652865,0,0,0,0,0,0,1.13611974069427,0
21,CD_DP_PV,3,0.000230579508577,0,0,0,0,0,0,0,1.24316942049142,0
21,CD_DP_EL,1,0.372717303664922,0.28069557591623,0,0,0,0,0,0,0,0.242187120418848
21,CD_CA_PC,2,0.0019,0,0.0043,0.0001,0,0,0,0,0,0
21,CD_CA_CS,1,0.464059157840351,0,0.240346887109274,0,0.097993955050375,0,0,0,0,0
21,CD_CA_CS,2,0.537482764017053,0,0.158037952619934,0,0.095779283363013,0,0,0,0,0
21,CD_CA_CH,1,0.455371902634698,0,0.055100373780655,0,0,0.001727723584648,0,0,0,0
21,CD_CA_CH,2,0.444133814681107,0,0.05313052547132,0,0,0.001935659847573,0,0,0,0
21,CD_CA_BT,2,0.118835933857809,0,0.283124293414918,0,0,0,0,1.01293977272727,0,0
21,CD_CA_BT,3,0.123327572374139,0,0.147387009427024,0,0,0,0,1.10278541819884,0,0
21,CD_CA_PV,1,0.398828557263262,0,1.02737979318649,0,0,0,0,0,0.085891649550252,0
21,CD_CA_PV,2,0.164071481838919,0,1.06048977452185,0,0,0,0,0,0.216738743639235,0
21,CD_CA_EL,3,0.18645357019662,0,0.703387719903415,0,0,0,0,0,0,0.189058709899966
21,CD_PC_CH,1,0.0074375,0,0,0.0014875,0,0.002975,0,0,0,0
21,CD_PC_CH,2,0.00475,0,0,0.00475,0,0,0,0,0,0
21,CD_PC_CH,3,0.000527874677003,0,0,0.005372125322997,0,0,0,0,0,0
21,CD_PC_BU,3,0.000102581764644,0,0,0,0,0,0.650197418235356,0,0,0
21,CD_PC_BT,1,0,0,0,0.09057700087184,0,0,0,1.15712299912816,0,0
21,CD_PC_BT,3,9.86147707596175E-05,0,0,0.485874975532636,0,0,0,0.823926409696604,0,0
21,CD_PC_EL,2,0.103768,0,0,0.960704,0,0,0,0,0,0.084728
21,CD_CS_BT,2,0.000342492917847,0,0,0,0,0,0,1.20865750708215,0,0
21,CD_CS_BT,3,0.000407206908004,0,0,0,0,0,0,1.225692793092,0,0
21,CD_CS_PV,1,0.000415362296709,0,0,0,0,0,0,0,1.35958463770329,0
21,CD_CS_PV,2,0.595515827982679,0,0,0,0,0,0,0,0.429984172017321,0
21,CD_CS_EL,1,0.588723335687231,0,0,0,0.068870372985813,0,0,0,0,0.220306291326956
21,CD_CS_EL,2,0.423425445052213,0,0,0,0.018050929885629,0,0,0,0,0.075623625062158
21,CD_CS_EL,3,0.53471629156657,0,0,0,0.066337963080035,0,0,0,0,0.223245745353395
21,CD_CH_BU,1,0.011666193433895,0,0,0,0,0.101353354719814,0.66038045184629,0,0,0
21,CD_CH_BU,2,0.086083382457567,0,0,0,0,0.062590507165362,0.694926110377071,0,0,0
21,CD_CH_BT,1,0.001063474743674,0,0,0,0,0.04230266202615,0,1.21283386323018,0,0
21,CD_CH_BT,2,0.000842307692308,0,0,0,0,0.033271153846154,0,1.19958653846154,0,0
21,CD_CH_BT,3,0.000825173024304,0,0,0,0,0.049510381458233,0,1.23136444551746,0,0
21,CD_CH_PV,1,0,0,0,0,0,0.207872051642804,0,0,0.969127948357196,0
21,CD_CH_EL,1,0.284587082010777,0,0,0,0,0.062799365173101,0,0,0,0.352813552816122
21,CD_CH_EL,2,0.244185715145678,0,0,0,0,0.034811196725259,0,0,0,0.369303088129063
21,CD_CH_EL,3,0.227068861813695,0,0,0,0,0.026998565700185,0,0,0,0.42053257248612
21,CD_BU_BT,1,0,0,0,0,0,0,0.000163784834738,1.26343621516526,0,0
21,CD_BU_BT,2,0.000320814531991,0,0,0,0,0,0.001283258127965,1.38479592734004,0,0
21,CD_BU_BT,3,0.000183593272171,0,0,0,0,0,0.000367186544343,1.20014922018349,0,0
21,CD_BU_PV,1,0,0,0,0,0,0,1.08854186915888,0,0.033558130841122,0
21,CD_BU_PV,2,0.000364006259781,0,0,0,0,0,1.23634726134585,0,0.042588732394366,0
21,CD_BU_PV,3,0.000565793594306,0,0,0,0,0,1.30283404982206,0,0.02150015658363,0
21,CD_BU_EL,1,0.224288823321138,0,0,0,0,0,1.09319268263897,0,0,0.142118494039891
21,CD_BU_EL,2,0.124611622322543,0,0,0,0,0,1.18271971952742,0,0,0.112068658150034
21,CD_BU_EL,3,0.22403963972038,0,0,0,0,0,1.03670049291988,0,0,0.138159867359742
21,CD_BT_PV,1,0.000400318781546,0,0,0,0,0,0,1.12979968121845,0,0
21,CD_BT_PV,2,0.000748728441976,0,0,0,0,0,0,1.13756807950892,8.31920491084478E-05,0
21,CD_BT_PV,3,0.000242597611161,0,0,0,0,0,0,1.20801480477768,0.000242597611161,0
21,CD_BT_EL,1,0.083052591170825,0,0,0,0,0,0,1.26674426672354,0,0.002403142105637
21,CD_BT_EL,2,0.028147761828815,0,0,0,0,0,0,1.3018693460925,0,0.000282892078682
21,CD_BT_EL,3,0.032966987987543,0,0,0,0,0,0,1.33821551238321,0,0.001017499629245
21,CD_PV_EL,1,0.234827586206897,0,0,0,0,0,0,0,1.1136271028906,0.0135453109025
21,CD_PV_EL,2,0.443965704286964,0,0,0,0,0,0,0,0.961243324584427,0.057190971128609
21,CD_PV_EL,3,0.45933970431823,0,0,0,0,0,0,0,0.763694735162731,0.166065560519039
28,CD_DP_CA,1,0.337251251900274,0.183251085536734,0.045197681962317,0,0,0,0,0,0,0
28,CD_DP_CA,2,0.380257843373664,0.190648873159084,0.000693268629669,0,0,0,0,0,0,0
28,CD_DP_CA,3,0.471013089948061,0.218676300568939,0.043010624590791,0,0,0,0,0,0,0
28,CD_DP_PC,1,0.000117237410671,0.203582763630423,0,0,0,0,0,0,0,0
28,CD_DP_PC,2,4.80551961383265E-06,0.020195196177132,0,0,0,0,0,0,0,0
28,CD_DP_PC,3,8.31089546744978E-05,0.199516897188578,0,0,0,0,0,0,0,0
28,CD_DP_CS,1,0.378419666492999,0.204112768853162,0,0,6.75870095540273E-05,0,0,0,0,0
28,CD_DP_CS,2,0.361912911388687,0.214187105244983,0,0,0,0,0,0,0,0
28,CD_DP_CS,3,0.341001886327116,0.196398086151433,0,0,0,0,0,0,0,0
28,CD_DP_CH,1,0.311564976439858,0.198135048681513,0,0,0,0,0,0,0,0
28,CD_DP_CH,2,0.301898235937247,0.158901780982525,0,0,0,0,0,0,0,0
28,CD_DP_CH,3,0.268384874189222,0.248600091797068,0,0,0,0.000215051982523,0,0,0,0
28,CD_DP_BU,1,0.000193082506235,0.491781143380711,0,0,0,0,0.493325803430592,0,0,0
28,CD_DP_BU,2,0,0.49491778907633,0,0,0,0,0.510582254355588,0,0,0
28,CD_DP_BT,1,0,0,0,0,0,0,0,1.01410003999869,0,0
28,CD_DP_BT,3,0,0,0,0,0,0,0,1.02490004400412,0,0
28,CD_DP_PV,3,0.000174222517234,0,0,0,0,0,0,0,1.04742577361244,0
28,CD_DP_EL,1,0.391794311938698,0.213225999068227,0,0,0,0,0,0,0,0.150679706008214
28,CD_CA_PC,2,-0.00023200015227,0,-0.00208800137043,-0.000580000380675,0,0,0,0,0,0
28,CD_CA_CS,1,0.484656921500534,0,0.331032481097602,0,0.095310575983929,0,0,0,0,0
28,CD_CA_CS,2,0.488854010209763,0,0.12781792210197,0,0.051028085180244,0,0,0,0,0
28,CD_CA_CH,1,0.31082161572642,0,0.103082611797876,0,0,0.021595763455535,0,0,0,0
28,CD_CA_CH,2,0.35602833092158,0,0.062689373883202,0,0,0.011282267578399,0,0,0,0
28,CD_CA_BT,2,0.052585661933502,0,0.421476057301605,0,0,0,0,0.672938320382113,0,0
28,CD_CA_BT,3,0.075831817293709,0,0.205721959786894,0,0,0,0,0.830646209893795,0,0
28,CD_CA_PV,1,0.229746347761071,0,0.972531850582222,0,0,0,0,0,0.019221805987978,0
28,CD_CA_EL,3,0.242989182774094,0,0.169708472122584,0,0,0,0,0,0,0.083702368603447
28,CD_PC_CH,1,-0.002249999592702,0,0,-0.002249999592702,0,0,0,0,0,0
28,CD_PC_CH,2,-0.003060001134872,0,0,-0.002040000756582,0,0,0,0,0,0
28,CD_PC_CH,3,0,0,0,-0.006100003918012,0,0,0,0,0,0
28,CD_PC_BU,3,0,0,0,0.000510725255194,0,0,0.499489299580074,0,0,0
28,CD_PC_BT,1,0,0,0,0.138813457222591,0,0,0,0.914986494847328,0,0
28,CD_PC_BT,3,0,0,0,0.412299047490797,0,0,0,0.661600902099568,0,0
28,CD_PC_EL,2,0.118618354955974,0,0,0.964405082713862,0,0,0,0,0,0.039276556361752
28,CD_CS_BT,2,0,0,0,0,0,0,0,0.956199968854586,0,0
28,CD_CS_BT,3,0,0,0,0,0,0,0,0.948199952642123,0,0
28,CD_CS_PV,1,0.000532812148157,0,0,0,0,0,0,0,1.19216718150196,0
28,CD_CS_PV,2,0.435710004599253,0,0,0,0,0,0,0,0.666289958724022,0
28,CD_CS_EL,1,0.546211426813459,0,0,0,0.061381390408802,0,0,0,0,0.089307158117311
28,CD_CS_EL,2,0.63877413990663,0,0,0,0.044039284352154,0,0,0,0,0.095986551652992
28,CD_CS_EL,3,0.547781994713436,0,0,0,0.06847274933918,0,0,0,0,0.095245269815399
28,CD_CH_BU,2,0.118592449227886,0,0,0,0,0.107762088567806,0.426445450990688,0,0,0
28,CD_CH_BT,1,0,0,0,0,0,0.053168601505016,0,1.09133138089175,0,0
28,CD_CH_BT,2,0.000212166499016,0,0,0,0,0.072773109162617,0,1.04831467163991,0,0
28,CD_CH_BT,3,0,0,0,0,0,0.048408357061035,0,1.02479159558109,0,0
28,CD_CH_PV,1,0.003992609480171,0,0,0,0,0.306825989142857,0,0,0.271981397315908,0
28,CD_CH_EL,1,0.344989893828344,0,0,0,0,0.037598309489392,0,0,0,0.219111769828385
28,CD_CH_EL,2,0.24534996327372,0,0,0,0,0.05252429300556,0,0,0,0.304025750054706
28,CD_CH_EL,3,0.333126362919252,0,0,0,0,0.040785507179804,0,0,0,0.240688157501868
28,CD_BU_BT,1,0.008864111412821,0,0,0,0,0,0.002332660898111,1.02940325433632,0,0
28,CD_BU_BT,2,0.000624302548166,0,0,0,0,0,0.106755735736356,1.05631991149658,0,0
28,CD_BU_BT,3,0.000232023676707,0,0,0,0,0,0.00139214206024,0.978675868348963,0,0
28,CD_BU_PV,2,0.000244250697205,0,0,0,0,0,1.02634142965378,0,0.010014278585389,0
28,CD_BU_PV,3,0,0,0,0,0,0,1.13108966945209,0,0.005310280138273,0
28,CD_BU_EL,1,0.239990674359784,0,0,0,0,0,0.918552541863331,0,0,0.101956822440431
28,CD_BU_EL,2,0.094174236760062,0,0,0,0,0,0.956909852848029,0,0,0.129715955921912
28,CD_BU_EL,3,0.153028850968215,0,0,0,0,0,0.682891247445657,0,0,0.357279858996623
28,CD_BT_PV,1,0.000683881554818,0,0,0,0,0,0,1.03881608176846,0,0
28,CD_BT_PV,2,0.000248299323652,0,0,0,0,0,0,1.05825171740539,0,0
28,CD_BT_PV,3,0.000475105484731,0,0,0,0,0,0,0.956624893505964,0,0
28,CD_BT_EL,1,0.02047876433075,0,0,0,0,0,0,1.22119690237047,0,0.006324324278614
28,CD_BT_EL,2,0.000251030552202,0,0,0,0,0,0,1.05282213593427,0,0.006526794357246
28,CD_BT_EL,3,0.081370517644739,0,0,0,0,0,0,1.01216408430767,0,0.002365422024556
28,CD_PV_EL,1,1.05031244986892,0,0,0,0,0,0,0,0.205111522196625,0.023576037034095
28,CD_PV_EL,2,1.00650980397631,0,0,0,0,0,0,0,0.155697073352342,0.024293160381217
35,CD_DP_CA,1,0.133806108194536,0.474168281320466,0.010658955254476,0,0,0,0,0,0,0
35,CD_DP_CA,2,0.09806901799682,0.405664333829848,0,0,0,0,0,0,0,0
35,CD_DP_CA,3,0.075865326900744,0.227540604551208,0.001827412983741,0,0,0,0,0,0,0
35,CD_DP_PC,1,0.000110964687778,0.21882236429839,0,0,0,0,0,0,0,0
35,CD_DP_PC,2,0,0.227233335375786,0,0,0,0,0,0,0,0
35,CD_DP_PC,3,0,0.233633324503899,0,0,0,0,0,0,0,0
35,CD_DP_CS,1,0.155965281854803,0.539168061484163,0,0,0,0,0,0,0,0
35,CD_DP_CS,2,0.177529352858843,0.460503992482839,0,0,0,0,0,0,0,0
35,CD_DP_CS,3,0.289071693314773,0.410261631713646,0,0,0,0,0,0,0,0
35,CD_DP_CH,1,0.233391988521404,0.479141321534329,0,0,0,0,0,0,0,0
35,CD_DP_CH,2,0.265792755855023,0.646140561925471,0,0,0,0,0,0,0,0
35,CD_DP_CH,3,0.125440837732634,0.722792519339242,0,0,0,0,0,0,0,0
35,CD_DP_BU,1,0,0.423239818604306,0,0,0,0,0.468793534843608,0,0,0
35,CD_DP_BU,2,0.000165056682552,0.458527464128481,0,0,0,0,0.453740820334483,0,0,0
35,CD_DP_BT,1,0,0,0,0,0,0,0,0.925633326172829,0,0
35,CD_DP_BT,3,0.000373285965302,0,0,0,0,0,0,0.945160064144752,0,0
35,CD_DP_PV,3,0,0,0,0,0,0,0,0,1.10363335907459,0
35,CD_DP_EL,1,0.351993697983297,0.219461657851934,0,0,0,0,0,0,0,0.055577952313152
35,CD_CA_PC,2,0.004318578809988,0,0.01850819489995,0.01480655591996,0,0,0,0,0,0
35,CD_CA_CS,1,0.286131689799422,0,0.138798696597388,0,0.101402960566118,0,0,0,0,0
35,CD_CA_CS,2,0.330770329967057,0,0.266094567124336,0,0.095268425266738,0,0,0,0,0
35,CD_CA_CH,1,0.331807670350138,0,0.039326734135026,0,0,0.000698934848371,0,0,0,0
35,CD_CA_CH,2,0.346930461757097,0,0.0326594451438,0,0,0.000843428999409,0,0,0,0
35,CD_CA_BT,2,0.040525510267333,0,0.560112359784259,0,0,0,0,0.58569550313738,0,0
35,CD_CA_BT,3,0.072662755875537,0,0.293996112007928,0,0,0,0,0.796874417376735,0,0
35,CD_CA_PV,1,0.156123962228734,0,1.09847697975307,0,0,0,0,0,0.019632354531757,0
35,CD_CA_PV,2,0.229204132209161,0,1.15795044422834,0,0,0,0,0,0.07157869909522,0
35,CD_CA_EL,3,0.508514066741663,0,0.328733372204316,0,0,0,0,0,0,0.088185913643629
35,CD_PC_CH,2,0.010409194847633,0,0,0.027324136475037,0,0,0,0,0,0
35,CD_PC_CH,3,0.020210257516458,0,0,0.017323077871249,0,0,0,0,0,0
35,CD_PC_BU,3,0,0,0,0,0,0,0.518333330750465,0,0,0
35,CD_PC_BT,1,0,0,0,0.55267470765131,0,0,0,0.530458587527103,0,0
35,CD_PC_BT,3,0,0,0,0.641090641412938,0,0,0,0.488242690768039,0,0
35,CD_PC_EL,2,0.092878695612505,0,0,0.864886413543648,0,0,0,0,0,0.027368255640485
35,CD_CS_BT,2,0,0,0,0,0,0,0,0.940533354878426,0,0
35,CD_CS_BT,3,0.000184584619483,0,0,0,0,0,0,0.953748728869477,0,0
35,CD_CS_PV,1,0.001864636499573,0,0,0,0,0,0,0,1.03906868938715,0
35,CD_CS_PV,2,0.744871135241272,0,0,0,0,0,0,0,0.215262253397225,0
35,CD_CS_EL,1,0.748693920802191,0,0,0,0.017607091906223,0,0,0,0,0.061232306884062
35,CD_CS_EL,2,0.70233227347608,0,0,0,0.061433110762769,0,0,0,0,0.07696792038094
35,CD_CS_EL,3,0.863380421442389,0,0,0,0.036357584682523,0,0,0,0,0.070695303549351
35,CD_CH_BU,2,0.110387225128792,0,0,0,0,0.049337648658232,0.459808441513917,0,0,0
35,CD_CH_BT,1,0,0,0,0,0,0.065740926521456,0,0.517592401844823,0,0
35,CD_CH_BT,2,0.00013637099372,0,0,0,0,0.068049125866096,0,0.88654783017132,0,0
35,CD_CH_BT,3,0,0,0,0,0,0.036541773292299,0,0.94669151463819,0,0
35,CD_CH_PV,1,0,0,0,0,0,0.408975047498506,0,0,0.599658282965857,0
35,CD_CH_EL,1,0.209007538761904,0,0,0,0,0.022702543003448,0,0,0,0.281223246982397
35,CD_CH_EL,2,0.226487938546549,0,0,0,0,0.113455798620961,0,0,0,0.278089567643013
35,CD_CH_EL,3,0.304955045795785,0,0,0,0,0.003721395198205,0,0,0,0.210856910069738
35,CD_BU_BT,1,0.000167438816519,0,0,0,0,0,0.030976181055992,1.07478976323467,0,0
35,CD_BU_BT,2,0,0,0,0,0,0,0.057423197259231,1.02061008609362,0,0
35,CD_BU_PV,2,0.000130400366215,0,0,0,0,0,0.936535430153564,0,0.090367453786747,0
35,CD_BU_EL,1,0.249730647384844,0,0,0,0,0,0.685658452517582,0,0,0.286844270044053
35,CD_BU_EL,2,0.24076314811783,0,0,0,0,0,0.612829827661835,0,0,0.336540312723029
35,CD_BU_EL,3,0.263773668307833,0,0,0,0,0,0.679153584879413,0,0,0.266106072127275
35,CD_BT_PV,1,0,0,0,0,0,0,0,0.993933275341988,0,0
35,CD_BT_PV,2,0,0,0,0,0,0,0,1.06653328239918,0,0
35,CD_BT_PV,3,0.00018554719365,0,0,0,0,0,0,0.96224774626815,0,0
35,CD_BT_EL,1,0.145693152778761,0,0,0,0,0,0,0.974878048230387,0,0.01606215043605
35,CD_BT_EL,2,0,0,0,0,0,0,0,1.15591910057267,0,0.034114290545384
35,CD_BT_EL,3,0.213516791773379,0,0,0,0,0,0,1.02680913927662,0,0.044907402656853
35,CD_PV_EL,1,0.599627600232258,0,0,0,0,0,0,0,0.448354522957426,0.170151162451987
35,CD_PV_EL,2,0.851560308091111,0,0,0,0,0,0,0,0.021183092241073,0.129289907816201
35,CD_PV_EL,3,0.284526078712822,0,0,0,0,0,0,0,0.778791737188258,0.24291554546233
0,CD,1,0.0055,0,0,0,0,0,0,0,0,0
0,CD,2,0.0055,0,0,0,0,0,0,0,0,0
0,CD,3,0.0055,0,0,0,0,0,0,0,0,0
0,DP,1,0,0.0055,0,0,0,0,0,0,0,0
0,DP,2,0,0.0055,0,0,0,0,0,0,0,0
0,DP,3,0,0.0055,0,0,0,0,0,0,0,0
0,CA,1,0,0,0.0055,0,0,0,0,0,0,0
0,CA,2,0,0,0.0055,0,0,0,0,0,0,0
0,CA,3,0,0,0.0055,0,0,0,0,0,0,0
0,PC,1,0,0,0,0.0055,0,0,0,0,0,0
0,PC,2,0,0,0,0.0055,0,0,0,0,0,0
0,PC,3,0,0,0,0.0055,0,0,0,0,0,0
0,CS,1,0,0,0,0,0.0055,0,0,0,0,0
0,CS,2,0,0,0,0,0.0055,0,0,0,0,0
0,CS,3,0,0,0,0,0.0055,0,0,0,0,0
0,CH,1,0,0,0,0,0,0.0055,0,0,0,0
0,CH,2,0,0,0,0,0,0.0055,0,0,0,0
0,CH,3,0,0,0,0,0,0.0055,0,0,0,0
0,BU,1,0,0,0,0,0,0,0.0055,0,0,0
0,BU,2,0,0,0,0,0,0,0.0055,0,0,0
0,BU,3,0,0,0,0,0,0,0.0055,0,0,0
0,BT,1,0,0,0,0,0,0,0,0.0055,0,0
0,BT,2,0,0,0,0,0,0,0,0.0055,0,0
0,BT,3,0,0,0,0,0,0,0,0.0055,0,0
0,PV,1,0,0,0,0,0,0,0,0,0.0055,0
0,PV,2,0,0,0,0,0,0,0,0,0.0055,0
0,PV,3,0,0,0,0,0,0,0,0,0.0055,0
0,EL,1,0,0,0,0,0,0,0,0,0,0.0055
0,EL,2,0,0,0,0,0,0,0,0,0,0.0055
0,EL,3,0,0,0,0,0,0,0,0,0,0.0055
0,CD_DP,1,0.00275,0.00275,0,0,0,0,0,0,0,0
0,CD_DP,2,0.00275,0.00275,0,0,0,0,0,0,0,0
0,CD_DP,3,0.00275,0.00275,0,0,0,0,0,0,0,0
0,CD_CA,1,0.00275,0,0.00275,0,0,0,0,0,0,0
0,CD_CA,2,0.00275,0,0.00275,0,0,0,0,0,0,0
0,CD_CA,3,0.00275,0,0.00275,0,0,0,0,0,0,0
0,CD_PC,1,0.00275,0,0,0.00275,0,0,0,0,0,0
0,CD_PC,2,0.00275,0,0,0.00275,0,0,0,0,0,0
0,CD_PC,3,0.00275,0,0,0.00275,0,0,0,0,0,0
0,CD_CS,1,0.00275,0,0,0,0.00275,0,0,0,0,0
0,CD_CS,2,0.00275,0,0,0,0.00275,0,0,0,0,0
0,CD_CS,3,0.00275,0,0,0,0.00275,0,0,0,0,0
0,CD_CH,1,0.00275,0,0,0,0,0.00275,0,0,0,0
0,CD_CH,2,0.00275,0,0,0,0,0.00275,0,0,0,0
0,CD_CH,3,0.00275,0,0,0,0,0.00275,0,0,0,0
0,CD_BU,1,0.00275,0,0,0,0,0,0.00275,0,0,0
0,CD_BU,2,0.00275,0,0,0,0,0,0.00275,0,0,0
0,CD_BU,3,0.00275,0,0,0,0,0,0.00275,0,0,0
0,CD_BT,1,0.00275,0,0,0,0,0,0,0.00275,0,0
0,CD_BT,2,0.00275,0,0,0,0,0,0,0.00275,0,0
0,CD_BT,3,0.00275,0,0,0,0,0,0,0.00275,0,0
0,CD_PV,1,0.00275,0,0,0,0,0,0,0,0.00275,0
0,CD_PV,2,0.00275,0,0,0,0,0,0,0,0.00275,0
0,CD_PV,3,0.00275,0,0,0,0,0,0,0,0.00275,0
0,CD_EL,1,0.00275,0,0,0,0,0,0,0,0,0.00275
0,CD_EL,2,0.00275,0,0,0,0,0,0,0,0,0.00275
0,CD_EL,3,0.00275,0,0,0,0,0,0,0,0,0.00275
