Param name,Param value,Param stdv,Param p-value,CA,BT,BU,CD,BV,CS,DP,CH,CA*CA,CA*BT,CA*BU,CA*CD,CA*BV,CA*CS,CA*DP,CA*CH,BT*CA,BT*BT,BT*BU,BT*CD,BT*BV,BT*CS,BT*DP,BT*CH,BU*CA,BU*BT,BU*BU,BU*CD,BU*BV,BU*CS,BU*DP,BU*CH,CD*CA,CD*BT,CD*BU,CD*CD,CD*BV,CD*CS,CD*DP,CD*CH,BV*CA,BV*BT,BV*BU,BV*CD,BV*BV,BV*CS,BV*DP,BV*CH,CS*CA,CS*BT,CS*BU,CS*CD,CS*BV,CS*CS,CS*DP,CS*CH,DP*CA,DP*BT,DP*BU,DP*CD,DP*BV,DP*CS,DP*DP,DP*CH,CH*CA,CH*BT,CH*BU,CH*CD,CH*BV,CH*CS,CH*DP,CH*CH
CA,0.32088156647902405,0.022156222,1.558882574287717e-47,0.00049089815,8.254615e-06,2.1735623e-05,1.4697554e-05,2.0722582e-05,-2.6830157e-06,-3.17253e-06,8.661071e-06,-0.0003670586,-0.0005469404,-0.00045405512,-0.0011723492,-0.00037779557,-0.004352431,-0.001367617,-0.0024256525,-9.292006e-05,-9.776817e-06,-6.872674e-06,4.549698e-05,4.136088e-05,0.00035017892,0.0006283328,0.00011474283,-0.00013152267,-1.8301911e-05,-2.4712293e-05,1.3416128e-06,2.0257474e-05,-0.0003033748,0.00057762145,7.340346e-05,-1.39145695e-05,-1.1872987e-05,-9.6795375e-06,-2.1341017e-05,-1.691535e-06,4.625554e-05,-3.2564978e-05,0.000104829436,-4.1818985e-05,-1.772104e-05,-2.8026958e-05,3.8100326e-05,-2.350602e-05,0.0005521692,0.00050609227,-2.0188141e-05,0.00013307674,-2.2004708e-05,8.7524e-06,1.7776794e-05,3.075557e-05,8.218919e-06,-1.1077687e-05,0.00014459348,2.5370858e-07,1.1877583e-05,1.2709812e-05,1.18938815e-05,-2.121067e-06,0.00011724298,8.109777e-06,0.00021686766,-1.5676802e-05,1.3039343e-05,-1.980351e-05,5.2682644e-05,-1.9607682e-05,0.00050295837,0.00036979013,-1.9301628e-05
BT,0.8883374080777716,0.014816507,0.0,8.254615e-06,0.00021952888,7.97201e-05,5.1543416e-06,3.0273883e-05,7.200937e-08,-2.1010806e-06,2.0132536e-07,-5.5177756e-05,2.4169515e-06,7.695589e-06,-8.985372e-06,-9.609454e-06,0.000110052526,1.7093818e-05,-4.6812307e-05,-1.910335e-05,-0.00020892419,-0.00019843648,-0.00048701128,-0.00025895852,-0.0028267438,-0.00085320254,-0.0009929423,4.1745545e-05,-6.4501146e-05,-9.084808e-05,2.9449679e-05,-5.9916227e-05,-0.00033978553,4.8368976e-05,0.00020850413,-1.0070779e-05,0.00017110954,6.860026e-06,-1.215654e-05,2.9747234e-06,1.09470975e-05,2.381352e-06,3.2992448e-06,1.6230737e-06,2.67523e-05,-7.414391e-06,-1.2347925e-05,-3.533248e-05,-6.1774874e-05,-5.4954126e-05,-6.876249e-05,5.099101e-07,6.026497e-05,7.080172e-06,1.4180375e-06,6.52247e-06,-2.2081531e-07,1.2113361e-05,-4.0655952e-05,-7.933782e-06,0.00013250075,2.2459668e-05,7.412942e-06,3.3291675e-05,6.0588547e-05,6.4356836e-06,5.1609743e-05,-6.404745e-05,0.00022118857,1.7533812e-05,2.5969472e-05,1.0593956e-05,-4.622758e-06,4.1650448e-05,-3.3988366e-07
BU,0.9210320085487596,0.015694033,0.0,2.1735623e-05,7.97201e-05,0.0002463027,3.088458e-05,7.6538665e-05,1.5900283e-06,1.2281594e-05,9.397614e-06,-0.00012433562,-1.9723728e-05,1.1681172e-05,-2.6732503e-05,-1.9906787e-05,0.00020368239,7.379047e-06,-0.000117484735,0.00022849072,-9.662017e-05,-1.9163701e-05,0.00073186355,5.7975176e-06,0.0014464193,0.001137896,0.0018247482,0.00012992311,-0.00019814027,-0.000270966,4.449708e-05,-0.00021325125,-0.0011297642,-0.0008344689,0.00013580377,-2.4247183e-05,2.1677832e-05,1.7646421e-06,-6.635265e-05,-1.2373212e-05,-9.356314e-05,-3.914394e-05,-5.595128e-05,4.3808854e-05,-3.4854016e-05,-2.7002532e-05,2.481691e-06,-9.4848234e-05,-0.00058946357,-9.830192e-05,-0.000101506615,1.711251e-05,0.0002797625,3.345219e-06,-1.6073733e-06,4.04792e-06,-4.886342e-06,4.134767e-06,-6.6259396e-05,-1.6559905e-05,2.683097e-05,4.5579127e-05,-2.5066568e-06,6.7076806e-05,-9.095858e-05,-4.3068067e-05,2.9440671e-05,-0.00013861095,2.767277e-06,5.2120624e-05,8.501008e-05,1.9646388e-05,-8.827368e-05,0.00019274533,-2.0417847e-05
CD,0.6692864608842709,0.013636199,0.0,1.4697554e-05,5.1543416e-06,3.088458e-05,0.00018594593,2.188003e-05,3.531462e-06,6.2305284e-05,6.4928736e-06,-4.329686e-05,-1.4759679e-05,-1.5962903e-05,-6.3054154e-05,-1.0019887e-05,0.000316009,-5.4090036e-05,-0.00013410972,3.110269e-06,-3.7826173e-06,-4.0138917e-07,-0.00028993146,-3.57525e-06,0.00021015867,-0.00014434812,0.00042674114,2.4016801e-05,-2.4981136e-05,-3.9117018e-05,-2.2445058e-05,-2.429282e-05,-0.0003258461,7.8892124e-05,0.00018323389,-6.455394e-05,-0.00023908264,-0.00016108683,-0.00040570146,-0.00017057886,-0.00059019245,-0.00029675648,-0.00093885034,1.2182729e-05,-1.8838755e-05,-1.8766374e-05,-2.1319478e-05,-2.7525033e-05,1.4576852e-05,1.8780313e-05,-4.3868018e-05,3.9929982e-05,-1.43847155e-05,1.6039595e-06,2.9162495e-06,7.0374e-06,-1.0907796e-05,-1.4686868e-05,-0.00010448761,-1.1699909e-05,-6.7292014e-05,-6.1114624e-05,-4.905276e-05,-5.4867185e-05,0.00013367571,-0.00023196245,-0.00047559736,6.630922e-05,-1.6527874e-05,-1.2689018e-05,0.0003585501,-1.6385831e-05,0.00026085216,0.00053935463,-1.40676375e-05
BV,0.744734560098921,0.011872951,0.0,2.0722582e-05,3.0273883e-05,7.6538665e-05,2.188003e-05,0.00014096696,8.3229423e-07,1.0654357e-05,2.742493e-05,-9.8287244e-05,-1.691458e-05,7.571424e-07,-2.3438723e-05,-2.3171993e-05,0.00017709506,-3.133848e-05,-0.00012808805,9.082761e-05,-3.5789402e-05,-1.772844e-05,0.00021431205,1.1639696e-05,0.0008717552,0.000625418,0.00093047594,7.5569944e-05,-6.273028e-05,-8.7190005e-05,-3.906813e-06,-7.914571e-05,-0.0007834207,0.00024222954,0.00064433605,-1.3062679e-05,6.9157704e-07,-8.323588e-06,-4.7522186e-05,7.400704e-06,-1.9069876e-05,-3.1390355e-05,-4.928777e-05,8.135617e-05,-0.00016168391,-0.00011656483,-9.7682285e-05,-0.0001490318,-0.0009420797,-0.0010532688,-0.00027742225,1.605452e-05,2.605848e-05,5.5849123e-06,2.7116512e-06,9.013832e-06,-2.5550726e-06,1.8017694e-06,-1.2239253e-05,-4.171049e-06,3.1883033e-06,1.0219414e-05,-9.732841e-06,8.435338e-05,-3.349749e-05,-3.7123864e-05,6.0504262e-06,0.00028651342,-1.6275928e-05,-2.631035e-05,-0.000104532744,-5.109164e-05,0.00019496873,-0.00034736042,-5.9572176e-05
CS,0.3132165485775605,0.0038844456,0.0,-2.6830157e-06,7.200937e-08,1.5900283e-06,3.531462e-06,8.3229423e-07,1.5088918e-05,7.6783874e-07,-1.944864e-07,1.9966154e-05,3.1979237e-06,1.858798e-06,-2.4165636e-06,1.8029957e-06,-0.00014804964,-7.444397e-06,9.2881993e-07,-2.348912e-06,-9.003483e-08,1.3135943e-07,-6.5071226e-06,1.6704556e-07,-6.164879e-05,3.7221034e-05,8.091032e-06,-1.4800986e-06,-1.7446746e-06,-1.6688657e-06,-6.1173937e-06,-9.652441e-07,7.899896e-05,4.5940495e-05,-1.3990289e-06,-2.2228744e-06,-4.5131815e-06,-3.3166061e-06,-7.5415865e-06,-3.0014628e-06,3.1486685e-05,-7.657167e-06,-9.066283e-06,-2.4601636e-06,-6.742669e-07,-1.0616858e-06,-7.901219e-07,-1.0451837e-06,5.155953e-05,2.1687883e-06,-3.0288866e-06,-1.7363976e-05,-3.373277e-05,-1.4749072e-05,-3.3304244e-05,-1.67394e-05,-4.66224e-05,-4.3890952e-05,-6.7162364e-05,-5.6351445e-07,-8.4445816e-07,-8.744567e-07,-1.1372064e-06,-8.36171e-08,-8.079218e-06,-2.5764539e-06,-3.859949e-06,-1.2502628e-06,5.808188e-07,-1.232476e-06,-6.780523e-07,3.4036682e-07,-9.758842e-05,-8.499596e-06,3.9390613e-07
DP,0.542679198917088,0.011463897,0.0,-3.17253e-06,-2.1010806e-06,1.2281594e-05,6.2305284e-05,1.0654357e-05,7.6783874e-07,0.00013142095,6.186221e-06,6.005188e-05,3.3518395e-06,-5.282432e-07,-2.327562e-05,1.4548165e-07,0.00012221608,-0.00015111855,-2.1394588e-05,-2.0277621e-05,5.6686745e-06,2.0203722e-06,-9.549748e-05,-2.1169104e-05,0.00019692363,-0.00078741275,0.0003303076,8.672642e-06,-1.0406802e-05,-1.4675984e-05,-7.551212e-07,-9.768216e-06,-0.00016538039,-0.00013532033,0.00015951169,-1.4536823e-05,-7.836281e-05,-5.154467e-05,-0.00013840376,-5.413227e-05,-0.00010770901,-0.00010945217,-0.00016259313,1.20993445e-05,-9.073272e-06,-8.835359e-06,1.940738e-06,-1.3212772e-05,-9.308226e-05,5.1945084e-05,-3.8204264e-05,3.7518334e-06,-1.197544e-05,-5.7228516e-07,9.411883e-06,3.2579144e-06,-2.4472918e-06,9.392106e-05,-5.7988338e-05,7.428393e-06,-0.00015222133,-0.00013544619,-0.0001666691,-0.00016116824,-0.0005083374,-0.00045345616,-0.0015223968,-5.734062e-05,-1.2684959e-05,-1.4108776e-05,0.0002472016,-1.2872338e-06,-0.00038726119,0.00075930817,-1.3310615e-05
CH,0.5272192018423916,0.0143510355,1.8503057796101344e-295,8.661071e-06,2.0132536e-07,9.397614e-06,6.4928736e-06,2.742493e-05,-1.944864e-07,6.186221e-06,0.00020595221,-1.9885638e-05,-1.0172651e-05,-7.319909e-06,-2.3220793e-05,-1.843457e-05,7.0706774e-05,-2.6255886e-05,-2.6869522e-05,-4.2649343e-05,1.3335571e-06,-8.495655e-08,5.1229967e-05,-1.3833964e-05,0.00026825254,3.9498427e-05,-0.0018053587,-5.067942e-05,-5.377663e-06,-1.505444e-05,2.54e-05,-1.31313955e-05,0.0005175144,-6.907975e-05,-0.00065882993,-2.9579357e-06,-6.2293684e-06,-3.7915972e-06,-1.5163936e-05,-3.1156088e-07,-2.3756172e-06,-1.0745125e-05,6.308098e-05,1.5353273e-05,-3.366407e-05,-1.6916016e-05,-3.3935685e-06,-3.2252254e-05,-0.0003436521,-0.00015590347,4.540495e-05,2.857803e-06,3.0473248e-05,5.5130715e-07,1.7714345e-06,9.452162e-06,5.8579064e-07,9.794671e-06,0.00031630596,3.2483545e-06,-6.912377e-06,-2.0363032e-06,-9.613582e-06,1.48767e-05,-9.191828e-05,-2.068876e-05,0.0004950204,-2.4380079e-05,-0.0002425343,-0.00015039467,-0.00071402127,-0.00020739666,-0.0013752648,-0.0017800734,-0.0004579316
CA*CA,-1.8414453318986717,0.15143465,5.0758492692346205e-34,-0.0003670586,-5.5177756e-05,-0.00012433562,-4.329686e-05,-9.8287244e-05,1.9966154e-05,6.005188e-05,-1.9885638e-05,0.022932453,0.00042587402,-0.0007029434,-0.0066179936,-0.0016758762,-0.01546256,-0.0139580835,0.003729257,0.00026639242,6.958215e-05,2.6295042e-05,-0.0006576657,-0.00014617285,-0.000783939,-0.003133579,-0.000525314,0.00033295067,0.0001010612,0.00015701815,-0.00042758792,-7.287087e-05,0.0013152721,-0.002510348,1.8886678e-05,0.00029769406,3.2775195e-05,-2.0626085e-05,8.0305756e-05,-3.5688747e-05,-0.00032621782,7.96951e-05,-0.00042365215,2.5584259e-05,0.000104383565,0.000106225954,-0.0005358074,0.00013359319,-0.0020244753,-0.0018808822,0.00050816924,-0.0012961334,-7.290003e-05,-7.8918216e-05,-8.068373e-05,-9.8280194e-05,-6.116708e-05,0.00016883422,-0.00085409416,0.00016097756,-0.00011145189,-0.00013873102,-9.7472046e-05,-6.3732456e-05,-7.268977e-05,-0.00019809783,-0.0015403097,0.00042839735,-7.6614015e-06,1.6736532e-05,0.00010037955,0.000110376925,-0.0007575884,-0.0014954864,4.8056634e-05
CA*BT,-0.2679758743590737,0.04019414,2.6101651036189984e-11,-0.0005469404,2.4169515e-06,-1.9723728e-05,-1.4759679e-05,-1.691458e-05,3.1979237e-06,3.3518395e-06,-1.0172651e-05,0.00042587402,0.0016155689,0.00038857842,0.0013384329,0.00038479443,0.0046115653,0.001430023,0.0027507395,0.0005325811,2.2472937e-05,-1.2209909e-05,-7.7745e-06,-7.07763e-05,0.0011837105,-0.00049890054,-5.3349228e-05,0.00021454606,4.4996174e-05,1.5210178e-05,-7.175997e-06,-2.0047912e-05,-3.5248715e-05,-0.0005954334,-2.1668047e-05,1.372788e-05,-5.5145356e-05,6.757794e-06,2.1031447e-05,2.8104382e-06,-5.916368e-05,3.550558e-05,-0.00012060725,-3.862139e-05,3.4982768e-05,1.6252292e-05,-4.1136682e-05,2.0779036e-05,-0.00050373416,-0.0006329543,2.7591372e-05,-0.00014295673,-0.0004085508,-1.0216286e-05,-2.1002119e-05,-2.1727315e-05,-9.785598e-06,2.0676229e-05,-0.00020026453,-2.8411853e-06,-3.438801e-05,-1.2405497e-05,-1.086385e-05,1.038901e-05,-8.3043764e-05,-9.310253e-06,-0.0002500944,-0.00021656782,4.4912576e-05,4.661385e-06,-3.814031e-05,3.061114e-05,6.0006365e-05,-0.0004011583,2.2956547e-05
CA*BU,-0.15935831265686418,0.033094164,1.469792455594476e-06,-0.00045405512,7.695589e-06,1.1681172e-05,-1.5962903e-05,7.571424e-07,1.858798e-06,-5.282432e-07,-7.319909e-06,-0.0007029434,0.00038857842,0.0010952236,0.0013951062,0.00045769563,0.001692126,0.0017175206,0.0017287346,0.00032587524,-1.43668985e-05,2.0659902e-05,0.00014281449,-3.9189134e-05,-0.00084706733,-0.0001261541,0.0005046264,0.0006511381,-1.8038932e-05,-3.654147e-06,0.00019987044,-2.2942328e-05,-0.002177497,-0.00012767904,0.00050295366,1.4522194e-05,1.651346e-05,3.500413e-05,2.6018197e-05,3.7556374e-06,-0.000112290865,2.1261065e-05,-0.00010674607,0.00038624942,-1.0454892e-05,7.193522e-05,-0.000100788304,-1.3416463e-05,-0.0013059627,-0.00052612484,-0.00022591067,-1.6820279e-05,-8.342142e-05,-1.2094775e-05,-2.0230444e-05,-1.3702586e-05,-5.627751e-06,1.0663924e-05,-8.4267185e-06,-8.2231e-06,-1.440418e-07,-1.5451324e-05,-8.380463e-06,5.555762e-07,-0.000113234964,2.8386432e-06,-5.2913532e-05,8.4919535e-05,-2.7098147e-05,5.9435224e-05,-8.860376e-05,-8.281584e-06,-0.0013020545,-8.110702e-05,1.5106032e-05
CA*CD,0.30556851075305785,0.09853097,0.0019270988828209287,-0.0011723492,-8.985372e-06,-2.6732503e-05,-6.3054154e-05,-2.3438723e-05,-2.4165636e-06,-2.327562e-05,-2.3220793e-05,-0.0066179936,0.0013384329,0.0013951062,0.009708351,0.0015999906,-0.0009953344,0.0049358713,0.0056488174,0.00042070088,6.909728e-06,8.607913e-06,0.00046646158,-7.3658084e-05,-0.0010500232,-0.0010547729,-0.00044617942,0.00066630176,2.2776658e-05,2.0028561e-05,0.00049366365,-2.619028e-05,0.00012422871,-0.0012770125,-0.0006118039,0.00025868783,5.754422e-05,7.494397e-05,0.00020469054,4.9595918e-05,-0.0010217042,-6.9872054e-05,5.6364293e-06,0.00014112484,1.6001659e-05,3.031026e-05,0.00045292135,1.3421045e-05,-0.0017727863,-0.0012217005,-0.00021964271,2.4722265e-05,0.00011744202,2.7406968e-05,-7.4226446e-05,-3.399365e-05,8.066554e-06,0.0002306333,-0.0006541326,2.7248607e-05,1.397511e-05,2.9026558e-05,5.4962206e-06,5.952959e-05,-0.000946793,7.787715e-05,-5.823782e-05,-0.00031860886,-2.6266705e-05,4.4399454e-05,0.0001722575,3.0498468e-06,-0.00092672184,-0.0009779404,5.1215735e-05
CA*BV,-0.14780913542671542,0.040179543,0.00023441095670119548,-0.00037779557,-9.609454e-06,-1.9906787e-05,-1.0019887e-05,-2.3171993e-05,1.8029957e-06,1.4548165e-07,-1.843457e-05,-0.0016758762,0.00038479443,0.00045769563,0.0015999906,0.0016143956,0.0020761522,0.0025095872,-0.0031402395,0.0001454698,1.0806304e-05,1.4059442e-06,-2.8400644e-05,2.603504e-06,-0.00033544278,-0.00036173305,-0.00044329982,0.00021080312,1.5746507e-05,2.571203e-05,-4.7095127e-05,-4.4439428e-05,0.00041319706,-0.0003054407,-0.00052599143,-4.3411974e-06,2.7150888e-06,8.199845e-06,1.5352838e-05,-6.061815e-06,-0.00011274239,9.599539e-06,-0.00014731001,0.0009995569,9.029077e-06,8.242619e-06,3.945414e-05,5.8433594e-05,-0.00076569006,-0.000531416,-0.0004373714,2.3788783e-05,5.088198e-05,9.599862e-06,-2.1015921e-05,-0.00030306264,-5.4454713e-06,-8.5663836e-05,0.0005667244,1.3872765e-06,1.0409326e-06,-1.1425049e-06,-2.100959e-05,-0.00017721577,-0.00017676348,5.463552e-06,3.4513952e-05,0.0017384805,-4.4884015e-05,5.345449e-05,-0.0002417264,-7.044886e-05,-0.0012630837,-0.0003190631,3.8658294e-05
CA*CS,4.403039697320962,0.78873515,2.3721407352475802e-08,-0.004352431,0.000110052526,0.00020368239,0.000316009,0.00017709506,-0.00014804964,0.00012221608,7.0706774e-05,-0.01546256,0.0046115653,0.001692126,-0.0009953344,0.0020761522,0.6221031,-0.0015558456,-0.019960128,-0.0018927866,-8.70649e-05,-0.00020058472,-0.0010248909,0.00037841676,0.01895876,-0.0009904103,-0.0035473427,-0.00421329,-9.345587e-05,-0.0004055582,-0.0012508307,-0.00015091947,0.020925581,-0.0003074319,-0.004101197,-0.0007502708,-0.00022670484,-0.00043178984,-0.0010610981,-0.00022092677,0.0050323606,-0.00065271347,0.0010410234,0.0019826153,-0.00022087144,-0.00056860654,-0.00066468806,-0.00042068,0.0496652,-0.0069933147,-0.0063202395,-0.0026848037,0.0007593816,-0.0001259873,0.0005414668,-0.00027756632,0.00045704417,0.00073821796,0.0005318729,0.0005328567,-1.9955763e-05,-0.00013885896,-0.00017349186,-0.00031295873,-0.0062075024,-0.000429419,0.0035450466,0.0018511366,0.00015458235,-0.00043332225,-0.0005604932,-0.000121979254,0.020082284,-0.00045462197,-0.00016033514
CA*DP,0.8864283114847866,0.20646375,1.7596976154360864e-05,-0.001367617,1.7093818e-05,7.379047e-06,-5.4090036e-05,-3.133848e-05,-7.444397e-06,-0.00015111855,-2.6255886e-05,-0.0139580835,0.001430023,0.0017175206,0.0049358713,0.0025095872,-0.0015558456,0.04262728,0.0013699995,-0.00014826661,-2.6514752e-05,2.2635077e-06,9.530942e-05,1.9952273e-05,-0.0024879868,0.0027228282,-0.00025167415,-0.00024178582,-1.3946915e-05,-3.39327e-06,-1.8973261e-06,6.214741e-05,-0.0018749933,0.00193416,-0.00044928887,8.167767e-05,6.1078346e-05,7.628459e-05,-5.2354524e-05,4.685453e-05,0.00036641458,0.0004552826,-0.000989665,-0.00014013496,5.543292e-06,5.8212143e-05,-0.00019567578,6.3828535e-05,-0.0019764234,0.0025031979,-0.0006105529,0.0007774975,6.0133425e-05,0.000101963036,-1.0400591e-05,1.0211654e-05,2.208112e-05,-0.002207681,0.001047556,-0.00022423883,0.00019295703,0.0001246922,8.909805e-05,6.0813527e-05,0.0046898033,0.00058541965,5.27801e-05,-0.0004132465,-4.3792606e-05,9.396079e-05,-0.0012395255,-0.00010730669,-0.0031146845,0.0013566318,4.7171365e-05
CA*CH,0.17691809903951408,0.33010614,0.591997893718045,-0.0024256525,-4.6812307e-05,-0.000117484735,-0.00013410972,-0.00012808805,9.2881993e-07,-2.1394588e-05,-2.6869522e-05,0.003729257,0.0027507395,0.0017287346,0.0056488174,-0.0031402395,-0.019960128,0.0013699995,0.10897006,0.00082790107,6.1300176e-05,6.257124e-05,-0.00014119211,-0.0010574347,-0.0030433317,-0.0025181517,0.00542349,0.0017012035,9.506522e-05,0.0001702807,-8.990933e-05,-0.00062212755,0.0011402173,-0.0041593076,0.0044136043,-7.306408e-05,0.00013560895,0.0001292614,0.00020726472,9.773836e-05,0.0008526283,0.00034547265,0.0011343709,-0.000992606,0.00016082152,0.0001391885,-0.00020605806,3.4011846e-06,-0.021295488,-0.00024233494,0.011102524,-0.0002779476,0.00016183552,0.00012017798,4.031891e-05,0.00086255197,-4.8476777e-06,0.0011132119,-0.015142869,-0.000195067,-0.00011326263,-2.0758885e-06,6.703134e-05,0.0014756551,-0.00012775633,6.6089306e-05,-0.0054856515,0.0037856833,4.898093e-05,-4.7197227e-05,-0.0014121011,0.0019076661,0.0070824423,-0.017456926,0.00011180182
BT*CA,-0.25566382972978624,0.20226939,0.20623833084608367,-9.292006e-05,-1.910335e-05,0.00022849072,3.110269e-06,9.082761e-05,-2.348912e-06,-2.0277621e-05,-4.2649343e-05,0.00026639242,0.0005325811,0.00032587524,0.00042070088,0.0001454698,-0.0018927866,-0.00014826661,0.00082790107,0.040912908,-0.00041748423,-0.00033149475,0.000107386135,-0.00030977413,-0.0028449513,0.0025686615,0.0078037176,0.006835119,-0.00020119609,-0.00035461326,0.00037424182,-0.00035609887,-0.004739817,-0.005585344,0.00021996515,0.00018581243,-0.00027957722,5.2312014e-05,-8.762397e-06,3.2669245e-06,-0.00080965745,-6.314058e-05,0.00010538294,0.0017575368,0.00020972289,-6.608398e-05,-0.00073183584,-0.00012728512,-0.00023816527,-0.0014325122,-0.0011217879,0.00064326345,-0.00096173235,9.243342e-05,-9.236252e-05,0.00018711119,8.541735e-06,5.4835065e-05,-0.0021361746,-0.000101301455,0.00014731623,2.6690226e-05,7.182736e-05,-2.1636159e-05,0.00066534773,6.472731e-05,0.0008967796,-0.0066022235,0.00010172695,-0.00012170032,0.001832484,0.00069518446,0.002021411,0.004588762,0.00010292254
BT*BT,-0.8527118985556053,0.015583134,0.0,-9.776817e-06,-0.00020892419,-9.662017e-05,-3.7826173e-06,-3.5789402e-05,-9.003483e-08,5.6686745e-06,1.3335571e-06,6.958215e-05,2.2472937e-05,-1.43668985e-05,6.909728e-06,1.0806304e-05,-8.70649e-05,-2.6514752e-05,6.1300176e-05,-0.00041748423,0.00024283407,0.0001391229,0.00039734255,0.00014243476,0.0028182291,0.0007210411,0.0011074884,-0.00010688586,8.863684e-05,0.00011094613,-3.550675e-05,6.016634e-05,0.0005666993,-3.997218e-05,-0.00021383958,9.751694e-06,-0.00021734179,-9.724561e-06,9.118401e-06,-5.836072e-06,-9.3555755e-06,-6.3752655e-06,-7.840665e-06,-2.194093e-05,-5.653485e-06,4.9749024e-06,1.2426692e-05,4.2373147e-05,0.00014916131,5.2974432e-05,9.64246e-05,-5.547343e-06,-0.00012010082,-8.174712e-06,-5.15275e-07,-1.2927334e-05,2.641534e-07,-1.2428967e-05,7.68839e-05,9.843821e-06,-0.00020171449,-2.7452146e-05,-1.3093044e-05,-3.644681e-05,-9.1919654e-05,-1.8247314e-05,-0.00010042359,0.00012413904,-0.00030365257,-2.2307937e-05,-3.4076962e-05,-1.6226964e-05,-2.3807663e-05,-6.871211e-05,-3.2217642e-06
BT*BU,-0.6451704729151165,0.024287252,1.7622482840869729e-155,-6.872674e-06,-0.00019843648,-1.9163701e-05,-4.0138917e-07,-1.772844e-05,1.3135943e-07,2.0203722e-06,-8.495655e-08,2.6295042e-05,-1.2209909e-05,2.0659902e-05,8.607913e-06,1.4059442e-06,-0.00020058472,2.2635077e-06,6.257124e-05,-0.00033149475,0.0001391229,0.00058987056,-0.00019155312,0.00025688246,0.00036351662,-0.00043387106,0.000730424,-3.283524e-05,8.1709724e-05,4.0753832e-05,-9.119392e-05,4.470526e-05,-7.630782e-05,-0.00034628512,-0.00037886944,1.3271939e-06,-0.00017423577,-9.519123e-06,5.320325e-07,-2.6776129e-06,8.07634e-06,4.223382e-06,-1.3129594e-05,2.6410273e-05,-7.439114e-05,2.5442134e-05,1.2165402e-05,2.0073274e-05,-0.000391789,6.977148e-05,2.2755536e-05,-6.0192474e-07,-5.4608503e-05,-8.372066e-06,-1.01579246e-07,6.0130374e-06,-3.9886058e-07,-7.6133697e-06,-1.1978685e-05,1.4984489e-06,-7.776534e-05,-3.249142e-05,-3.6332076e-06,-2.1023367e-05,0.00023308289,-9.865731e-06,-0.00013955138,7.759713e-05,-0.00039253753,-1.0950593e-05,-4.3843705e-05,-1.2783144e-05,0.0004568922,-0.00024923045,1.9274235e-07
BT*CD,0.9652307570867928,0.19250245,5.32762228208407e-07,4.549698e-05,-0.00048701128,0.00073186355,-0.00028993146,0.00021431205,-6.5071226e-06,-9.549748e-05,5.1229967e-05,-0.0006576657,-7.7745e-06,0.00014281449,0.00046646158,-2.8400644e-05,-0.0010248909,9.530942e-05,-0.00014119211,0.000107386135,0.00039734255,-0.00019155312,0.037057195,-0.00052419555,0.008349515,0.0124401795,0.010036149,0.00082108536,-0.00056407176,-0.0010614101,0.0044144113,-0.0009346811,-0.00071258517,-0.006037649,0.0030560088,3.9999177e-05,-0.002681389,0.00041105776,0.0006777092,0.00034452116,0.0006489634,0.00033767757,0.0011935576,-6.99074e-05,-0.00011255101,-9.2735e-05,0.0014773641,-0.00035147686,-0.0050214,-0.0006978603,0.00078491354,-0.00022955707,0.003304862,5.001405e-05,2.552479e-05,-6.7322006e-05,1.9015031e-05,-2.1979253e-05,-4.8732494e-05,3.1947943e-06,8.560757e-05,0.00031504227,-4.586652e-06,0.00040377027,-0.0013205729,0.00040216488,0.0011765574,0.0018263524,0.00011115487,0.0002790672,-0.002820764,-0.00017475859,-0.00071126316,-0.0015044115,-0.00011288839
BT*BV,-0.5040178471230139,0.06267641,8.868160776181766e-16,4.136088e-05,-0.00025895852,5.7975176e-06,-3.57525e-06,1.1639696e-05,1.6704556e-07,-2.1169104e-05,-1.3833964e-05,-0.00014617285,-7.07763e-05,-3.9189134e-05,-7.3658084e-05,2.603504e-06,0.00037841676,1.9952273e-05,-0.0010574347,-0.00030977413,0.00014243476,0.00025688246,-0.00052419555,0.003928332,-0.007998024,-0.003104876,0.0014140795,-0.00011051187,-4.4946584e-05,1.4813298e-05,-0.0003215674,0.0005345695,-0.004198811,-0.000106083855,-0.0012170543,-2.1023145e-05,-0.00012506945,-1.1091317e-05,1.0513679e-05,2.2510761e-05,1.6815566e-05,9.944489e-06,-1.5314377e-05,8.382272e-05,0.00016351382,4.7008783e-05,9.2240276e-05,1.7172202e-06,0.0011536387,-0.000347502,-0.0004712402,-4.963085e-05,-0.00019109715,-3.4888093e-05,2.3032176e-06,0.00015637538,-5.8999547e-07,-4.655926e-06,8.800293e-05,-1.32424275e-05,6.1119613e-06,1.2741409e-05,1.8417102e-05,-0.00019652252,0.00026926817,6.9990834e-05,0.0009235482,-6.4483764e-05,4.9308343e-05,-8.12834e-06,-0.00025651976,-0.00014870492,0.0030990718,0.0007548535,3.5260924e-05
BT*CS,2.0238099738551196,0.9736527,0.03765645247727205,0.00035017892,-0.0028267438,0.0014464193,0.00021015867,0.0008717552,-6.164879e-05,0.00019692363,0.00026825254,-0.000783939,0.0011837105,-0.00084706733,-0.0010500232,-0.00033544278,0.01895876,-0.0024879868,-0.0030433317,-0.0028449513,0.0028182291,0.00036351662,0.008349515,-0.007998024,0.9479996,0.013626549,-0.01728057,-0.0033759102,-0.0023062674,-0.0015659261,-0.0009919128,-0.004097732,0.11537113,-0.028739046,-0.0049972017,-7.1666116e-05,-0.00041803942,4.701007e-05,-0.000473027,-3.1678715e-05,-0.00015125869,-0.00024876464,-0.00065004337,-0.002725492,-0.00028898736,-0.0012638458,-0.003206179,-0.0007550659,0.043619487,-0.011717824,-0.004804105,0.0003681638,-0.054858338,0.00077957043,0.0001824527,-0.00041543375,0.00019050465,0.0005771125,-0.0017951098,0.00013146411,4.014936e-05,0.00032425902,-5.3053904e-05,0.0012866862,-0.006967061,-0.0006537735,-0.004096754,-0.0010887256,0.0033576728,3.8057537e-05,0.0020495886,0.0008631796,-0.02663923,-0.0056294603,-0.00059379905
BT*DP,3.193733489095784,0.4091196,5.886493050405787e-15,0.0006283328,-0.00085320254,0.001137896,-0.00014434812,0.000625418,3.7221034e-05,-0.00078741275,3.9498427e-05,-0.003133579,-0.00049890054,-0.0001261541,-0.0010547729,-0.00036173305,-0.0009904103,0.0027228282,-0.0025181517,0.0025686615,0.0007210411,-0.00043387106,0.0124401795,-0.003104876,0.013626549,0.16737886,0.0011952124,-0.0024097168,-0.001030262,-0.0017626934,-0.00025952014,-0.00079469325,-0.068878405,0.059018396,0.0071520265,-0.00010377253,-0.00013912788,0.00032140408,0.00028476657,0.00020585391,0.00068919593,0.000559798,0.0003148313,-0.00015371425,-0.00039727148,-0.0002696477,0.00041435187,-0.00086420844,-0.016383577,0.009183938,-0.00021621738,0.00026426668,-0.0004585574,-2.8961113e-05,-0.000110400004,-0.00039129952,-0.0001140002,-0.0004997559,-0.0017994251,-1.7922952e-05,-0.0037837466,0.0013835812,0.0011867287,0.0014149239,0.0004751491,0.002646601,0.0071560196,0.0034929127,0.00044934684,0.0009196835,-0.0014851678,-0.00020480735,0.008892275,-0.018239167,-0.00010649355
BT*CH,3.778692097935328,0.56851554,2.999524644952166e-11,0.00011474283,-0.0009929423,0.0018247482,0.00042674114,0.00093047594,8.091032e-06,0.0003303076,-0.0018053587,-0.000525314,-5.3349228e-05,0.0005046264,-0.00044617942,-0.00044329982,-0.0035473427,-0.00025167415,0.00542349,0.0078037176,0.0011074884,0.000730424,0.010036149,0.0014140795,-0.01728057,0.0011952124,0.32320994,0.0039674793,-0.0009077082,-0.0029588859,0.0059120255,-0.002825056,-0.022594342,0.0009806141,0.081055775,-0.00022861137,-0.0010124099,-2.0229532e-05,-0.0009170998,-0.00036642616,-0.0018809459,-0.00071385043,-0.00051232445,-0.00055101013,-0.0009025136,-5.25618e-06,0.00029302452,-0.001285219,-0.020800933,-0.0068391566,0.006380692,-0.00010343932,7.635939e-05,6.2652e-05,-4.2309457e-05,-0.00063394033,-2.424056e-05,-0.0011453507,0.005466826,-7.087951e-05,-0.0007947882,2.8179044e-05,-0.00029219128,0.0008875581,0.0010391611,-0.0011370417,-0.014015229,0.007942354,-0.016511632,-3.708934e-05,0.0054756715,0.001469232,0.002315167,0.011556596,0.0039954837
BU*CA,-0.47390076924212665,0.10973915,1.5714340755147534e-05,-0.00013152267,4.1745545e-05,0.00012992311,2.4016801e-05,7.5569944e-05,-1.4800986e-06,8.672642e-06,-5.067942e-05,0.00033295067,0.00021454606,0.0006511381,0.00066630176,0.00021080312,-0.00421329,-0.00024178582,0.0017012035,0.006835119,-0.00010688586,-3.283524e-05,0.00082108536,-0.00011051187,-0.0033759102,-0.0024097168,0.0039674793,0.012042681,-0.000120492245,-0.0005133086,0.0012711139,2.0271613e-05,-0.012267635,-0.0035941503,0.004218576,0.0005517663,-3.3575987e-05,5.2049163e-05,-7.489327e-05,-2.8845878e-05,-0.0015642986,-0.00022000933,-0.0005397833,0.0030746083,-9.705069e-05,8.845496e-05,-0.0010842578,-0.00013683266,-0.0016890765,-0.0017015411,-0.0016938385,0.0013642486,-0.00053131516,0.00016348322,-0.00018428148,0.00034013911,6.5837744e-06,-0.00012326486,-0.0036474927,9.2762726e-05,-9.746443e-06,-8.255696e-05,-3.475564e-06,7.2395116e-05,0.00020506389,-4.92074e-05,0.000764909,-0.006399645,0.00014358197,-0.0002595802,0.0010994563,0.00067453313,0.0071242135,0.005203989,0.00011773272
BU*BT,-0.7640905631974045,0.014976764,0.0,-1.8301911e-05,-6.4501146e-05,-0.00019814027,-2.4981136e-05,-6.273028e-05,-1.7446746e-06,-1.0406802e-05,-5.377663e-06,0.0001010612,4.4996174e-05,-1.8038932e-05,2.2776658e-05,1.5746507e-05,-9.345587e-05,-1.3946915e-05,9.506522e-05,-0.00020119609,8.863684e-05,8.1709724e-05,-0.00056407176,-4.4946584e-05,-0.0023062674,-0.001030262,-0.0009077082,-0.000120492245,0.00022430345,0.00018848595,8.499751e-05,0.0001507788,0.0018889857,0.00045630868,-3.7937967e-05,1.6914148e-05,-2.4077335e-05,-3.4217007e-06,5.3736785e-05,9.419754e-06,8.459805e-05,3.2057036e-05,5.5014618e-05,-6.491449e-05,5.1598327e-05,1.6538543e-05,1.3628485e-05,7.7317265e-05,0.00045612885,8.0508406e-05,0.00010307196,-1.6318443e-05,7.919084e-05,-3.688731e-06,3.430513e-06,-1.17844e-05,5.352235e-06,-4.3792534e-06,6.4247295e-05,1.2544296e-05,-3.3591576e-05,-3.7056405e-05,3.4129328e-06,-5.2502815e-05,5.3346957e-05,3.630958e-05,-6.1697688e-06,0.00023198454,-0.00010936821,-2.80305e-05,-6.82691e-05,-2.325663e-05,-0.00040209555,-0.0001651283,1.1583685e-05
BU*BU,-0.9696063822123954,0.021099232,0.0,-2.4712293e-05,-9.084808e-05,-0.000270966,-3.9117018e-05,-8.7190005e-05,-1.6688657e-06,-1.4675984e-05,-1.505444e-05,0.00015701815,1.5210178e-05,-3.654147e-06,2.0028561e-05,2.571203e-05,-0.0004055582,-3.39327e-06,0.0001702807,-0.00035461326,0.00011094613,4.0753832e-05,-0.0010614101,1.4813298e-05,-0.0015659261,-0.0017626934,-0.0029588859,-0.0005133086,0.00018848595,0.00044517757,-0.0006424189,0.00021748076,0.0011053056,-0.00018894764,-0.0015534139,2.4179573e-05,-2.3955845e-05,2.167253e-06,8.6287655e-05,1.4494225e-05,0.000101813224,4.8269558e-05,5.1097697e-05,-2.5335416e-05,3.6519436e-05,3.1086096e-05,-6.999397e-05,0.000113375056,0.0006883995,2.9986244e-05,7.3867166e-05,-3.7962796e-05,-0.0002517032,-3.39597e-06,1.5359327e-06,-8.314423e-06,5.135869e-06,-6.168031e-06,0.000112460366,1.9128931e-05,-3.049073e-05,-5.3931344e-05,1.472272e-06,-8.014998e-05,0.00014104953,5.183749e-05,-0.00012543453,2.7777787e-07,1.1703898e-05,-8.553913e-05,-9.956651e-05,-3.5631365e-06,0.00091215794,-0.0004435208,3.2623113e-05
BU*CD,0.02043388141031475,0.08212319,0.8035001212053988,1.3416128e-06,2.9449679e-05,4.449708e-05,-2.2445058e-05,-3.906813e-06,-6.1173937e-06,-7.551212e-07,2.54e-05,-0.00042758792,-7.175997e-06,0.00019987044,0.00049366365,-4.7095127e-05,-0.0012508307,-1.8973261e-06,-8.990933e-05,0.00037424182,-3.550675e-05,-9.119392e-05,0.0044144113,-0.0003215674,-0.0009919128,-0.00025952014,0.0059120255,0.0012711139,8.499751e-05,-0.0006424189,0.006744218,-0.00031009034,-0.001353746,0.0005972152,0.007807394,-0.000106768646,7.8714096e-05,0.00014572348,0.00010187961,4.823938e-05,0.00023423218,-5.1210864e-05,-0.00011978529,-0.000796279,2.8969196e-05,5.579291e-05,0.0014773936,-5.9436217e-05,-0.0034925705,0.0003833331,0.0010258276,-0.0003507144,-0.0002983703,7.457684e-05,9.907688e-05,-8.252353e-05,1.668351e-05,3.4707515e-05,-0.0001829587,-4.7277063e-05,2.9954579e-05,1.6109007e-05,-3.0299907e-05,5.53772e-05,-6.9008696e-05,1.4684893e-05,0.00018645593,0.0007391867,-8.616858e-05,0.00015279267,-0.0013163349,-7.882752e-05,-0.003114328,0.00081599003,-5.511602e-05
BU*BV,-0.8003215291173305,0.033699743,1.1361101144068631e-124,2.0257474e-05,-5.9916227e-05,-0.00021325125,-2.429282e-05,-7.914571e-05,-9.652441e-07,-9.768216e-06,-1.31313955e-05,-7.287087e-05,-2.0047912e-05,-2.2942328e-05,-2.619028e-05,-4.4439428e-05,-0.00015091947,6.214741e-05,-0.00062212755,-0.00035609887,6.016634e-05,4.470526e-05,-0.0009346811,0.0005345695,-0.004097732,-0.00079469325,-0.002825056,2.0271613e-05,0.0001507788,0.00021748076,-0.00031009034,0.0011356727,-0.004919284,0.0012723625,-0.0010227186,-2.2830991e-05,-2.5356905e-05,-1.9438081e-05,5.04589e-05,7.755145e-05,0.00015691013,5.1472834e-05,-6.689881e-05,0.00017152166,4.913523e-05,0.00018660339,0.0002664434,0.00010614492,0.0014735543,0.0002626897,-0.0004287277,-0.00010440207,-0.0006227282,-3.449191e-05,1.0611367e-05,0.00038496737,2.7526944e-06,3.826039e-05,-0.00051846623,-6.1812443e-06,-1.8944196e-05,-5.783275e-05,5.4396714e-06,-0.00013771906,0.00018743816,3.4001474e-05,2.5878524e-05,-0.00039903552,4.6140012e-05,-5.4395037e-05,-0.00023546902,-0.00011282847,0.0025103549,-6.1040926e-05,3.1040643e-05
BU*CS,-3.8621028256967365,0.67707574,1.1696439449184055e-08,-0.0003033748,-0.00033978553,-0.0011297642,-0.0003258461,-0.0007834207,7.899896e-05,-0.00016538039,0.0005175144,0.0013152721,-3.5248715e-05,-0.002177497,0.00012422871,0.00041319706,0.020925581,-0.0018749933,0.0011402173,-0.004739817,0.0005666993,-7.630782e-05,-0.00071258517,-0.004198811,0.11537113,-0.068878405,-0.022594342,-0.012267635,0.0018889857,0.0011053056,-0.001353746,-0.004919284,0.45843157,-0.10504975,-0.0390456,-0.0001557167,0.0008467744,0.00033514475,0.00049288315,0.00018380096,0.00775674,0.0009411617,-0.0015065048,-0.0049125208,0.0006692453,-0.00023545515,-0.004552305,0.0012804484,0.09218337,-0.0049912794,-0.0072814645,-0.00030542203,0.024968412,0.0025799968,0.00013672086,-0.00057866366,-0.00024080845,0.0011556748,-0.011123435,0.00012012948,0.00056144234,-6.721813e-05,4.528101e-05,-0.00017459386,0.0036069667,0.00058162684,-0.0056501455,0.01977348,-0.0010369157,-0.00017240178,-0.0027631014,-0.0006680724,-0.086330645,-0.020451212,-0.0011462285
BU*DP,0.6797364836910398,0.3214745,0.03447824640288951,0.00057762145,4.8368976e-05,-0.0008344689,7.8892124e-05,0.00024222954,4.5940495e-05,-0.00013532033,-6.907975e-05,-0.002510348,-0.0005954334,-0.00012767904,-0.0012770125,-0.0003054407,-0.0003074319,0.00193416,-0.0041593076,-0.005585344,-3.997218e-05,-0.00034628512,-0.006037649,-0.000106083855,-0.028739046,0.059018396,0.0009806141,-0.0035941503,0.00045630868,-0.00018894764,0.0005972152,0.0012723625,-0.10504975,0.10334584,0.016563635,-0.00016928859,-0.00038269066,-4.077345e-06,-0.00029418067,-5.596513e-05,0.001345265,0.00049555633,-0.0002430573,-0.0009150424,-0.00035162203,-0.0001573586,0.00039331385,-0.00035969165,-0.010255041,0.0104210945,-0.00067815155,-7.742176e-05,-0.009584431,-0.00010422807,-5.883893e-05,-0.00050814875,-0.00014124611,0.0012081871,-0.0014601843,5.7162157e-05,-7.994107e-05,0.00064718554,0.00025786678,0.00030940998,-0.0010573416,0.00045651215,0.0022514227,0.0024413397,0.000118089476,0.0006301887,-0.00036643445,-0.00030060194,0.010144146,-0.004531136,0.0001438114
BU*CH,1.6638994266694358,0.29720208,2.161574370167751e-08,7.340346e-05,0.00020850413,0.00013580377,0.00018323389,0.00064433605,-1.3990289e-06,0.00015951169,-0.00065882993,1.8886678e-05,-2.1668047e-05,0.00050295366,-0.0006118039,-0.00052599143,-0.004101197,-0.00044928887,0.0044136043,0.00021996515,-0.00021383958,-0.00037886944,0.0030560088,-0.0012170543,-0.0049972017,0.0071520265,0.081055775,0.004218576,-3.7937967e-05,-0.0015534139,0.007807394,-0.0010227186,-0.0390456,0.016563635,0.08832908,-1.5796619e-05,-5.5144745e-05,-1.2449423e-05,-0.00040993947,-0.00024572367,-0.0018369798,-0.00043684785,0.00386839,-0.001595688,-0.00078261504,0.0001444722,0.00020019068,-0.0008963576,-0.021366807,-0.0070611723,0.008707821,-0.00023159252,-0.0030556077,-0.00014746393,-0.000101911646,-0.000900097,4.5382308e-06,-0.001578768,0.01574503,0.00011025954,-0.00011226341,-0.00016676687,-0.0001629202,0.0004170172,-0.0007793806,-0.00057237665,-0.0020263353,0.0065432587,0.0004698936,-0.0012183308,0.003035158,-8.47138e-05,-0.0011193949,0.010533979,0.0014530747
CD*CA,-0.42845053861717636,0.040660053,5.809325716678944e-26,-1.39145695e-05,-1.0070779e-05,-2.4247183e-05,-6.455394e-05,-1.3062679e-05,-2.2228744e-06,-1.4536823e-05,-2.9579357e-06,0.00029769406,1.372788e-05,1.4522194e-05,0.00025868783,-4.3411974e-06,-0.0007502708,8.167767e-05,-7.306408e-05,0.00018581243,9.751694e-06,1.3271939e-06,3.9999177e-05,-2.1023145e-05,-7.1666116e-05,-0.00010377253,-0.00022861137,0.0005517663,1.6914148e-05,2.4179573e-05,-0.000106768646,-2.2830991e-05,-0.0001557167,-0.00016928859,-1.5796619e-05,0.0016532401,7.981116e-05,3.3103945e-05,-6.777691e-05,3.2502908e-06,-0.00041294598,-0.00044890612,0.00031189184,0.00027222856,7.938716e-06,-2.5891618e-06,-6.231676e-05,1.0943703e-05,0.000106348896,-0.00016323755,-3.4930377e-05,0.00097450643,1.1178421e-05,-3.3496777e-05,-0.00012053558,-6.58273e-05,6.154383e-06,-0.00066273514,0.00058515574,0.00074267224,1.1819595e-05,1.24515e-05,-0.0001791908,-1.8253888e-05,-0.0015239184,2.2240321e-05,-3.3135293e-05,8.856662e-05,5.5999044e-07,-1.2742825e-05,-0.00035843326,-2.045297e-05,1.831312e-05,-7.254648e-05,5.8908686e-06
CD*BT,-0.7936603970954658,0.05049822,1.1640296721921002e-55,-1.1872987e-05,0.00017110954,2.1677832e-05,-0.00023908264,6.9157704e-07,-4.5131815e-06,-7.836281e-05,-6.2293684e-06,3.2775195e-05,-5.5145356e-05,1.651346e-05,5.754422e-05,2.7150888e-06,-0.00022670484,6.1078346e-05,0.00013560895,-0.00027957722,-0.00021734179,-0.00017423577,-0.002681389,-0.00012506945,-0.00041803942,-0.00013912788,-0.0010124099,-3.3575987e-05,-2.4077335e-05,-2.3955845e-05,7.8714096e-05,-2.5356905e-05,0.0008467744,-0.00038269066,-5.5144745e-05,7.981116e-05,0.0025500704,0.00019461867,0.0005241288,0.00021506468,0.00072380004,0.0003733571,0.0011689387,-2.5633175e-05,4.0044182e-05,8.752635e-06,2.209231e-05,1.5353729e-06,-1.86279e-05,-0.00014390278,8.1892185e-06,-4.8350637e-05,0.00030472392,1.5259532e-07,-5.9574604e-06,-8.542483e-06,1.39763615e-05,1.8052968e-05,0.00012410754,1.578179e-05,0.00028908314,8.5215055e-05,5.5604032e-05,9.639042e-05,-0.00024854112,0.0002945407,0.00061035325,-5.0770286e-05,0.00035574764,2.762881e-05,-0.000497859,2.4314062e-05,-0.000643978,-0.00070523564,1.3585141e-05
CD*BU,-0.49561210737362277,0.014959634,1.1008805485901627e-240,-9.6795375e-06,6.860026e-06,1.7646421e-06,-0.00016108683,-8.323588e-06,-3.3166061e-06,-5.154467e-05,-3.7915972e-06,-2.0626085e-05,6.757794e-06,3.500413e-05,7.494397e-05,8.199845e-06,-0.00043178984,7.628459e-05,0.0001292614,5.2312014e-05,-9.724561e-06,-9.519123e-06,0.00041105776,-1.1091317e-05,4.701007e-05,0.00032140408,-2.0229532e-05,5.2049163e-05,-3.4217007e-06,2.167253e-06,0.00014572348,-1.9438081e-05,0.00033514475,-4.077345e-06,-1.2449423e-05,3.3103945e-05,0.00019461867,0.00022379064,0.00034145179,0.00014077449,0.00037411015,0.00025724503,0.00071429927,-1.7340097e-05,8.8078905e-06,2.402447e-05,2.272749e-05,9.027607e-06,-0.00011757863,6.6697285e-06,7.058617e-06,-5.893416e-05,4.8448455e-05,2.6983886e-05,-1.3250628e-05,-9.428635e-06,1.0095513e-05,3.2861426e-05,-6.076111e-05,-5.495618e-06,5.5703666e-05,9.845987e-05,3.8326863e-05,5.30735e-05,-0.00023243192,0.0001919739,0.0003806293,-4.9659902e-05,9.199566e-06,3.3610988e-05,-0.0003470896,1.4863708e-05,-0.0004045964,-0.0004201697,8.018071e-06
CD*CD,-1.1673033351940976,0.034741804,1.712432232429629e-247,-2.1341017e-05,-1.215654e-05,-6.635265e-05,-0.00040570146,-4.7522186e-05,-7.5415865e-06,-0.00013840376,-1.5163936e-05,8.0305756e-05,2.1031447e-05,2.6018197e-05,0.00020469054,1.5352838e-05,-0.0010610981,-5.2354524e-05,0.00020726472,-8.762397e-06,9.118401e-06,5.320325e-07,0.0006777092,1.0513679e-05,-0.000473027,0.00028476657,-0.0009170998,-7.489327e-05,5.3736785e-05,8.6287655e-05,0.00010187961,5.04589e-05,0.00049288315,-0.00029418067,-0.00040993947,-6.777691e-05,0.0005241288,0.00034145179,0.001206993,0.0003641333,-0.00037362464,0.0003635307,0.0008810561,-6.565076e-05,4.1544303e-05,4.0931187e-05,8.6012136e-05,6.0852002e-05,-0.0001769583,-9.473055e-05,0.00012026156,-0.000110709036,3.0923256e-05,-4.915442e-06,2.4001693e-05,-1.9269697e-05,2.3376659e-05,-7.3803174e-05,0.00024535367,-7.7610945e-05,0.00015090994,0.00013805061,0.00015566411,0.00012463193,-0.0006948569,0.00052548083,0.001051462,-0.00038495555,4.3234104e-05,3.264846e-05,-0.0007301012,6.408798e-05,-0.0009016771,-0.0012577301,3.280112e-05
CD*BV,-0.562354172945888,0.020022292,1.4359638123248565e-173,-1.691535e-06,2.9747234e-06,-1.2373212e-05,-0.00017057886,7.400704e-06,-3.0014628e-06,-5.413227e-05,-3.1156088e-07,-3.5688747e-05,2.8104382e-06,3.7556374e-06,4.9595918e-05,-6.061815e-06,-0.00022092677,4.685453e-05,9.773836e-05,3.2669245e-06,-5.836072e-06,-2.6776129e-06,0.00034452116,2.2510761e-05,-3.1678715e-05,0.00020585391,-0.00036642616,-2.8845878e-05,9.419754e-06,1.4494225e-05,4.823938e-05,7.755145e-05,0.00018380096,-5.596513e-05,-0.00024572367,3.2502908e-06,0.00021506468,0.00014077449,0.0003641333,0.0004008922,0.00034521703,0.0003071198,0.00091133895,7.239358e-05,-1.4721453e-05,-6.927624e-06,0.00018581896,-9.215106e-07,5.1902083e-05,-0.00022626815,-4.6980655e-05,-6.668313e-05,1.3943367e-05,-2.9894347e-06,-1.9273288e-05,9.6028736e-05,9.2263235e-06,6.482622e-05,-0.00018371464,-1.792897e-05,5.680044e-05,4.889946e-05,4.570319e-05,0.0001630957,-7.1040773e-07,0.00020253999,0.0003107783,-0.00014440494,2.1666141e-05,-2.5801437e-06,-0.0003441212,2.94995e-05,-0.00032046702,-0.0004400675,8.552114e-08
CD*CS,-1.3283479095466884,0.22101654,1.8532410400867878e-09,4.625554e-05,1.09470975e-05,-9.356314e-05,-0.00059019245,-1.9069876e-05,3.1486685e-05,-0.00010770901,-2.3756172e-06,-0.00032621782,-5.916368e-05,-0.000112290865,-0.0010217042,-0.00011274239,0.0050323606,0.00036641458,0.0008526283,-0.00080965745,-9.3555755e-06,8.07634e-06,0.0006489634,1.6815566e-05,-0.00015125869,0.00068919593,-0.0018809459,-0.0015642986,8.459805e-05,0.000101813224,0.00023423218,0.00015691013,0.00775674,0.001345265,-0.0018369798,-0.00041294598,0.00072380004,0.00037411015,-0.00037362464,0.00034521703,0.048848312,0.0019508854,0.0038827239,-5.5624405e-05,1.2095321e-06,-1.8598976e-05,8.794619e-05,7.2796165e-06,0.0041428157,0.00038602974,-0.00048740118,-0.00148339,-0.00016389432,5.341581e-05,0.0023606466,5.175956e-05,-9.3862356e-05,0.0007031009,-0.0018961569,-0.00041566973,9.519543e-05,6.611732e-05,-0.00016041518,0.0001375476,0.013259186,0.00031161882,-0.0015536981,0.003205517,-6.654842e-06,1.0625674e-05,-0.0008162791,-0.0003077208,0.0037964915,-0.0018428956,5.3384015e-06
CD*DP,-0.8907248255276803,0.056072485,8.019161543664744e-57,-3.2564978e-05,2.381352e-06,-3.914394e-05,-0.00029675648,-3.1390355e-05,-7.657167e-06,-0.00010945217,-1.0745125e-05,7.96951e-05,3.550558e-05,2.1261065e-05,-6.9872054e-05,9.599539e-06,-0.00065271347,0.0004552826,0.00034547265,-6.314058e-05,-6.3752655e-06,4.223382e-06,0.00033767757,9.944489e-06,-0.00024876464,0.000559798,-0.00071385043,-0.00022000933,3.2057036e-05,4.8269558e-05,-5.1210864e-05,5.1472834e-05,0.0009411617,0.00049555633,-0.00043684785,-0.00044890612,0.0003733571,0.00025724503,0.0003635307,0.0003071198,0.0019508854,0.0031441234,0.002289377,-0.00011447753,2.7606886e-05,2.6836931e-05,-3.3816475e-06,4.2574222e-05,0.00015379382,0.00038289002,-3.7328522e-05,-0.000688542,4.2998414e-05,-2.0391124e-05,-4.015052e-05,4.2874704e-05,2.288249e-05,0.0017574956,-0.00035651418,-7.032488e-05,0.00011399475,7.960697e-05,0.0007345361,0.0001381253,0.00058327627,0.00043681782,0.0007081097,-0.00031205735,4.0570645e-05,2.328774e-06,-0.0005091695,5.6765e-05,-0.00062437705,-0.0005112404,2.4569032e-05
CD*CH,-0.1458556486334155,0.21466398,0.4968462694556981,0.000104829436,3.2992448e-06,-5.595128e-05,-0.00093885034,-4.928777e-05,-9.066283e-06,-0.00016259313,6.308098e-05,-0.00042365215,-0.00012060725,-0.00010674607,5.6364293e-06,-0.00014731001,0.0010410234,-0.000989665,0.0011343709,0.00010538294,-7.840665e-06,-1.3129594e-05,0.0011935576,-1.5314377e-05,-0.00065004337,0.0003148313,-0.00051232445,-0.0005397833,5.5014618e-05,5.1097697e-05,-0.00011978529,-6.689881e-05,-0.0015065048,-0.0002430573,0.00386839,0.00031189184,0.0011689387,0.00071429927,0.0008810561,0.00091133895,0.0038827239,0.002289377,0.046080627,-0.00025173306,4.319253e-05,4.7908212e-05,0.00020075552,2.5785022e-05,-0.0021960258,0.00024414744,0.0021536173,-0.00010305298,0.0001139537,-0.00014710955,-0.0004577889,-0.0004223825,2.5660225e-05,0.00035864336,0.009620438,-0.00020298793,0.00019098065,8.181159e-05,0.00018115396,-0.00025816855,-0.0004140102,0.00050871435,0.009404191,0.0027485369,-0.00019559154,-9.294989e-05,0.0048108357,-0.00058901473,0.0037484933,0.0023676013,-0.00013342687
BV*CA,-0.5894511327297117,0.09001956,5.829951654834873e-11,-4.1818985e-05,1.6230737e-06,4.3808854e-05,1.2182729e-05,8.135617e-05,-2.4601636e-06,1.20993445e-05,1.5353273e-05,2.5584259e-05,-3.862139e-05,0.00038624942,0.00014112484,0.0009995569,0.0019826153,-0.00014013496,-0.000992606,0.0017575368,-2.194093e-05,2.6410273e-05,-6.99074e-05,8.382272e-05,-0.002725492,-0.00015371425,-0.00055101013,0.0030746083,-6.491449e-05,-2.5335416e-05,-0.000796279,0.00017152166,-0.0049125208,-0.0009150424,-0.001595688,0.00027222856,-2.5633175e-05,-1.7340097e-05,-6.565076e-05,7.239358e-05,-5.5624405e-05,-0.00011447753,-0.00025173306,0.008103522,-0.00014002177,0.00010228906,0.0016176549,-0.0005250513,-0.01498402,-0.0018960887,-8.667353e-05,0.0005398911,-0.00011299857,-4.674678e-06,-2.742128e-05,0.00035656767,7.9830315e-06,-7.114849e-05,-0.0017507335,0.00015400235,-3.3548236e-05,-1.9844767e-05,-8.5826236e-05,-1.2837195e-05,-0.0003093612,-3.365175e-05,-0.00047058286,0.009970904,-0.00016698832,0.00024650065,-0.0011085928,-0.0007390528,-0.009002804,-0.0027183767,-3.742322e-05
BV*BT,-0.7636494534687307,0.021023637,6.91900563752172e-289,-1.772104e-05,2.67523e-05,-3.4854016e-05,-1.8838755e-05,-0.00016168391,-6.742669e-07,-9.073272e-06,-3.366407e-05,0.000104383565,3.4982768e-05,-1.0454892e-05,1.6001659e-05,9.029077e-06,-0.00022087144,5.543292e-06,0.00016082152,0.00020972289,-5.653485e-06,-7.439114e-05,-0.00011255101,0.00016351382,-0.00028898736,-0.00039727148,-0.0009025136,-9.705069e-05,5.1598327e-05,3.6519436e-05,2.8969196e-05,4.913523e-05,0.0006692453,-0.00035162203,-0.00078261504,7.938716e-06,4.0044182e-05,8.8078905e-06,4.1544303e-05,-1.4721453e-05,1.2095321e-06,2.7606886e-05,4.319253e-05,-0.00014002177,0.00044199327,0.00013965378,0.00013091447,0.00016996026,0.0011391211,0.0011532657,0.00035092307,-2.0171434e-05,4.033843e-05,-7.086247e-06,-3.0111876e-06,-6.300648e-06,2.0618875e-06,8.112548e-07,-9.061496e-06,1.123197e-07,4.324895e-05,-4.6425303e-06,1.03287775e-05,-0.00010657968,2.2832863e-05,3.123462e-05,-7.185232e-05,-0.00042713166,6.123482e-05,5.0083516e-05,0.000160304,7.025915e-05,-0.00022387551,0.00033996845,7.360097e-05
BV*BU,-0.6320225405193465,0.015621868,0.0,-2.8026958e-05,-7.414391e-06,-2.7002532e-05,-1.8766374e-05,-0.00011656483,-1.0616858e-06,-8.835359e-06,-1.6916016e-05,0.000106225954,1.6252292e-05,7.193522e-05,3.031026e-05,8.242619e-06,-0.00056860654,5.8212143e-05,0.0001391885,-6.608398e-05,4.9749024e-06,2.5442134e-05,-9.2735e-05,4.7008783e-05,-0.0012638458,-0.0002696477,-5.25618e-06,8.845496e-05,1.6538543e-05,3.1086096e-05,5.579291e-05,0.00018660339,-0.00023545515,-0.0001573586,0.0001444722,-2.5891618e-06,8.752635e-06,2.402447e-05,4.0931187e-05,-6.927624e-06,-1.8598976e-05,2.6836931e-05,4.7908212e-05,0.00010228906,0.00013965378,0.00024404275,0.000106781175,0.00011782202,-0.0017281525,0.00080402446,0.00014650454,-3.133673e-05,-1.9467005e-05,1.3075571e-05,-3.3540348e-06,1.7876951e-05,3.2269083e-06,-1.6952265e-05,-7.1783776e-05,-4.926669e-06,2.073847e-06,1.813013e-05,1.1958751e-05,-8.920894e-05,-0.00011611481,3.1456475e-05,-7.349398e-05,3.3071883e-05,-1.109253e-05,0.00010765413,0.00012023725,1.5497842e-05,-0.0022797587,8.326992e-05,3.5487803e-05
BV*CD,0.041108204772041516,0.06839131,0.5477910153427381,3.8100326e-05,-1.2347925e-05,2.481691e-06,-2.1319478e-05,-9.7682285e-05,-7.901219e-07,1.940738e-06,-3.3935685e-06,-0.0005358074,-4.1136682e-05,-0.000100788304,0.00045292135,3.945414e-05,-0.00066468806,-0.00019567578,-0.00020605806,-0.00073183584,1.2426692e-05,1.2165402e-05,0.0014773641,9.2240276e-05,-0.003206179,0.00041435187,0.00029302452,-0.0010842578,1.3628485e-05,-6.999397e-05,0.0014773936,0.0002664434,-0.004552305,0.00039331385,0.00020019068,-6.231676e-05,2.209231e-05,2.272749e-05,8.6012136e-05,0.00018581896,8.794619e-05,-3.3816475e-06,0.00020075552,0.0016176549,0.00013091447,0.000106781175,0.004677371,-0.00033910392,-0.009692357,0.0016344264,0.0032610327,-0.00013120522,-0.0001999389,-7.672321e-05,4.1810257e-05,0.00015552073,1.6344453e-06,-3.7157537e-05,0.00018154018,-3.219354e-05,-7.732265e-06,-1.7680119e-05,2.6327974e-05,5.4532516e-06,-0.00042348893,-1.1653794e-05,-0.00038746189,0.002767346,-2.9231469e-05,0.000106297884,0.00022718677,-0.00028513628,-0.0029208758,-0.0017479153,9.632673e-06
BV*BV,-0.6975917488201224,0.016438184,0.0,-2.350602e-05,-3.533248e-05,-9.4848234e-05,-2.7525033e-05,-0.0001490318,-1.0451837e-06,-1.3212772e-05,-3.2252254e-05,0.00013359319,2.0779036e-05,-1.3416463e-05,1.3421045e-05,5.8433594e-05,-0.00042068,6.3828535e-05,3.4011846e-06,-0.00012728512,4.2373147e-05,2.0073274e-05,-0.00035147686,1.7172202e-06,-0.0007550659,-0.00086420844,-0.001285219,-0.00013683266,7.7317265e-05,0.000113375056,-5.9436217e-05,0.00010614492,0.0012804484,-0.00035969165,-0.0008963576,1.0943703e-05,1.5353729e-06,9.027607e-06,6.0852002e-05,-9.215106e-07,7.2796165e-06,4.2574222e-05,2.5785022e-05,-0.0005250513,0.00016996026,0.00011782202,-0.00033910392,0.00027021387,0.001629381,0.00077676325,-0.00018027562,-2.7589233e-05,-2.2908864e-05,-4.9920195e-06,-4.295862e-06,-6.3334874e-06,3.22253e-06,7.543417e-06,-2.882266e-05,1.9306003e-06,-2.4667804e-06,-1.3229707e-05,1.2758383e-05,-9.654744e-05,6.0119546e-05,4.6454927e-05,-1.9702156e-06,-0.00077074714,3.0563686e-05,1.8440247e-05,0.0001271999,0.0001100519,-0.00020298237,0.000642293,6.9753376e-05
BV*CS,-0.8610893737324037,0.5097101,0.09114837094732933,0.0005521692,-6.1774874e-05,-0.00058946357,1.4576852e-05,-0.0009420797,5.155953e-05,-9.308226e-05,-0.0003436521,-0.0020244753,-0.00050373416,-0.0013059627,-0.0017727863,-0.00076569006,0.0496652,-0.0019764234,-0.021295488,-0.00023816527,0.00014916131,-0.000391789,-0.0050214,0.0011536387,0.043619487,-0.016383577,-0.020800933,-0.0016890765,0.00045612885,0.0006883995,-0.0034925705,0.0014735543,0.09218337,-0.010255041,-0.021366807,0.000106348896,-1.86279e-05,-0.00011757863,-0.0001769583,5.1902083e-05,0.0041428157,0.00015379382,-0.0021960258,-0.01498402,0.0011391211,-0.0017281525,-0.009692357,0.001629381,0.25980437,-0.021953804,-0.016833963,-5.5729375e-05,0.00257451,0.0005446343,4.2670326e-05,0.0008383242,-0.00015571434,0.00032413178,-0.0016931795,-0.00015767981,0.000114638606,-5.658251e-05,4.084387e-05,-0.0005167037,0.01155686,0.0002571124,-0.0010397867,-0.044641644,0.0012923278,-0.002510983,0.0011805128,0.003239969,0.11028267,0.008071469,0.00078218296
BV*DP,-0.23688163222573308,0.20681684,0.25205625766529793,0.00050609227,-5.4954126e-05,-9.830192e-05,1.8780313e-05,-0.0010532688,2.1687883e-06,5.1945084e-05,-0.00015590347,-0.0018808822,-0.0006329543,-0.00052612484,-0.0012217005,-0.000531416,-0.0069933147,0.0025031979,-0.00024233494,-0.0014325122,5.2974432e-05,6.977148e-05,-0.0006978603,-0.000347502,-0.011717824,0.009183938,-0.0068391566,-0.0017015411,8.0508406e-05,2.9986244e-05,0.0003833331,0.0002626897,-0.0049912794,0.0104210945,-0.0070611723,-0.00016323755,-0.00014390278,6.6697285e-06,-9.473055e-05,-0.00022626815,0.00038602974,0.00038289002,0.00024414744,-0.0018960887,0.0011532657,0.00080402446,0.0016344264,0.00077676325,-0.021953804,0.042773206,0.004379475,-6.886701e-05,3.0001132e-05,2.0580746e-05,9.033494e-06,-0.0003085624,-7.1329846e-06,0.0010466747,-0.001494757,-3.8441372e-05,-7.9047575e-05,-0.000106829975,-3.0945157e-05,0.00050453225,0.000484033,-0.00015750299,0.0034018639,-0.003005662,0.00026229367,8.304868e-05,0.0017263407,0.00041601982,-0.009731266,0.01863265,0.0003156298
BV*CH,-0.21814949630491337,0.11014429,0.04763847143065251,-2.0188141e-05,-6.876249e-05,-0.000101506615,-4.3868018e-05,-0.00027742225,-3.0288866e-06,-3.8204264e-05,4.540495e-05,0.00050816924,2.7591372e-05,-0.00022591067,-0.00021964271,-0.0004373714,-0.0063202395,-0.0006105529,0.011102524,-0.0011217879,9.64246e-05,2.2755536e-05,0.00078491354,-0.0004712402,-0.004804105,-0.00021621738,0.006380692,-0.0016938385,0.00010307196,7.3867166e-05,0.0010258276,-0.0004287277,-0.0072814645,-0.00067815155,0.008707821,-3.4930377e-05,8.1892185e-06,7.058617e-06,0.00012026156,-4.6980655e-05,-0.00048740118,-3.7328522e-05,0.0021536173,-8.667353e-05,0.00035092307,0.00014650454,0.0032610327,-0.00018027562,-0.016833963,0.004379475,0.012131764,-0.00020530897,-0.00035453305,-0.00017625208,-2.1809392e-05,-0.00018737356,9.106058e-06,-0.00054263463,0.006270198,2.2597605e-05,-7.1538616e-06,4.5246466e-06,5.28928e-05,0.00020736032,-0.0018451455,0.00012689078,0.00131445,0.002519855,-0.00025876117,3.954623e-05,0.00039476083,0.0002987017,0.00020285568,-0.00448367,-8.42917e-05
CS*CA,-0.32364147503205754,0.054610804,3.0978560865505762e-09,0.00013307674,5.099101e-07,1.711251e-05,3.9929982e-05,1.605452e-05,-1.7363976e-05,3.7518334e-06,2.857803e-06,-0.0012961334,-0.00014295673,-1.6820279e-05,2.4722265e-05,2.3788783e-05,-0.0026848037,0.0007774975,-0.0002779476,0.00064326345,-5.547343e-06,-6.0192474e-07,-0.00022955707,-4.963085e-05,0.0003681638,0.00026426668,-0.00010343932,0.0013642486,-1.6318443e-05,-3.7962796e-05,-0.0003507144,-0.00010440207,-0.00030542203,-7.742176e-05,-0.00023159252,0.00097450643,-4.8350637e-05,-5.893416e-05,-0.000110709036,-6.668313e-05,-0.00148339,-0.000688542,-0.00010305298,0.0005398911,-2.0171434e-05,-3.133673e-05,-0.00013120522,-2.7589233e-05,-5.5729375e-05,-6.886701e-05,-0.00020530897,0.0029823398,8.1145714e-05,-3.4114502e-05,-0.00017646495,-0.00011025109,5.4360982e-05,-0.0019441704,-2.60833e-05,0.00030426893,-4.701467e-06,-1.8943024e-06,-0.000120412406,-3.9310224e-05,0.0006624734,-2.5860785e-05,-0.00038239267,0.00037904026,-2.0031574e-05,-1.47783585e-05,0.00057210686,-5.4173062e-05,0.0018103482,-0.0004262917,-7.1995573e-06
CS*BT,-0.6142923629456633,0.12995435,2.2787735146669706e-06,-2.2004708e-05,6.026497e-05,0.0002797625,-1.43847155e-05,2.605848e-05,-3.373277e-05,-1.197544e-05,3.0473248e-05,-7.290003e-05,-0.0004085508,-8.342142e-05,0.00011744202,5.088198e-05,0.0007593816,6.0133425e-05,0.00016183552,-0.00096173235,-0.00012010082,-5.4608503e-05,0.003304862,-0.00019109715,-0.054858338,-0.0004585574,7.635939e-05,-0.00053131516,7.919084e-05,-0.0002517032,-0.0002983703,-0.0006227282,0.024968412,-0.009584431,-0.0030556077,1.1178421e-05,0.00030472392,4.8448455e-05,3.0923256e-05,1.3943367e-05,-0.00016389432,4.2998414e-05,0.0001139537,-0.00011299857,4.033843e-05,-1.9467005e-05,-0.0001999389,-2.2908864e-05,0.00257451,3.0001132e-05,-0.00035453305,8.1145714e-05,0.016888132,0.00014124413,6.5428365e-05,-2.8105387e-05,0.000104097206,0.00022968523,-0.00039375166,3.2564534e-05,7.677591e-05,0.00010157275,4.6187204e-05,0.00012292356,-0.0018379025,4.6381563e-05,0.0006821836,0.00042341824,-0.00069436064,0.00012269757,0.00041356005,0.00011342071,-0.009341922,0.000697432,-6.7527864e-05
CS*BU,-0.22436225173484767,0.011540379,3.4398029705540343e-84,8.7524e-06,7.080172e-06,3.345219e-06,1.6039595e-06,5.5849123e-06,-1.4749072e-05,-5.7228516e-07,5.5130715e-07,-7.8918216e-05,-1.0216286e-05,-1.2094775e-05,2.7406968e-05,9.599862e-06,-0.0001259873,0.000101963036,0.00012017798,9.243342e-05,-8.174712e-06,-8.372066e-06,5.001405e-05,-3.4888093e-05,0.00077957043,-2.8961113e-05,6.2652e-05,0.00016348322,-3.688731e-06,-3.39597e-06,7.457684e-05,-3.449191e-05,0.0025799968,-0.00010422807,-0.00014746393,-3.3496777e-05,1.5259532e-07,2.6983886e-05,-4.915442e-06,-2.9894347e-06,5.341581e-05,-2.0391124e-05,-0.00014710955,-4.674678e-06,-7.086247e-06,1.3075571e-05,-7.672321e-05,-4.9920195e-06,0.0005446343,2.0580746e-05,-0.00017625208,-3.4114502e-05,0.00014124413,0.00013318037,4.1704272e-05,-8.143867e-06,4.4863697e-05,-0.00014843886,-0.00056159036,-2.5759806e-05,1.8939762e-06,2.8745924e-05,-1.3322199e-06,8.3781615e-06,0.00034669592,2.7709498e-06,-0.00016539353,8.687275e-05,-1.8236019e-06,1.0356662e-05,-5.89072e-05,1.6442009e-05,-0.0001406667,-2.2492215e-05,-1.1204177e-06
CS*CD,-0.45650764051528053,0.019403847,2.176842864270479e-122,1.7776794e-05,1.4180375e-06,-1.6073733e-06,2.9162495e-06,2.7116512e-06,-3.3304244e-05,9.411883e-06,1.7714345e-06,-8.068373e-05,-2.1002119e-05,-2.0230444e-05,-7.4226446e-05,-2.1015921e-05,0.0005414668,-1.0400591e-05,4.031891e-05,-9.236252e-05,-5.15275e-07,-1.01579246e-07,2.552479e-05,2.3032176e-06,0.0001824527,-0.000110400004,-4.2309457e-05,-0.00018428148,3.430513e-06,1.5359327e-06,9.907688e-05,1.0611367e-05,0.00013672086,-5.883893e-05,-0.000101911646,-0.00012053558,-5.9574604e-06,-1.3250628e-05,2.4001693e-05,-1.9273288e-05,0.0023606466,-4.015052e-05,-0.0004577889,-2.742128e-05,-3.0111876e-06,-3.3540348e-06,4.1810257e-05,-4.295862e-06,4.2670326e-05,9.033494e-06,-2.1809392e-05,-0.00017646495,6.5428365e-05,4.1704272e-05,0.0003765093,5.089837e-05,9.803018e-05,9.0687725e-05,-7.384588e-05,-6.282446e-05,-1.0857125e-05,-8.661547e-06,2.8205857e-06,-5.5945206e-06,0.0005718569,-3.8731676e-05,-0.00022708393,0.0001988171,-3.6344927e-06,4.8749516e-06,0.00010763341,-1.5671978e-05,0.0003727649,-5.2397423e-05,-3.799446e-06
CS*BV,-0.2852705750571031,0.029297445,2.095570494073187e-22,3.075557e-05,6.52247e-06,4.04792e-06,7.0374e-06,9.013832e-06,-1.67394e-05,3.2579144e-06,9.452162e-06,-9.8280194e-05,-2.1727315e-05,-1.3702586e-05,-3.399365e-05,-0.00030306264,-0.00027756632,1.0211654e-05,0.00086255197,0.00018711119,-1.2927334e-05,6.0130374e-06,-6.7322006e-05,0.00015637538,-0.00041543375,-0.00039129952,-0.00063394033,0.00034013911,-1.17844e-05,-8.314423e-06,-8.252353e-05,0.00038496737,-0.00057866366,-0.00050814875,-0.000900097,-6.58273e-05,-8.542483e-06,-9.428635e-06,-1.9269697e-05,9.6028736e-05,5.175956e-05,4.2874704e-05,-0.0004223825,0.00035656767,-6.300648e-06,1.7876951e-05,0.00015552073,-6.3334874e-06,0.0008383242,-0.0003085624,-0.00018737356,-0.00011025109,-2.8105387e-05,-8.143867e-06,5.089837e-05,0.00085834024,5.1404124e-05,0.0002658823,-0.0020500075,-3.911573e-05,-7.607584e-06,-1.8817374e-05,1.071645e-05,0.00012865168,0.0002596138,-1.277769e-05,-0.0003261348,-0.000775924,3.5765333e-05,-2.8526476e-05,-0.00017142529,-7.0099986e-06,0.0005011362,4.8041155e-05,-1.9856856e-05
CS*CS,-0.5468892705132781,0.013474869,0.0,8.218919e-06,-2.2081531e-07,-4.886342e-06,-1.0907796e-05,-2.5550726e-06,-4.66224e-05,-2.4472918e-06,5.8579064e-07,-6.116708e-05,-9.785598e-06,-5.627751e-06,8.066554e-06,-5.4454713e-06,0.00045704417,2.208112e-05,-4.8476777e-06,8.541735e-06,2.641534e-07,-3.9886058e-07,1.9015031e-05,-5.8999547e-07,0.00019050465,-0.0001140002,-2.424056e-05,6.5837744e-06,5.352235e-06,5.135869e-06,1.668351e-05,2.7526944e-06,-0.00024080845,-0.00014124611,4.5382308e-06,6.154383e-06,1.39763615e-05,1.0095513e-05,2.3376659e-05,9.2263235e-06,-9.3862356e-05,2.288249e-05,2.5660225e-05,7.9830315e-06,2.0618875e-06,3.2269083e-06,1.6344453e-06,3.22253e-06,-0.00015571434,-7.1329846e-06,9.106058e-06,5.4360982e-05,0.000104097206,4.4863697e-05,9.803018e-05,5.1404124e-05,0.00018157208,0.00013443439,0.00020826183,1.3245971e-06,2.6828363e-06,2.7071023e-06,3.3404274e-06,3.5622787e-07,3.2692413e-05,8.29562e-06,1.1742144e-05,1.2863175e-06,-1.7665052e-06,3.766048e-06,7.080507e-08,-9.885235e-07,0.00030114202,2.8941757e-05,-1.1826974e-06
CS*DP,-0.5888682405151885,0.090652086,8.253026935636208e-11,-1.1077687e-05,1.2113361e-05,4.134767e-06,-1.4686868e-05,1.8017694e-06,-4.3890952e-05,9.392106e-05,9.794671e-06,0.00016883422,2.0676229e-05,1.0663924e-05,0.0002306333,-8.5663836e-05,0.00073821796,-0.002207681,0.0011132119,5.4835065e-05,-1.2428967e-05,-7.6133697e-06,-2.1979253e-05,-4.655926e-06,0.0005771125,-0.0004997559,-0.0011453507,-0.00012326486,-4.3792534e-06,-6.168031e-06,3.4707515e-05,3.826039e-05,0.0011556748,0.0012081871,-0.001578768,-0.00066273514,1.8052968e-05,3.2861426e-05,-7.3803174e-05,6.482622e-05,0.0007031009,0.0017574956,0.00035864336,-7.114849e-05,8.112548e-07,-1.6952265e-05,-3.7157537e-05,7.543417e-06,0.00032413178,0.0010466747,-0.00054263463,-0.0019441704,0.00022968523,-0.00014843886,9.0687725e-05,0.0002658823,0.00013443439,0.0082178,-0.0029201573,-5.8146412e-05,-0.00011349922,-3.5370485e-05,8.844766e-05,-1.6137028e-05,-0.0041990248,-0.00029973083,0.0013882015,-0.0010710367,4.3403365e-05,-6.706352e-05,-0.00018768368,0.00015738393,-0.00027344888,0.0025984687,-1.2829276e-05
CS*CH,-0.7182317868123791,0.21817218,0.0009946305697151813,0.00014459348,-4.0655952e-05,-6.6259396e-05,-0.00010448761,-1.2239253e-05,-6.7162364e-05,-5.7988338e-05,0.00031630596,-0.00085409416,-0.00020026453,-8.4267185e-06,-0.0006541326,0.0005667244,0.0005318729,0.001047556,-0.015142869,-0.0021361746,7.68839e-05,-1.1978685e-05,-4.8732494e-05,8.800293e-05,-0.0017951098,-0.0017994251,0.005466826,-0.0036474927,6.4247295e-05,0.000112460366,-0.0001829587,-0.00051846623,-0.011123435,-0.0014601843,0.01574503,0.00058515574,0.00012410754,-6.076111e-05,0.00024535367,-0.00018371464,-0.0018961569,-0.00035651418,0.009620438,-0.0017507335,-9.061496e-06,-7.1783776e-05,0.00018154018,-2.882266e-05,-0.0016931795,-0.001494757,0.006270198,-2.60833e-05,-0.00039375166,-0.00056159036,-7.384588e-05,-0.0020500075,0.00020826183,-0.0029201573,0.0475991,0.0005162889,8.744825e-05,-1.5908045e-05,-0.00010519469,-0.00075273926,-0.0028707013,0.0001871663,0.0108074,-0.000118520285,-0.00071234937,-0.000337813,0.0030166325,-0.0016910606,-0.0027007146,0.01257995,-0.0007246203
DP*CA,-0.21139200494608434,0.03612217,4.8528681436463875e-09,2.5370858e-07,-7.933782e-06,-1.6559905e-05,-1.1699909e-05,-4.171049e-06,-5.6351445e-07,7.428393e-06,3.2483545e-06,0.00016097756,-2.8411853e-06,-8.2231e-06,2.7248607e-05,1.3872765e-06,0.0005328567,-0.00022423883,-0.000195067,-0.000101301455,9.843821e-06,1.4984489e-06,3.1947943e-06,-1.32424275e-05,0.00013146411,-1.7922952e-05,-7.087951e-05,9.2762726e-05,1.2544296e-05,1.9128931e-05,-4.7277063e-05,-6.1812443e-06,0.00012012948,5.7162157e-05,0.00011025954,0.00074267224,1.578179e-05,-5.495618e-06,-7.7610945e-05,-1.792897e-05,-0.00041566973,-7.032488e-05,-0.00020298793,0.00015400235,1.123197e-07,-4.926669e-06,-3.219354e-05,1.9306003e-06,-0.00015767981,-3.8441372e-05,2.2597605e-05,0.00030426893,3.2564534e-05,-2.5759806e-05,-6.282446e-05,-3.911573e-05,1.3245971e-06,-5.8146412e-05,0.0005162889,0.0013048112,-6.6465705e-06,-4.860885e-06,-0.000221094,-5.9771646e-05,-0.0036105271,-0.00015364376,0.00034344682,0.0006625203,-1.314661e-05,-7.872017e-06,-0.00054193346,-6.475122e-05,-0.00066622166,-8.675797e-05,-7.090475e-06
DP*BT,-0.6045988369842511,0.0326532,1.5410669201783796e-76,1.1877583e-05,0.00013250075,2.683097e-05,-6.7292014e-05,3.1883033e-06,-8.4445816e-07,-0.00015222133,-6.912377e-06,-0.00011145189,-3.438801e-05,-1.440418e-07,1.397511e-05,1.0409326e-06,-1.9955763e-05,0.00019295703,-0.00011326263,0.00014731623,-0.00020171449,-7.776534e-05,8.560757e-05,6.1119613e-06,4.014936e-05,-0.0037837466,-0.0007947882,-9.746443e-06,-3.3591576e-05,-3.049073e-05,2.9954579e-05,-1.8944196e-05,0.00056144234,-7.994107e-05,-0.00011226341,1.1819595e-05,0.00028908314,5.5703666e-05,0.00015090994,5.680044e-05,9.519543e-05,0.00011399475,0.00019098065,-3.3548236e-05,4.324895e-05,2.073847e-06,-7.732265e-06,-2.4667804e-06,0.000114638606,-7.9047575e-05,-7.1538616e-06,-4.701467e-06,7.677591e-05,1.8939762e-06,-1.0857125e-05,-7.607584e-06,2.6828363e-06,-0.00011349922,8.744825e-05,-6.6465705e-06,0.0010662316,0.0001416892,0.00019561799,0.000102198166,0.0005383929,0.000516349,0.0018409308,0.000105291256,0.00029963217,1.6914684e-05,-0.00028569938,-1.7385202e-05,0.0004731947,-0.0010219583,1.5737605e-05
DP*BU,-0.5630223772983054,0.019554771,2.6958249949977163e-182,1.2709812e-05,2.2459668e-05,4.5579127e-05,-6.1114624e-05,1.0219414e-05,-8.744567e-07,-0.00013544619,-2.0363032e-06,-0.00013873102,-1.2405497e-05,-1.5451324e-05,2.9026558e-05,-1.1425049e-06,-0.00013885896,0.0001246922,-2.0758885e-06,2.6690226e-05,-2.7452146e-05,-3.249142e-05,0.00031504227,1.2741409e-05,0.00032425902,0.0013835812,2.8179044e-05,-8.255696e-05,-3.7056405e-05,-5.3931344e-05,1.6109007e-05,-5.783275e-05,-6.721813e-05,0.00064718554,-0.00016676687,1.24515e-05,8.5215055e-05,9.845987e-05,0.00013805061,4.889946e-05,6.611732e-05,7.960697e-05,8.181159e-05,-1.9844767e-05,-4.6425303e-06,1.813013e-05,-1.7680119e-05,-1.3229707e-05,-5.658251e-05,-0.000106829975,4.5246466e-06,-1.8943024e-06,0.00010157275,2.8745924e-05,-8.661547e-06,-1.8817374e-05,2.7071023e-06,-3.5370485e-05,-1.5908045e-05,-4.860885e-06,0.0001416892,0.00038238912,0.0001809986,0.00013801685,-0.0015605476,0.00048872194,0.0018617217,0.0003671583,-1.3447349e-05,0.000116186544,-0.00033771349,-4.5379733e-05,2.7189875e-05,-0.0010154985,3.471255e-06
DP*CD,-0.35091646413655947,0.030227514,3.7017489929383272e-31,1.18938815e-05,7.412942e-06,-2.5066568e-06,-4.905276e-05,-9.732841e-06,-1.1372064e-06,-0.0001666691,-9.613582e-06,-9.7472046e-05,-1.086385e-05,-8.380463e-06,5.4962206e-06,-2.100959e-05,-0.00017349186,8.909805e-05,6.703134e-05,7.182736e-05,-1.3093044e-05,-3.6332076e-06,-4.586652e-06,1.8417102e-05,-5.3053904e-05,0.0011867287,-0.00029219128,-3.475564e-06,3.4129328e-06,1.472272e-06,-3.0299907e-05,5.4396714e-06,4.528101e-05,0.00025786678,-0.0001629202,-0.0001791908,5.5604032e-05,3.8326863e-05,0.00015566411,4.570319e-05,-0.00016041518,0.0007345361,0.00018115396,-8.5826236e-05,1.03287775e-05,1.1958751e-05,2.6327974e-05,1.2758383e-05,4.084387e-05,-3.0945157e-05,5.28928e-05,-0.000120412406,4.6187204e-05,-1.3322199e-06,2.8205857e-06,1.071645e-05,3.3404274e-06,8.844766e-05,-0.00010519469,-0.000221094,0.00019561799,0.0001809986,0.00091370265,0.00025119024,-0.0006798501,0.0003336196,0.0018100439,-0.00067564717,3.6265825e-05,2.5409523e-05,0.0003638018,0.000101538804,-0.0006716322,-0.0012279744,2.017728e-05
DP*BV,-0.6820696828259721,0.04387767,1.7255441258301015e-54,-2.121067e-06,3.3291675e-05,6.7076806e-05,-5.4867185e-05,8.435338e-05,-8.36171e-08,-0.00016116824,1.48767e-05,-6.3732456e-05,1.038901e-05,5.555762e-07,5.952959e-05,-0.00017721577,-0.00031295873,6.0813527e-05,0.0014756551,-2.1636159e-05,-3.644681e-05,-2.1023367e-05,0.00040377027,-0.00019652252,0.0012866862,0.0014149239,0.0008875581,7.2395116e-05,-5.2502815e-05,-8.014998e-05,5.53772e-05,-0.00013771906,-0.00017459386,0.00030940998,0.0004170172,-1.8253888e-05,9.639042e-05,5.30735e-05,0.00012463193,0.0001630957,0.0001375476,0.0001381253,-0.00025816855,-1.2837195e-05,-0.00010657968,-8.920894e-05,5.4532516e-06,-9.654744e-05,-0.0005167037,0.00050453225,0.00020736032,-3.9310224e-05,0.00012292356,8.3781615e-06,-5.5945206e-06,0.00012865168,3.5622787e-07,-1.6137028e-05,-0.00075273926,-5.9771646e-05,0.000102198166,0.00013801685,0.00025119024,0.0019252497,0.0006163926,0.0005619305,0.00046732978,-0.0013737734,5.001022e-05,-5.3054395e-05,-0.00026229775,0.00047750954,-0.0028708698,0.0005079192,-4.5133544e-05
DP*CS,0.43369413265281864,0.37619206,0.24897074339320435,0.00011724298,6.0588547e-05,-9.095858e-05,0.00013367571,-3.349749e-05,-8.079218e-06,-0.0005083374,-9.191828e-05,-7.268977e-05,-8.3043764e-05,-0.000113234964,-0.000946793,-0.00017676348,-0.0062075024,0.0046898033,-0.00012775633,0.00066534773,-9.1919654e-05,0.00023308289,-0.0013205729,0.00026926817,-0.006967061,0.0004751491,0.0010391611,0.00020506389,5.3346957e-05,0.00014104953,-6.9008696e-05,0.00018743816,0.0036069667,-0.0010573416,-0.0007793806,-0.0015239184,-0.00024854112,-0.00023243192,-0.0006948569,-7.1040773e-07,0.013259186,0.00058327627,-0.0004140102,-0.0003093612,2.2832863e-05,-0.00011611481,-0.00042348893,6.0119546e-05,0.01155686,0.000484033,-0.0018451455,0.0006624734,-0.0018379025,0.00034669592,0.0005718569,0.0002596138,3.2692413e-05,-0.0041990248,-0.0028707013,-0.0036105271,0.0005383929,-0.0015605476,-0.0006798501,0.0006163926,0.14152047,0.0008457548,-0.026610142,-0.0013161021,0.00021944747,-0.00074142776,0.0010449459,-0.00032570848,0.029413149,0.0051179947,0.00021447265
DP*DP,-1.6619084840977116,0.04561206,1.1578153356965654e-290,8.109777e-06,6.4356836e-06,-4.3068067e-05,-0.00023196245,-3.7123864e-05,-2.5764539e-06,-0.00045345616,-2.068876e-05,-0.00019809783,-9.310253e-06,2.8386432e-06,7.787715e-05,5.463552e-06,-0.000429419,0.00058541965,6.6089306e-05,6.472731e-05,-1.8247314e-05,-9.865731e-06,0.00040216488,6.9990834e-05,-0.0006537735,0.002646601,-0.0011370417,-4.92074e-05,3.630958e-05,5.183749e-05,1.4684893e-05,3.4001474e-05,0.00058162684,0.00045651215,-0.00057237665,2.2240321e-05,0.0002945407,0.0001919739,0.00052548083,0.00020253999,0.00031161882,0.00043681782,0.00050871435,-3.365175e-05,3.123462e-05,3.1456475e-05,-1.1653794e-05,4.6454927e-05,0.0002571124,-0.00015750299,0.00012689078,-2.5860785e-05,4.6381563e-05,2.7709498e-06,-3.8731676e-05,-1.277769e-05,8.29562e-06,-0.00029973083,0.0001871663,-0.00015364376,0.000516349,0.00048872194,0.0003336196,0.0005619305,0.0008457548,0.00208046,0.005090079,0.00034881732,3.927426e-05,5.2085757e-05,-0.0010292345,-1.4513747e-05,0.0013885255,-0.0024982058,4.472755e-05
DP*CH,-1.0081055103675582,0.28031677,0.00032276531487804294,0.00021686766,5.1609743e-05,2.9440671e-05,-0.00047559736,6.0504262e-06,-3.859949e-06,-0.0015223968,0.0004950204,-0.0015403097,-0.0002500944,-5.2913532e-05,-5.823782e-05,3.4513952e-05,0.0035450466,5.27801e-05,-0.0054856515,0.0008967796,-0.00010042359,-0.00013955138,0.0011765574,0.0009235482,-0.004096754,0.0071560196,-0.014015229,0.000764909,-6.1697688e-06,-0.00012543453,0.00018645593,2.5878524e-05,-0.0056501455,0.0022514227,-0.0020263353,-3.3135293e-05,0.00061035325,0.0003806293,0.001051462,0.0003107783,-0.0015536981,0.0007081097,0.009404191,-0.00047058286,-7.185232e-05,-7.349398e-05,-0.00038746189,-1.9702156e-06,-0.0010397867,0.0034018639,0.00131445,-0.00038239267,0.0006821836,-0.00016539353,-0.00022708393,-0.0003261348,1.1742144e-05,0.0013882015,0.0108074,0.00034344682,0.0018409308,0.0018617217,0.0018100439,0.00046732978,-0.026610142,0.005090079,0.07857749,0.0030044876,-0.0006898799,-0.0009404035,-0.0015055944,-0.0017795241,0.023156011,0.03983243,-0.0010431091
CH*CA,-0.7271280819630234,0.34829813,0.0368285147540784,-1.5676804e-05,-6.404746e-05,-0.00013861095,6.630923e-05,0.00028651342,-1.2502622e-06,-5.7340603e-05,-2.4380099e-05,0.00042839735,-0.00021656783,8.4919535e-05,-0.00031860886,0.0017384806,0.0018511363,-0.00041324657,0.003785684,-0.0066022235,0.00012413903,7.759712e-05,0.0018263523,-6.448379e-05,-0.0010887255,0.0034929127,0.007942354,-0.006399645,0.00023198454,2.7777205e-07,0.00073918677,-0.0003990355,0.01977348,0.0024413397,0.006543258,8.856664e-05,-5.0770275e-05,-4.9659902e-05,-0.00038495555,-0.00014440491,0.003205517,-0.00031205732,0.002748537,0.009970903,-0.00042713163,3.3071883e-05,0.0027673463,-0.00077074714,-0.044641644,-0.0030056618,0.002519855,0.00037904028,0.0004234183,8.6872744e-05,0.0001988171,-0.0007759241,1.2863176e-06,-0.0010710367,-0.00011852037,0.0006625203,0.00010529125,0.00036715827,-0.00067564705,-0.0013737732,-0.001316102,0.00034881732,0.0030044883,0.1213116,-0.0023896713,0.0028579854,-0.016472407,-0.011790021,-0.01308215,-0.046303697,-5.629787e-07
CH*BT,-0.6317034309271604,0.06073577,2.457397160827418e-25,1.3039343e-05,0.00022118857,2.7672766e-06,-1.6527874e-05,-1.6275928e-05,5.8081883e-07,-1.2684959e-05,-0.0002425343,-7.661401e-06,4.4912576e-05,-2.7098149e-05,-2.6266705e-05,-4.4884015e-05,0.00015458235,-4.3792603e-05,4.898092e-05,0.00010172696,-0.00030365254,-0.00039253756,0.00011115488,4.930834e-05,0.0033576728,0.00044934684,-0.01651163,0.00014358197,-0.000109368215,1.1703897e-05,-8.616858e-05,4.6140012e-05,-0.0010369157,0.00011808946,0.00046989362,5.599905e-07,0.00035574764,9.199565e-06,4.3234097e-05,2.1666141e-05,-6.654838e-06,4.057064e-05,-0.00019559155,-0.00016698832,6.123482e-05,-1.1092528e-05,-2.9231473e-05,3.0563686e-05,0.0012923278,0.0002622937,-0.00025876117,-2.0031574e-05,-0.00069436064,-1.8236024e-06,-3.6344927e-06,3.5765337e-05,-1.7665053e-06,4.3403365e-05,-0.00071234937,-1.3146611e-05,0.00029963217,-1.34473485e-05,3.626583e-05,5.0010225e-05,0.00021944747,3.9274255e-05,-0.00068987993,-0.0023896713,0.003688834,8.0323225e-05,0.0011124178,0.0005171685,0.0003864866,0.003357279,0.0005354382
CH*BU,-0.5037889299001128,0.027415542,2.0437600130915465e-75,-1.980351e-05,1.7533814e-05,5.212062e-05,-1.2689018e-05,-2.631035e-05,-1.232476e-06,-1.4108776e-05,-0.00015039467,1.6736529e-05,4.661385e-06,5.943522e-05,4.4399454e-05,5.345449e-05,-0.00043332225,9.3960785e-05,-4.719723e-05,-0.00012170032,-2.2307937e-05,-1.0950593e-05,0.00027906723,-8.128342e-06,3.8057544e-05,0.0009196835,-3.7089252e-05,-0.00025958024,-2.80305e-05,-8.553913e-05,0.00015279267,-5.4395034e-05,-0.00017240198,0.00063018873,-0.0012183308,-1.2742825e-05,2.762881e-05,3.3610984e-05,3.2648455e-05,-2.5801432e-06,1.0625675e-05,2.328774e-06,-9.294989e-05,0.00024650065,5.0083516e-05,0.00010765412,0.000106297884,1.8440247e-05,-0.0025109835,8.304869e-05,3.954623e-05,-1.4778358e-05,0.00012269757,1.0356662e-05,4.874951e-06,-2.8526476e-05,3.766048e-06,-6.706351e-05,-0.000337813,-7.872017e-06,1.6914684e-05,0.00011618655,2.5409523e-05,-5.30544e-05,-0.00074142776,5.2085754e-05,-0.0009404035,0.0028579854,8.0323225e-05,0.0007516119,0.0005750209,-6.5898406e-05,-0.011583473,-0.0007615135,0.00032892748
CH*CD,-1.433715132613912,0.1846227,8.122818270340996e-15,5.2682644e-05,2.5969473e-05,8.501008e-05,0.00035855008,-0.00010453275,-6.7805234e-07,0.0002472016,-0.00071402127,0.00010037955,-3.814031e-05,-8.860377e-05,0.00017225748,-0.00024172639,-0.0005604932,-0.0012395255,-0.0014121011,0.0018324842,-3.4076966e-05,-4.3843705e-05,-0.002820764,-0.00025651974,0.0020495886,-0.0014851678,0.0054756715,0.0010994563,-6.8269095e-05,-9.956652e-05,-0.0013163349,-0.00023546901,-0.0027631014,-0.00036643448,0.003035158,-0.0003584333,-0.000497859,-0.00034708958,-0.0007301012,-0.00034412116,-0.0008162791,-0.0005091695,0.0048108357,-0.0011085928,0.000160304,0.000120237244,0.00022718677,0.0001271999,0.0011805131,0.0017263407,0.0003947608,0.0005721068,0.00041356008,-5.8907197e-05,0.000107633394,-0.00017142529,7.0804994e-08,-0.00018768368,0.0030166325,-0.00054193346,-0.00028569938,-0.00033771346,0.0003638018,-0.0002622978,0.0010449459,-0.0010292344,-0.0015055942,-0.016472407,0.0011124178,0.0005750209,0.034085542,0.002544865,-0.020676617,0.018728856,0.0015590471
CH*BV,-0.4093389076573238,0.045692157,3.2875164403998043e-19,-1.9607682e-05,1.0593956e-05,1.964639e-05,-1.638583e-05,-5.109164e-05,3.4036682e-07,-1.2872343e-06,-0.00020739666,0.00011037693,3.0611143e-05,-8.281582e-06,3.049845e-06,-7.044887e-05,-0.00012197925,-0.00010730669,0.0019076662,0.00069518446,-1.6226964e-05,-1.2783144e-05,-0.0001747586,-0.00014870492,0.00086317956,-0.00020480734,0.001469232,0.00067453313,-2.325663e-05,-3.5631365e-06,-7.882752e-05,-0.00011282846,-0.00066807243,-0.00030060194,-8.4713785e-05,-2.045297e-05,2.4314064e-05,1.4863707e-05,6.408798e-05,2.94995e-05,-0.0003077208,5.6764995e-05,-0.00058901473,-0.0007390528,7.025915e-05,1.5497842e-05,-0.00028513628,0.0001100519,0.003239969,0.0004160198,0.0002987017,-5.417306e-05,0.00011342071,1.6442009e-05,-1.5671978e-05,-7.0099986e-06,-9.885235e-07,0.00015738393,-0.0016910605,-6.475122e-05,-1.7385202e-05,-4.5379733e-05,0.000101538804,0.00047750954,-0.00032570848,-1.4513747e-05,-0.0017795241,-0.011790021,0.0005171685,-6.5898406e-05,0.002544865,0.002087773,-0.0055931034,0.004854401,0.00043221773
CH*CS,3.9742195750299407,0.8884327,7.702416887821343e-06,0.0005029583,-4.6227565e-06,-8.827367e-05,0.00026085216,0.00019496873,-9.758842e-05,-0.00038726116,-0.0013752648,-0.00075758836,6.0006358e-05,-0.0013020545,-0.0009267219,-0.0012630835,0.020082284,-0.0031146847,0.0070824423,0.0020214112,-2.3807663e-05,0.0004568922,-0.0007112631,0.003099072,-0.026639232,0.008892274,0.002315167,0.0071242126,-0.00040209555,0.00091215794,-0.0031143283,0.0025103549,-0.08633065,0.010144146,-0.0011193948,1.8313121e-05,-0.0006439781,-0.00040459642,-0.0009016771,-0.00032046693,0.0037964915,-0.0006243771,0.0037484935,-0.009002804,-0.00022387551,-0.0022797587,-0.0029208758,-0.00020298238,0.11028267,-0.009731266,0.00020285562,0.0018103482,-0.009341921,-0.00014066669,0.0003727649,0.0005011362,0.00030114202,-0.00027344888,-0.0027007149,-0.00066622166,0.00047319473,2.718987e-05,-0.0006716323,-0.0028708698,0.029413147,0.0013885255,0.023156013,-0.01308215,0.0003864866,-0.011583473,-0.020676617,-0.0055931034,0.7893126,-0.0765192,0.0025886742
CH*DP,-3.321430118498557,0.4598984,5.119260992311569e-13,0.00036979016,4.1650448e-05,0.00019274531,0.00053935463,-0.00034736042,-8.499597e-06,0.00075930817,-0.0017800734,-0.0014954864,-0.0004011583,-8.110702e-05,-0.0009779404,-0.00031906314,-0.000454622,0.0013566316,-0.017456925,0.004588762,-6.871211e-05,-0.00024923042,-0.0015044113,0.0007548535,-0.0056294603,-0.018239167,0.011556596,0.005203989,-0.0001651283,-0.0004435208,0.00081599,-6.104093e-05,-0.020451212,-0.004531136,0.010533978,-7.254648e-05,-0.00070523564,-0.00042016967,-0.0012577301,-0.00044006747,-0.0018428956,-0.00051124045,0.002367601,-0.002718377,0.00033996845,8.326992e-05,-0.0017479152,0.000642293,0.008071468,0.01863265,-0.00448367,-0.00042629172,0.000697432,-2.2492213e-05,-5.2397423e-05,4.804115e-05,2.8941757e-05,0.0025984687,0.01257995,-8.675797e-05,-0.0010219582,-0.0010154985,-0.0012279744,0.0005079192,0.0051179947,-0.0024982055,0.039832436,-0.046303697,0.003357279,-0.0007615135,0.018728856,0.004854401,-0.0765192,0.21150655,0.004107778
CH*CH,-0.9187554916586028,0.03654243,1.7218661936961048e-139,-1.930163e-05,-3.3988366e-07,-2.0417847e-05,-1.40676375e-05,-5.9572176e-05,3.9390613e-07,-1.3310614e-05,-0.0004579316,4.8056634e-05,2.2956548e-05,1.5106033e-05,5.121574e-05,3.8658294e-05,-0.00016033514,4.7171365e-05,0.00011180182,0.00010292254,-3.2217642e-06,1.9274235e-07,-0.00011288839,3.5260924e-05,-0.00059379905,-0.00010649355,0.0039954833,0.00011773272,1.1583685e-05,3.2623117e-05,-5.511602e-05,3.1040647e-05,-0.0011462285,0.0001438114,0.0014530747,5.8908686e-06,1.3585141e-05,8.018072e-06,3.280112e-05,8.552113e-08,5.3384015e-06,2.4569032e-05,-0.00013342689,-3.742322e-05,7.360097e-05,3.5487803e-05,9.632672e-06,6.975337e-05,0.00078218296,0.0003156298,-8.42917e-05,-7.1995573e-06,-6.7527864e-05,-1.1204176e-06,-3.799446e-06,-1.9856856e-05,-1.1826974e-06,-1.2829275e-05,-0.00072462024,-7.090475e-06,1.5737605e-05,3.471255e-06,2.017728e-05,-4.5133544e-05,0.00021447263,4.472755e-05,-0.0010431091,-5.629787e-07,0.0005354382,0.00032892748,0.0015590471,0.00043221773,0.0025886742,0.004107778,0.0013353493
