Treatments,species,true,pred,stdv
CDanc-BU,BU,0.01384054,0.11920662224292755,0.0027308177668601274
CDanc-BU,CD,0.011926127,0.02893943339586258,0.012666217051446438
CDanc-BU,BU,0.23919032533333331,0.6406950354576111,0.007545515429228544
CDanc-BU,CD,0.14617634133333332,0.12006261199712753,0.014375830069184303
CDanc-BU,BU,0.906576979,0.6308762431144714,0.007567287888377905
CDanc-BU,CD,0.2886230223333333,0.35903123021125793,0.028829319402575493
CDanc-BU,BU,0.5550739336666667,0.5701674818992615,0.006772872991859913
CDanc-BU,CD,0.5700844056666666,0.4024287462234497,0.032918475568294525
CDanc-CA-BV,CA,0.27386860366666665,0.06013048067688942,0.0014081825502216816
CDanc-CA-BV,CD,0.866942195,0.33209601044654846,0.03092545084655285
CDanc-CA-BV,BV,0.251655901,0.7784443497657776,0.01681322418153286
CDanc-CS-BT,BT,1.0745103583333333,0.9990152716636658,0.006960185244679451
CDanc-CS-BT,CD,0.13957183333333334,0.14528580009937286,0.015360541641712189
CDanc-CS-BT,CS,0.017584487666666666,0.0002384967519901693,0.02226596511900425
CDanc-CS-BT-BU-BV,BT,0.827561486,0.7944362163543701,0.0073744929395616055
CDanc-CS-BT-BU-BV,BU,0.231113746,0.2828530967235565,0.0038892878219485283
CDanc-CS-BT-BU-BV,CD,0.028624202,0.052322253584861755,0.013012519106268883
CDanc-CS-BT-BU-BV,BV,0.12033266166666666,0.07321374118328094,0.0073631457053124905
CDanc-CS-BT-BU-BV,CS,0.003834569666666667,9.935918114933884e-07,0.022262681275606155
CDanc-CS-BT-BU-BV,BT,0.8109950403333334,0.8757643699645996,0.007184922695159912
CDanc-CS-BT-BU-BV,BU,0.22964533433333334,0.21993277966976166,0.0038171010091900826
CDanc-CS-BT-BU-BV,CD,0.12679966233333334,0.05705029517412186,0.013282821513712406
CDanc-CS-BT-BU-BV,BV,0.044038447,0.01913505047559738,0.0072252871468663216
CDanc-CS-BT-BU-BV,CS,0.004388196,4.6173628809320633e-10,0.022262681275606155
CDanc-DP-BV,CD,0.48101326133333333,0.47416070103645325,0.045897334814071655
CDanc-DP-BV,BV,0.6386184433333333,0.6804724931716919,0.014636007137596607
CDanc-DP-BV,DP,0.02553496566666667,0.02712077647447586,0.014016719534993172
CDanc-CH,CD,0.010875525333333335,0.026044681668281555,0.00016063648217823356
CDanc-CH,CH,0.0016911413333333333,0.02360669896006584,0.0209276732057333
CDanc-CH,CD,0.11055987333333332,0.1107557862997055,0.0012019898276776075
CDanc-CH,CH,0.005306793666666666,0.09373781830072403,0.02122374437749386
CDanc-CH,CD,0.2680235875,0.39273369312286377,0.01529491227120161
CDanc-CH,CH,0.15235974116666667,0.40939462184906006,0.02809593640267849
CDanc-CS-CH-CA,CA,0.11675274866666667,0.2443593442440033,0.035786762833595276
CDanc-CS-CH-CA,CD,0.512658926,0.2740412950515747,0.0074344417080283165
CDanc-CS-CH-CA,CS,0.010814779666666668,0.002576287370175123,0.035448528826236725
CDanc-CS-CH-CA,CH,0.008106891333333333,0.2356145679950714,0.0235538762062788
CDanc-CS-CH-CA,CA,0.23233468833333334,0.34966346621513367,0.06435830891132355
CDanc-CS-CH-CA,CD,0.39931814899999996,0.211273655295372,0.00711392005905509
CDanc-CS-CH-CA,CS,0.012586554666666666,0.050453897565603256,0.25961485505104065
CDanc-CS-CH-CA,CH,0.03702726866666667,0.17805932462215424,0.0942181646823883
CDanc-CS-DP-BU-BV,BU,0.5796566586666667,0.44529828429222107,0.01899525709450245
CDanc-CS-DP-BU-BV,CD,0.33123496366666666,0.37873128056526184,0.014529614709317684
CDanc-CS-DP-BU-BV,BV,0.19300941166666666,0.4434347450733185,0.016158314421772957
CDanc-CS-DP-BU-BV,CS,0.007375360333333333,2.1464154997374862e-05,0.035423606634140015
CDanc-CS-DP-BU-BV,DP,0.014456896666666665,0.015620047226548195,0.03034157119691372
CDanc-CS-DP-BU-BV,BU,0.40539278566666664,0.3838096261024475,0.025528309866786003
CDanc-CS-DP-BU-BV,CD,0.21295601733333336,0.430357426404953,0.021358506754040718
CDanc-CS-DP-BU-BV,BV,0.482798196,0.4225498139858246,0.02700929529964924
CDanc-CS-DP-BU-BV,CS,0.005512512333333334,1.1840129987561454e-09,0.035423602908849716
CDanc-CS-DP-BU-BV,DP,0.010640477,0.03572538122534752,0.030650286003947258
CDanc-CS-DP-BU-CA,CA,0.06391890533333333,0.05775695666670799,0.0018334925407543778
CDanc-CS-DP-BU-CA,BU,0.6999724296666666,0.7336199879646301,0.027229778468608856
CDanc-CS-DP-BU-CA,CD,0.34477698900000003,0.29295897483825684,0.008195057511329651
CDanc-CS-DP-BU-CA,CS,0.0069077723333333335,0.00021830067271366715,0.03542445972561836
CDanc-CS-DP-BU-CA,DP,0.025790539,0.03521944209933281,0.030348699539899826
CDanc-CS-DP-BU-CA,CA,0.14706605033333334,0.22233742475509644,0.29689928889274597
CDanc-CS-DP-BU-CA,BU,0.6719134353333334,0.7441105842590332,1.0262770652770996
CDanc-CS-DP-BU-CA,CD,0.29500638933333334,0.33775946497917175,0.013248193077743053
CDanc-CS-DP-BU-CA,CS,0.004858378000000001,0.06227003410458565,0.4193000793457031
CDanc-CS-DP-BU-CA,DP,0.049189064000000005,0.07503197342157364,0.1623043268918991
CDanc-DP-BT-BU-BV-CA,CA,0.013485922333333332,0.009787986055016518,0.0001490292779635638
CDanc-DP-BT-BU-BV-CA,BT,0.8242452533333333,0.8003014922142029,0.043723445385694504
CDanc-DP-BT-BU-BV-CA,BU,0.25841008833333334,0.26412102580070496,0.013321861624717712
CDanc-DP-BT-BU-BV-CA,CD,0.05011776033333334,0.045261166989803314,0.0003051721432711929
CDanc-DP-BT-BU-BV-CA,BV,0.028904523,0.05674530193209648,0.007728901691734791
CDanc-DP-BT-BU-BV-CA,DP,0.009769792333333334,0.005511761177331209,0.030317038297653198
CDanc-DP-BT-BU-BV-CA,CA,0.030624101,0.02685610018670559,0.0004945450928062201
CDanc-DP-BT-BU-BV-CA,BT,0.7609332206666667,0.8147838115692139,0.04504455626010895
CDanc-DP-BT-BU-BV-CA,BU,0.23504978733333334,0.2470342069864273,0.013361876830458641
CDanc-DP-BT-BU-BV-CA,CD,0.08757417733333332,0.07855947315692902,0.000746551260817796
CDanc-DP-BT-BU-BV-CA,BV,0.043914841,0.007976610213518143,0.007463451009243727
CDanc-DP-BT-BU-BV-CA,DP,0.010170522333333333,0.0015897592529654503,0.030316634103655815
CDanc-CH-BU-CA,CA,0.07064101066666667,0.015492701902985573,0.0010957915801554918
CDanc-CH-BU-CA,BU,0.8270080633333333,0.7322621941566467,0.008618216961622238
CDanc-CH-BU-CA,CD,0.256375515,0.25547778606414795,0.012101172469556332
CDanc-CH-BU-CA,CH,0.013908751000000002,0.07693614065647125,0.009869548492133617
CDanc-CH-BU-CA,CA,0.127526479,0.011427653022110462,0.0014036765787750483
CDanc-CH-BU-CA,BU,0.7725607923333332,0.7401750683784485,0.014041202142834663
CDanc-CH-BU-CA,CD,0.2300630743333333,0.2316070795059204,0.014257741160690784
CDanc-CH-BU-CA,CH,0.008782989666666666,0.14105740189552307,0.011110406368970871
CDanc-CH-DP-BT-BU,BT,0.8367495453333333,0.9179080724716187,0.00779529707506299
CDanc-CH-DP-BT-BU,BU,0.23600330166666664,0.2279767096042633,0.005687091965228319
CDanc-CH-DP-BT-BU,CD,0.06658524133333334,0.03966914117336273,0.004725016187876463
CDanc-CH-DP-BT-BU,DP,0.005865259,0.006337236613035202,0.007128053344786167
CDanc-CH-DP-BT-BU,CH,0.007696667666666666,0.004367961082607508,0.00961954053491354
CDanc-CH-DP-BT-BU,BT,0.7793354386666667,0.9071690440177917,0.0076498789712786674
CDanc-CH-DP-BT-BU,BU,0.22880149033333333,0.19796045124530792,0.00565637182444334
CDanc-CH-DP-BT-BU,CD,0.09060623066666668,0.06301584094762802,0.005194047931581736
CDanc-CH-DP-BT-BU,DP,0.0061765809999999996,0.0010819635353982449,0.007119147572666407
CDanc-CH-DP-BT-BU,CH,0.007013565,0.001534558366984129,0.009617692790925503
CDanc-CS-CA,CA,0.16119765,0.055500879883766174,0.0027821511030197144
CDanc-CS-CA,CD,0.4566381055,0.3972519338130951,0.021630490198731422
CDanc-CS-CA,CS,0.017064232999999998,0.009372906759381294,0.019122136756777763
CDanc-CS-CA,CA,0.21322832833333336,0.16016238927841187,0.017479781061410904
CDanc-CS-CA,CD,0.353061659,0.41426533460617065,0.023634053766727448
CDanc-CS-CA,CS,0.00917668,0.008163917809724808,0.023936761543154716
CDanc-DP-BT-CA,CA,0.03016931266666667,0.024284275248646736,0.0013037233147770166
CDanc-DP-BT-CA,BT,1.0425896666666665,1.102504014968872,0.007681811694055796
CDanc-DP-BT-CA,CD,0.07394086933333334,0.044404536485672,0.004911335650831461
CDanc-DP-BT-CA,DP,0.009300164333333333,0.020605839788913727,0.007183907087892294
CDanc-DP-BT-CA,CA,0.15603343,0.04583113640546799,0.0023840491194278
CDanc-DP-BT-CA,BT,0.936693735,1.0615119934082031,0.007967129349708557
CDanc-DP-BT-CA,CD,0.051163535333333336,0.04366692155599594,0.0054452186450362206
CDanc-DP-BT-CA,DP,0.007675959,0.011863993480801582,0.007177278865128756
CS-CH-DP-BT-BU-BV-CA,CA,0.013172101,0.006074456498026848,0.0009538348531350493
CS-CH-DP-BT-BU-BV-CA,BT,0.771952514,0.8544396758079529,0.007730109617114067
CS-CH-DP-BT-BU-BV-CA,BU,0.318997774,0.2678130567073822,0.005825159605592489
CS-CH-DP-BT-BU-BV-CA,BV,0.022833777333333333,0.07325292378664017,0.010045702569186687
CS-CH-DP-BT-BU-BV-CA,CS,0.0034693886666666666,2.7448124455986544e-05,0.019063327461481094
CS-CH-DP-BT-BU-BV-CA,DP,0.012885742666666667,0.0034270971082150936,0.007121483329683542
CS-CH-DP-BT-BU-BV-CA,CH,0.020855346333333333,0.0018836568342521787,0.009609377942979336
CS-CH-DP-BT-BU-BV-CA,CA,0.026517992333333334,0.006457456853240728,0.0009608552791178226
CS-CH-DP-BT-BU-BV-CA,BT,0.7566428406666668,0.8543692827224731,0.007470966316759586
CS-CH-DP-BT-BU-BV-CA,BU,0.27792678533333337,0.2689126431941986,0.005761895328760147
CS-CH-DP-BT-BU-BV-CA,BV,0.029772895333333337,0.020653152838349342,0.009896805509924889
CS-CH-DP-BT-BU-BV-CA,CS,0.0041761283333333335,3.5944199225923512e-06,0.0190633162856102
CS-CH-DP-BT-BU-BV-CA,DP,0.013691634000000001,0.0004470521816983819,0.00711811101064086
CS-CH-DP-BT-BU-BV-CA,CH,0.06260503133333334,0.00023299366876017302,0.009607013314962387
CDanc-CA-CH,CA,0.424318691,0.17757707834243774,0.016655173152685165
CDanc-CA-CH,CD,0.210783265,0.4233874976634979,0.02076037973165512
CDanc-CA-CH,CH,0.11673135866666666,0.00027080756262876093,0.008157108910381794
CDanc-CH-BT,BT,0.9952312170000001,0.8486365675926208,0.09470909088850021
CDanc-CH-BT,CD,0.069565715,0.19972223043441772,0.004729582462459803
CDanc-CH-BT,CH,0.12693638299999999,0.0003865924081765115,0.00817114021629095
CDanc-CS-DP-BT,BT,1.0853958046666665,0.9110246896743774,0.10907179117202759
CDanc-CS-DP-BT,CD,0.064206932,0.09268039464950562,0.0011818899074569345
CDanc-CS-DP-BT,CS,0.0062228380000000005,0.00024168800155166537,0.009971891529858112
CDanc-CS-DP-BT,DP,0.010207767333333334,0.024059994146227837,0.007484303787350655
CDanc-CS-DP-BT,BT,1.0609543316666665,0.9102575778961182,0.10988948494195938
CDanc-CS-DP-BT,CD,0.080568068,0.14312843978405,0.0030857755336910486
CDanc-CS-DP-BT,CS,0.006715382,0.00016722295549698174,0.009972297586500645
CDanc-CS-DP-BT,DP,0.010095554,0.02388083003461361,0.007608730811625719
CDanc-DP-CS,CD,0.32560402066666666,0.3851574957370758,0.017489396035671234
CDanc-DP-CS,CS,0.026948689666666664,0.0011520617408677936,0.00998921412974596
CDanc-DP-CS,DP,0.16884727900000004,0.2553723454475403,0.01285961177200079
CH-DP-BT-BU-BV-CA,CA,0.007331443,0.008456739597022533,0.00013797251449432224
CH-DP-BT-BU-BV-CA,BT,0.8129144949999999,0.7738723754882812,0.07887338846921921
CH-DP-BT-BU-BV-CA,BU,0.31005281133333334,0.2637729048728943,0.006226734258234501
CH-DP-BT-BU-BV-CA,BV,0.025456184333333336,0.057483695447444916,0.005942414049059153
CH-DP-BT-BU-BV-CA,DP,0.011475304666666667,0.004758269060403109,0.007410855032503605
CH-DP-BT-BU-BV-CA,CH,0.011203095666666668,0.00040690304012969136,0.00815779808908701
CH-DP-BT-BU-BV-CA,CA,0.014603722,0.013512184843420982,0.00020128572941757739
CH-DP-BT-BU-BV-CA,BT,0.8086059533333333,0.7638992071151733,0.0766499936580658
CH-DP-BT-BU-BV-CA,BU,0.2636546773333333,0.288207471370697,0.006085103843361139
CH-DP-BT-BU-BV-CA,BV,0.04060463633333333,0.010854668915271759,0.005709447432309389
CH-DP-BT-BU-BV-CA,DP,0.010545007666666667,0.001130852964706719,0.007408397272229195
CH-DP-BT-BU-BV-CA,CH,0.03821932933333333,0.0002311200078111142,0.008161964826285839
CDanc-BT-BU-CA,CA,0.012359901333333333,0.029970135539770126,0.00043579540215432644
CDanc-BT-BU-CA,BT,0.8752898330000001,0.755882978439331,0.00594605877995491
CDanc-BT-BU-CA,BU,0.30059792066666663,0.25832390785217285,0.012039260938763618
CDanc-BT-BU-CA,CD,0.018252353666666665,0.13706213235855103,0.002334497170522809
CDanc-BT-BU-CA,CA,0.02247761233333333,0.12415450066328049,0.00630871020257473
CDanc-BT-BU-CA,BT,0.870774072,0.7589135766029358,0.015447049401700497
CDanc-BT-BU-CA,BU,0.28029982400000003,0.1533876657485962,0.01391259953379631
CDanc-BT-BU-CA,CD,0.06404849533333333,0.15594150125980377,0.0037852698005735874
CDanc-CA,CA,0.0007394356666666667,0.011423562653362751,0.0001474203309044242
CDanc-CA,CD,0.006327231333333333,0.02794870175421238,0.0001900342176668346
CDanc-CA,CA,0.001990791,0.02561909146606922,0.000338655459927395
CDanc-CA,CD,0.10244254233333333,0.1263495236635208,0.0019430771935731173
CDanc-CA,CA,0.11524415066666667,0.1100224182009697,0.004533290863037109
CDanc-CA,CD,0.549155846,0.4282509982585907,0.021328154951334
CDanc-CA,CA,0.10064018400000001,0.23953872919082642,0.02112969569861889
CDanc-CA,CD,0.37281666799999996,0.44005870819091797,0.02274775318801403
CDanc-CA-BT,CA,0.144471694,0.1406034529209137,0.007931869477033615
CDanc-CA-BT,BT,0.9576480813333333,0.8989627361297607,0.00912238098680973
CDanc-CA-BT,CD,0.098946912,0.15486136078834534,0.003629467450082302
CDanc-CS-BT-BU-CA,CA,0.019963184999999998,0.025305239483714104,0.00033884827280417085
CDanc-CS-BT-BU-CA,BT,0.939492982,0.7539670467376709,0.0056200516410171986
CDanc-CS-BT-BU-CA,BU,0.24344098133333333,0.26643499732017517,0.011989916674792767
CDanc-CS-BT-BU-CA,CD,0.029092715,0.1306546926498413,0.002133516129106283
CDanc-CS-BT-BU-CA,CS,0.004476817333333333,0.00013313237286638469,0.005395710002630949
CDanc-CS-BT-BU-CA,CA,0.03251507633333334,0.11816707253456116,0.005789174698293209
CDanc-CS-BT-BU-CA,BT,0.878763656,0.7687402367591858,0.012544370256364346
CDanc-CS-BT-BU-CA,BU,0.21805928033333333,0.15390662848949432,0.013051614165306091
CDanc-CS-BT-BU-CA,CD,0.09244325033333334,0.16004407405853271,0.0035893002059310675
CDanc-CS-BT-BU-CA,CS,0.004085408,8.664025699545164e-06,0.005394822917878628
CDanc-DP-CH,CD,0.2034449163333333,0.41381382942199707,0.020222516730427742
CDanc-DP-CH,DP,0.33838496633333337,0.21460382640361786,0.006749891210347414
CDanc-DP-CH,CH,0.14260345300000002,0.0008675277349539101,0.003727538976818323
CDanc-BT-BV,BT,0.9901584073333334,1.0018473863601685,0.006416541989892721
CDanc-BT-BV,CD,0.23617470966666665,0.061024270951747894,0.023031393066048622
CDanc-BT-BV,BV,0.063133537,0.11179698258638382,0.0027547162026166916
CDanc-CS,CD,0.006386345333333334,0.02923775278031826,0.022162139415740967
CDanc-CS,CS,0.004980321333333333,0.010816404595971107,0.06237885355949402
CDanc-CS,CD,0.08086429899999999,0.14348074793815613,0.02442212402820587
CDanc-CS,CS,0.020569034,0.01692860946059227,0.06238322705030441
CDanc-CS,CD,0.464856838,0.4580126702785492,0.0440637432038784
CDanc-CS,CS,0.025976499333333333,0.003986579831689596,0.06240331381559372
CDanc-CS,CD,0.40265370699999997,0.47758257389068604,0.04574168100953102
CDanc-CS,CS,0.011687954625,0.0003830171481240541,0.06238666549324989
CS-CH-BT-BU-BV-CA,CA,0.009454044,0.005410107783973217,0.006172874476760626
CS-CH-BT-BU-BV-CA,BT,0.807435714,0.7519205212593079,0.007100801449269056
CS-CH-BT-BU-BV-CA,BU,0.27465052133333334,0.32888802886009216,0.004801339004188776
CS-CH-BT-BU-BV-CA,BV,0.077953656,0.08945540338754654,0.0019085947424173355
CS-CH-BT-BU-BV-CA,CS,0.004711183333333333,1.1089913414252806e-06,0.062378693372011185
CS-CH-BT-BU-BV-CA,CH,0.012028237999999998,0.004727225750684738,0.007959961891174316
CS-CH-BT-BU-BV-CA,CA,0.017800714333333332,0.004123336169868708,0.0061714607290923595
CS-CH-BT-BU-BV-CA,BT,0.8147868633333334,0.778705358505249,0.0067085325717926025
CS-CH-BT-BU-BV-CA,BU,0.25681857466666663,0.3330758213996887,0.004691612906754017
CS-CH-BT-BU-BV-CA,BV,0.04518528633333333,0.0214015394449234,0.000997567898593843
CS-CH-BT-BU-BV-CA,CS,0.006019195666666667,3.5973612977358016e-10,0.062378693372011185
CS-CH-BT-BU-BV-CA,CH,0.022956029666666666,0.0011622116435319185,0.007937304675579071
CS-CH-BU-BV,BU,0.8829448723333333,0.7890065908432007,0.019465021789073944
CS-CH-BU-BV,BV,0.16816390833333336,0.3354666531085968,0.015046359039843082
CS-CH-BU-BV,CS,0.012098775333333334,0.0010496072936803102,0.062431175261735916
CS-CH-BU-BV,CH,0.12039246733333335,0.035628609359264374,0.008018480613827705
CS-CH-BU-BV,BU,0.7563416306666667,0.854997992515564,0.6258590817451477
CS-CH-BU-BV,BV,0.325670478,0.3224530816078186,0.016662899404764175
CS-CH-BU-BV,CS,0.014938509666666669,0.03084392286837101,0.1554872840642929
CS-CH-BU-BV,CH,0.09301605533333335,0.023777034133672714,0.008061432279646397
CDanc-DP,CD,0.012001608999999998,0.0261666402220726,0.00016852804401423782
CDanc-DP,DP,0.009898391,0.020658716559410095,0.003063203301280737
CDanc-DP,CD,0.13975358066666668,0.10446372628211975,0.0011967482278123498
CDanc-DP,DP,0.048779752333333336,0.06996787339448929,0.0032579773105680943
CDanc-DP,CD,0.3899174273333334,0.27431559562683105,0.007860795594751835
CDanc-DP,DP,0.27758256666666664,0.213374063372612,0.005073286592960358
CDanc-DP,CD,0.40093441436363636,0.24892540276050568,0.007009096909314394
CDanc-DP,DP,0.20538680345454544,0.264681339263916,0.006255180109292269
CDanc-DP-BU,BU,0.5910313933333333,0.6847468614578247,0.008840792812407017
CDanc-DP-BU,CD,0.4205312943333334,0.43038448691368103,0.018938271328806877
CDanc-DP-BU,DP,0.14350399700000002,0.02747814729809761,0.003117096144706011
CH-DP-BT-BU,BT,0.8445462246666667,0.8528290390968323,0.006079103797674179
CH-DP-BT-BU,BU,0.28924186133333335,0.28736287355422974,0.005258143879473209
CH-DP-BT-BU,DP,0.008827675666666666,0.007740522734820843,0.0030539617873728275
CH-DP-BT-BU,CH,0.014817584333333333,0.003063394920900464,0.009508133865892887
CH-DP-BT-BU,BT,0.8366360526666666,0.8262355327606201,0.005835367366671562
CH-DP-BT-BU,BU,0.2807203953333333,0.28490355610847473,0.005113961175084114
CH-DP-BT-BU,DP,0.009254062333333334,0.001257079653441906,0.003046531230211258
CH-DP-BT-BU,CH,0.033856156000000005,0.0003907161590177566,0.009502291679382324
CS-DP-BT-BU,BT,0.880185672,0.8180444836616516,0.00586048373952508
CS-DP-BT-BU,BU,0.25886139466666663,0.3216802477836609,0.00529909785836935
CS-DP-BT-BU,CS,0.004767647666666667,4.345890920376405e-05,0.0002696208830457181
CS-DP-BT-BU,DP,0.010451956666666666,0.007471598219126463,0.0030524262692779303
CS-DP-BT-BU,BT,0.8850126836666666,0.8176397085189819,0.0057318564504384995
CS-DP-BT-BU,BU,0.2571899266666667,0.2944745123386383,0.005082881078124046
CS-DP-BT-BU,CS,0.005870640666666667,2.2006151993991807e-06,0.00026954367058351636
CS-DP-BT-BU,DP,0.010260085666666667,0.0010285550961270928,0.003045733319595456
CDanc-CS-BT-BV-CA,CA,0.010070132666666667,0.013291461393237114,0.0002002578548854217
CDanc-CS-BT-BV-CA,BT,0.9613623673333334,0.9960936903953552,0.006982609163969755
CDanc-CS-BT-BV-CA,CD,0.032424744,0.09349621087312698,0.0009966441430151463
CDanc-CS-BT-BV-CA,BV,0.22391496766666666,0.09695583581924438,0.01150339376181364
CDanc-CS-BT-BV-CA,CS,0.004327793000000001,1.0779306194308447e-06,0.011113454587757587
CDanc-CS-BT-BV-CA,CA,0.013266930333333335,0.06465066969394684,0.0025960986968129873
CDanc-CS-BT-BV-CA,BT,0.9430033593333333,0.9920564293861389,0.00716982688754797
CDanc-CS-BT-BV-CA,CD,0.09372465133333334,0.1324678361415863,0.0018835823284462094
CDanc-CS-BT-BV-CA,BV,0.13097313600000002,0.03228994458913803,0.011597040109336376
CDanc-CS-BT-BV-CA,CS,0.004365249666666667,5.413748893623449e-10,0.011113454587757587
CDanc-CS-CH-DP,CD,0.4566745543333333,0.27826306223869324,0.007471137214452028
CDanc-CS-CH-DP,CS,0.02157698266666667,0.0026156369131058455,0.011140583083033562
CDanc-CS-CH-DP,DP,0.15356675866666666,0.1907549351453781,0.010842920280992985
CDanc-CS-CH-DP,CH,0.014648371666666667,0.0842277780175209,0.0032595277298241854
CDanc-CS-CH-DP,CD,0.419802701,0.3802286982536316,1.0533888339996338
CDanc-CS-CH-DP,CS,0.007776360666666667,0.07158598303794861,0.40199723839759827
CDanc-CS-CH-DP,DP,0.22244061333333334,0.30571314692497253,0.13273930549621582
CDanc-CS-CH-DP,CH,0.01908032633333333,0.20758268237113953,0.5030731558799744
CDanc-CS-DP-BT-BV-CA,CA,0.012206098333333332,0.011175879277288914,0.00017121376004070044
CDanc-CS-DP-BT-BV-CA,BT,1.0509199436666667,1.0084999799728394,0.006966456770896912
CDanc-CS-DP-BT-BV-CA,CD,0.04623080433333333,0.05910529941320419,0.0004933184245601296
CDanc-CS-DP-BT-BV-CA,BV,0.06814280500000001,0.09740427881479263,0.01156548596918583
CDanc-CS-DP-BT-BV-CA,CS,0.005002527,3.2460818601975916e-06,0.011113455519080162
CDanc-CS-DP-BT-BV-CA,DP,0.011997826000000001,0.008326725102961063,0.007044040132313967
CDanc-CS-DP-BT-BV-CA,CA,0.029689109333333335,0.04373183101415634,0.0013149002334102988
CDanc-CS-DP-BT-BV-CA,BT,0.989631995,1.0029877424240112,0.007021854165941477
CDanc-CS-DP-BT-BV-CA,CD,0.08488093833333332,0.11034789681434631,0.0014494308270514011
CDanc-CS-DP-BT-BV-CA,BV,0.051971430000000006,0.029845811426639557,0.011454859748482704
CDanc-CS-DP-BT-BV-CA,CS,0.005602812333333333,3.3672122867756116e-08,0.011113454587757587
CDanc-CS-DP-BT-BV-CA,DP,0.012390389666666668,0.005006195977330208,0.007042645942419767
CDanc-CS-DP-BU,BU,0.7890050013333333,0.7043877243995667,0.008745322935283184
CDanc-CS-DP-BU,CD,0.313036693,0.33941176533699036,0.01091548427939415
CDanc-CS-DP-BU,CS,0.008173960333333334,9.24376945476979e-05,0.01111353188753128
CDanc-CS-DP-BU,DP,0.025751038666666667,0.05499088391661644,0.007375788874924183
CDanc-CS-DP-BU,BU,0.665726608,0.6076856851577759,0.008532431907951832
CDanc-CS-DP-BU,CD,0.3931455366666667,0.4176141619682312,0.01656528003513813
CDanc-CS-DP-BU,CS,0.009585035666666667,1.5637988326488994e-07,0.011113454587757587
CDanc-CS-DP-BU,DP,0.028142830666666663,0.09957966208457947,0.008354568853974342
CDanc-CS-CH,CD,0.31969154333333333,0.502536952495575,0.0209733247756958
CDanc-CS-CH,CS,0.035831629000000004,0.0018005771562457085,0.0007745230686850846
CDanc-CS-CH,CH,0.13654348433333333,0.009448916651308537,0.005839572288095951
CH-DP-BV-CA,CA,0.02865486266666667,0.06941072642803192,0.0020785843953490257
CH-DP-BV-CA,BV,0.9144954666666667,0.7793735265731812,0.02246137335896492
CH-DP-BV-CA,DP,0.024012601999999997,0.026392219588160515,0.004956275690346956
CH-DP-BV-CA,CH,0.05570375033333333,0.04902965575456619,0.006686702370643616
CH-DP-BV-CA,CA,0.09097150466666666,0.17249998450279236,0.0107522988691926
CH-DP-BV-CA,BV,0.931739352,0.8175632953643799,0.024770082905888557
CH-DP-BV-CA,DP,0.008746028666666667,0.01526036486029625,0.0050602806732058525
CH-DP-BV-CA,CH,0.012109814000000002,0.013105821795761585,0.006552321836352348
CS-DP-BT-BV,BT,1.0794961010000002,1.021877408027649,0.004415822681039572
CS-DP-BT-BV,BV,0.0518562405,0.07672993838787079,0.01254852395504713
CS-DP-BT-BV,CS,0.0053327105,0.0021307647693902254,0.0007773520774208009
CS-DP-BT-BV,DP,0.011464930500000001,0.0069358376786112785,0.0048437868244946
CS-DP-BT-BV,BT,1.0564141366666666,1.0139703750610352,0.004647124093025923
CS-DP-BT-BV,BV,0.061405355333333335,0.023995697498321533,0.01237743254750967
CS-DP-BT-BV,CS,0.0072163823333333335,0.0018050773069262505,0.0007866474916227162
CS-DP-BT-BV,DP,0.012797438,0.002743083517998457,0.004840953275561333
CS-DP-BU-CA,CA,0.08309143000000001,0.03988054767251015,0.000902536790817976
CS-DP-BU-CA,BU,1.0375681110000001,0.923186182975769,0.01401000376790762
CS-DP-BU-CA,CS,0.008459878999999998,4.0870265365811065e-05,0.0007714526727795601
CS-DP-BU-CA,DP,0.036347241333333336,0.012837039306759834,0.004848003387451172
CS-DP-BU-CA,CA,0.37819713266666666,0.06671161204576492,0.0019026952795684338
CS-DP-BU-CA,BU,0.707466653,0.9153015613555908,0.013815863057971
CS-DP-BU-CA,CS,0.011131615333333332,8.729972478249692e-08,0.0007714299135841429
CS-DP-BU-CA,DP,0.05067129233333333,0.0011558401165530086,0.004839097149670124
CDanc-BT,BT,0.040448594,0.1873752623796463,0.02363690733909607
CDanc-BT,CD,0.012784738999999998,0.024923019111156464,0.00016156154742930084
CDanc-BT,BT,0.7718386826666667,0.8815642595291138,0.023794474080204964
CDanc-BT,CD,0.08632798400000001,0.059754494577646255,0.000455189379863441
CDanc-BT,BT,1.218282767,0.9762365818023682,0.023823551833629608
CDanc-BT,CD,0.02711726,0.10153613984584808,0.0011391618754714727
CDanc-BT,BT,1.1516498011666667,0.9755824208259583,0.023870408535003662
CDanc-BT,CD,0.2393335386666667,0.14475463330745697,0.0022222783882170916
CDanc-CS-DP-CA,CA,0.2661011636666667,0.08869505673646927,0.005245189648121595
CDanc-CS-DP-CA,CD,0.33415886599999994,0.3103342056274414,0.009913939982652664
CDanc-CS-DP-CA,CS,0.012388697999999998,0.0035504333209246397,0.019360654056072235
CDanc-CS-DP-CA,DP,0.14735127733333334,0.16479527950286865,0.00806001853197813
CDanc-CS-DP-CA,CA,0.23160861866666668,0.20346695184707642,0.028434045612812042
CDanc-CS-DP-CA,CD,0.3867886063333333,0.3208204507827759,0.01161209400743246
CDanc-CS-DP-CA,CS,0.00856183,0.00035798599128611386,0.019348692148923874
CDanc-CS-DP-CA,DP,0.19217426199999998,0.1907854527235031,0.009434753097593784
CS-BT-BU-BV,BT,0.7484752063333334,0.8378286957740784,0.024012256413698196
CS-BT-BU-BV,BU,0.32657455366666666,0.27404841780662537,0.010629613883793354
CS-BT-BU-BV,BV,0.05608886266666666,0.05181403458118439,0.010050822049379349
CS-BT-BU-BV,CS,0.005728021666666666,3.199476486770436e-05,0.019341668114066124
CS-BT-BU-BV,BT,0.7623571239999999,0.8353086113929749,0.02396783046424389
CS-BT-BU-BV,BU,0.329618565,0.2790030241012573,0.010530115105211735
CS-BT-BU-BV,BV,0.02721027233333333,0.013040661811828613,0.009987163357436657
CS-BT-BU-BV,CS,0.007947363,4.652838470065035e-06,0.019341640174388885
CS-CH-DP-BU-BV,BU,0.8173882570000001,0.7184675335884094,0.024881189689040184
CS-CH-DP-BU-BV,BV,0.21775767166666668,0.34507039189338684,0.01236595120280981
CS-CH-DP-BU-BV,CS,0.00720066,7.914821617305279e-05,0.019341804087162018
CS-CH-DP-BU-BV,DP,0.01595268433333333,0.011492859572172165,0.005776712670922279
CS-CH-DP-BU-BV,CH,0.044667428,0.01680249534547329,0.0024255013559013605
CS-CH-DP-BU-BV,BU,0.5298494723333333,0.7588797211647034,0.026879137381911278
CS-CH-DP-BU-BV,BV,0.506499039,0.28720974922180176,0.012294095009565353
CS-CH-DP-BU-BV,CS,0.005596434,6.205873796716332e-05,0.019341981038451195
CS-CH-DP-BU-BV,DP,0.014111347000000002,0.005894066765904427,0.005773049313575029
CS-CH-DP-BU-BV,CH,0.045610352,0.025570087134838104,0.0025372549425810575
CDanc-CA-BU,CA,0.23391977633333336,0.1604791283607483,0.017175091430544853
CDanc-CA-BU,BU,0.36315315466666664,0.7082001566886902,0.009866654872894287
CDanc-CA-BU,CD,0.482460442,0.2836397886276245,0.024971136823296547
CDanc-CS-BU,BU,0.5099948873333334,0.6523725986480713,0.11467535048723221
CDanc-CS-BU,CD,0.48626584900000003,0.4493338465690613,0.029267949983477592
CDanc-CS-BU,CS,0.037505965333333335,0.006812103558331728,0.002995433984324336
CDanc-CS-BV-CA,CA,0.022253925999999997,0.06429364532232285,0.0028699496760964394
CDanc-CS-BV-CA,CD,0.4301503713333334,0.7457194328308105,0.05149687081575394
CDanc-CS-BV-CA,BV,0.8031129956666666,0.5065786838531494,0.01447202730923891
CDanc-CS-BV-CA,CS,0.014649377333333333,0.0037456986028701067,0.00026561052072793245
CDanc-CS-BV-CA,CA,0.055596076333333334,0.17349320650100708,0.02019544318318367
CDanc-CS-BV-CA,CD,0.47362284400000004,0.8201016187667847,0.06526638567447662
CDanc-CS-BV-CA,BV,0.7442171213333334,0.2820490896701813,0.0138038145378232
CDanc-CS-BV-CA,CS,0.009997311333333333,5.103902367409319e-05,0.00023739335301797837
CS-CH-DP-BU,BU,1.004980619,0.9526790380477905,0.012612972408533096
CS-CH-DP-BU,CS,0.008009321,0.008273892104625702,0.0002465800498612225
CS-CH-DP-BU,DP,0.029679228,0.02982424758374691,0.004196625668555498
CS-CH-DP-BU,CH,0.034880840999999996,0.0010116512421518564,0.03293684497475624
CS-CH-DP-BU,BU,0.9155818216666667,0.9144518375396729,0.01163441315293312
CS-CH-DP-BU,CS,0.010593122000000002,0.0016287874896079302,0.00023919425439089537
CS-CH-DP-BU,DP,0.02833957133333333,0.022948002442717552,0.004201732575893402
CS-CH-DP-BU,CH,0.06901882366666666,2.0514615243882872e-05,0.032936032861471176
CDanc-BV,CD,0.013983613666666667,0.026266198605298996,0.0001694036036496982
CDanc-BV,BV,0.05088305333333334,0.03953823074698448,0.006309050600975752
CDanc-BV,CD,0.104674388,0.12042882293462753,0.0015634172596037388
CDanc-BV,BV,0.883292279,0.23397241532802582,0.007244115229696035
CDanc-BV,CD,0.5454396703333333,0.5252148509025574,0.02832113578915596
CDanc-BV,BV,0.7373936626666667,0.6718949675559998,0.014631079509854317
CDanc-BV,CD,0.718298436,0.5714542269706726,0.03336872532963753
CDanc-BV,BV,0.5932598798333333,0.6484510898590088,0.014369625598192215
CDanc-CH-BT-BU-BV,BT,0.8095653213333334,0.8176138997077942,0.004857579246163368
CDanc-CH-BT-BU-BV,BU,0.19030320733333336,0.2726278007030487,0.00518215773627162
CDanc-CH-BT-BU-BV,CD,0.024205926333333332,0.060317181050777435,0.0004943543463014066
CDanc-CH-BT-BU-BV,BV,0.168705509,0.03658591955900192,0.0063381921499967575
CDanc-CH-BT-BU-BV,CH,0.008686710666666667,0.0284043550491333,0.0022766764741390944
CDanc-CH-BT-BU-BV,BT,0.8242790203333333,0.8849062323570251,0.005036675371229649
CDanc-CH-BT-BU-BV,BU,0.22883297566666663,0.21901878714561462,0.005643811542540789
CDanc-CH-BT-BU-BV,CD,0.10507147733333333,0.07796318829059601,0.0009211936267092824
CDanc-CH-BT-BU-BV,BV,0.035105454,0.006463869009166956,0.006292861886322498
CDanc-CH-BT-BU-BV,CH,0.004277736333333333,0.028343046084046364,0.002463675569742918
CS-CH-BT-CA,CA,0.012518623999999999,0.03369259461760521,0.0005236145225353539
CS-CH-BT-CA,BT,1.178254097,0.9761620163917542,0.004566592629998922
CS-CH-BT-CA,CS,0.0040385125,0.0016703277360647917,0.0011111005442216992
CS-CH-BT-CA,CH,0.008188731,0.06629490107297897,0.002620584797114134
CS-CH-BT-CA,CA,0.02367675866666667,0.25842389464378357,0.5714956521987915
CS-CH-BT-CA,BT,1.1088278710000001,1.1692841053009033,2.967298984527588
CS-CH-BT-CA,CS,0.007509137,0.013783156871795654,0.01102291140705347
CS-CH-BT-CA,CH,0.004019581,0.28013646602630615,0.9993460774421692
CS-CH-BV-CA,CA,0.07483740533333333,0.07452313601970673,0.0020417848136276007
CS-CH-BV-CA,BV,0.8430321833333334,0.770494282245636,0.01790904439985752
CS-CH-BV-CA,CS,0.025808517666666666,0.002916170284152031,0.0011449020821601152
CS-CH-BV-CA,CH,0.2967219246666667,0.14930257201194763,0.004244659561663866
CS-CH-BV-CA,CA,0.10666837066666668,0.1998574137687683,0.014207493513822556
CS-CH-BV-CA,BV,1.012612555,0.8916559815406799,0.023652568459510803
CS-CH-BV-CA,CS,0.015497083666666666,0.005791300907731056,0.002675030380487442
CS-CH-BV-CA,CH,0.11382199233333333,0.008093472570180893,0.0023801992647349834
CDanc-CA-CS,CA,0.128767567,0.19381995499134064,0.016272109001874924
CDanc-CA-CS,CD,0.46972550966666665,0.39977073669433594,0.01957138627767563
CDanc-CA-CS,CS,0.012373583666666667,0.0001726611371850595,0.03072183206677437
CDanc-CS-BV,CD,0.8097001873333333,0.599209725856781,0.04381558299064636
CDanc-CS-BV,BV,0.5291128079999999,0.6770100593566895,0.01825937256217003
CDanc-CS-BV,CS,0.027053659999999997,0.0003010098007507622,0.030730407685041428
CDanc-CS-CH-DP-BT-BU-BV-CA,CA,0.012582548333333332,0.008720841258764267,0.00013329654757399112
CDanc-CS-CH-DP-BT-BU-BV-CA,BT,0.8216007296666666,0.8546932339668274,0.01838352158665657
CDanc-CS-CH-DP-BT-BU-BV-CA,BU,0.23477223533333336,0.24708743393421173,0.05048433691263199
CDanc-CS-CH-DP-BT-BU-BV-CA,CD,0.048383795,0.032615259289741516,0.00024352750915568322
CDanc-CS-CH-DP-BT-BU-BV-CA,BV,0.028820963666666668,0.04892994835972786,0.010310512036085129
CDanc-CS-CH-DP-BT-BU-BV-CA,CS,0.003990721,5.1640359743032604e-05,0.030721554532647133
CDanc-CS-CH-DP-BT-BU-BV-CA,DP,0.011405296333333334,0.0044569591991603374,0.00815710797905922
CDanc-CS-CH-DP-BT-BU-BV-CA,CH,0.009710381666666665,0.0025527181569486856,0.025347743183374405
CDanc-CS-CH-DP-BT-BU-BV-CA,CA,0.032714805,0.02448323741555214,0.0003815164673142135
CDanc-CS-CH-DP-BT-BU-BV-CA,BT,0.7461660936666666,0.8775230646133423,0.018327930942177773
CDanc-CS-CH-DP-BT-BU-BV-CA,BU,0.22030351066666665,0.21592989563941956,0.050799157470464706
CDanc-CS-CH-DP-BT-BU-BV-CA,CD,0.08674581333333332,0.06809577345848083,0.0007881796336732805
CDanc-CS-CH-DP-BT-BU-BV-CA,BV,0.038795432,0.011619485914707184,0.010213801637291908
CDanc-CS-CH-DP-BT-BU-BV-CA,CS,0.003997026666666667,6.020226919645211e-06,0.030721474438905716
CDanc-CS-CH-DP-BT-BU-BV-CA,DP,0.007589612,0.0015899586724117398,0.00815504975616932
CDanc-CS-CH-DP-BT-BU-BV-CA,CH,0.013354368333333333,0.0007202044362202287,0.025346240028738976
DP-BT-BV-CA,CA,0.0054307466666666665,0.013077466748654842,0.0001765470951795578
DP-BT-BV-CA,BT,1.0465466483333332,0.9789540767669678,0.017787769436836243
DP-BT-BV-CA,BV,0.09583879733333334,0.096913643181324,0.010549112223088741
DP-BT-BV-CA,DP,0.007683817333333333,0.006438655313104391,0.008160742931067944
DP-BT-BV-CA,CA,0.011217499333333334,0.02631380409002304,0.0004342115134932101
DP-BT-BV-CA,BT,1.0750140436666664,0.9702104926109314,0.01769663579761982
DP-BT-BV-CA,BV,0.055494804,0.053184062242507935,0.010502642951905727
DP-BT-BV-CA,DP,0.009673658333333333,0.0021724326070398092,0.008156092837452888
CDanc-CH-BU,BU,0.726442987,0.5909548401832581,0.009213732555508614
CDanc-CH-BU,CD,0.2018966666666667,0.4140720069408417,0.052582982927560806
CDanc-CH-BU,CH,0.19766038766666663,0.0005706802476197481,0.04933039844036102
CH-BU-BV-CA,CA,0.024996546999999997,0.021670088171958923,0.03883304446935654
CH-BU-BV-CA,BU,0.834891941,0.8571716547012329,0.01189003698527813
CH-BU-BV-CA,BV,0.21623161266666668,0.1974267214536667,0.012239156290888786
CH-BU-BV-CA,CH,0.08761321799999999,0.027173321694135666,0.049361709505319595
CH-BU-BV-CA,CA,0.0267911955,0.11950322985649109,0.33007359504699707
CH-BU-BV-CA,BU,0.6719140655,0.8576599359512329,0.988182544708252
CH-BU-BV-CA,BV,0.41461648100000004,0.2594244182109833,0.020783917978405952
CH-BU-BV-CA,CH,0.051728243,0.08683224022388458,0.5626120567321777
CS-CH-DP-BT-BU,BT,0.8812797689999999,0.8451347947120667,0.0038635313976556063
CS-CH-DP-BT-BU,BU,0.272708051,0.30753058195114136,0.00819241814315319
CS-CH-DP-BT-BU,CS,0.0023800146666666665,0.00016348058125004172,0.06412333250045776
CS-CH-DP-BT-BU,DP,0.007718087333333334,0.0058227526023983955,0.007945463992655277
CS-CH-DP-BT-BU,CH,0.010580755999999998,0.001238401629962027,0.04933132231235504
CS-CH-DP-BT-BU,BT,0.8432956639999999,0.814801812171936,0.0036145811900496483
CS-CH-DP-BT-BU,BU,0.26758881733333334,0.29828348755836487,0.008015167899429798
CS-CH-DP-BT-BU,CS,0.003903173333333334,7.561979873571545e-05,0.06412291526794434
CS-CH-DP-BT-BU,DP,0.009690118666666666,0.0007634981884621084,0.007940319366753101
CS-CH-DP-BT-BU,CH,0.039322223,6.226368714123964e-05,0.0493299774825573
DP-BT-BU-BV-CA,CA,0.006540427333333334,0.01053045317530632,0.03855670616030693
DP-BT-BU-BV-CA,BT,0.8495348859999999,0.7714911699295044,0.004109056666493416
DP-BT-BU-BV-CA,BU,0.23527680433333334,0.3371778428554535,0.008367754518985748
DP-BT-BU-BV-CA,BV,0.046677956666666666,0.08280931413173676,0.009955069981515408
DP-BT-BU-BV-CA,DP,0.0077699146666666665,0.004498056601732969,0.007943874225020409
DP-BT-BU-BV-CA,CA,0.012515971666666667,0.012278599664568901,0.03867928683757782
DP-BT-BU-BV-CA,BT,0.8369103293333332,0.7801472544670105,0.004106002394109964
DP-BT-BU-BV-CA,BU,0.246084194,0.32751256227493286,0.008434012532234192
DP-BT-BU-BV-CA,BV,0.03318673866666667,0.022171422839164734,0.009806264191865921
DP-BT-BU-BV-CA,DP,0.009869454333333333,0.00048735152813605964,0.00794012937694788
CDanc-CS-CH-DP-BU,BU,0.7333104313333333,0.7608964443206787,0.008992023766040802
CDanc-CS-CH-DP-BU,CD,0.313574253,0.2610071301460266,0.006342767737805843
CDanc-CS-CH-DP-BU,CS,0.006502192666666667,2.4798664526315406e-05,0.00895044393837452
CDanc-CS-CH-DP-BU,DP,0.01951575033333333,0.04606170207262039,0.006232231855392456
CDanc-CS-CH-DP-BU,CH,0.006964055,0.03579544275999069,0.0026971097104251385
CDanc-CS-CH-DP-BU,BU,0.6829117400000001,0.6646701097488403,0.010346919298171997
CDanc-CS-CH-DP-BU,CD,0.33070496,0.36045411229133606,0.012885423377156258
CDanc-CS-CH-DP-BU,CS,0.006793044666666667,2.0490376062554105e-09,0.008950438350439072
CDanc-CS-CH-DP-BU,DP,0.02221213633333333,0.07690878212451935,0.006978997960686684
CDanc-CS-CH-DP-BU,CH,0.014911457000000001,0.039075955748558044,0.0032995319925248623
CS-CH-DP-BT-BU-CA,CA,0.010513162333333333,0.013708548620343208,0.0001904803648358211
CS-CH-DP-BT-BU-CA,BT,0.8556562900000001,0.8770319223403931,0.003828665940091014
CS-CH-DP-BT-BU-CA,BU,0.2725550536666667,0.2615818381309509,0.0042563509196043015
CS-CH-DP-BT-BU-CA,CS,0.002452502,0.0006439895369112492,0.008950849063694477
CS-CH-DP-BT-BU-CA,DP,0.008728357333333334,0.004930929280817509,0.006018669344484806
CS-CH-DP-BT-BU-CA,CH,0.006494634,0.0016535460017621517,0.0026030512526631355
CS-CH-DP-BT-BU-CA,CA,0.04370086666666667,0.019177502021193504,0.00028313149232417345
CS-CH-DP-BT-BU-CA,BT,0.823884028,0.8524125814437866,0.0036312094889581203
CS-CH-DP-BT-BU-CA,BU,0.24452857833333333,0.2631254196166992,0.004276631399989128
CS-CH-DP-BT-BU-CA,CS,0.004447688666666666,7.446192466886714e-05,0.00895067397505045
CS-CH-DP-BT-BU-CA,DP,0.007900759666666667,0.0003591293061617762,0.006012718193233013
CS-CH-DP-BT-BU-CA,CH,0.019671441999999997,5.332242290023714e-05,0.0026019320357590914
CS-DP-BT-BU-BV,BT,0.8542205095,0.8613446950912476,0.003710344200953841
CS-DP-BT-BU-BV,BU,0.232428733,0.23987281322479248,0.004147334024310112
CS-DP-BT-BU-BV,BV,0.07895136650000001,0.03568476065993309,0.00782480463385582
CS-DP-BT-BU-BV,CS,0.0038350520000000003,1.9920698832720518e-05,0.008950441144406796
CS-DP-BT-BU-BV,DP,0.008964334000000001,0.004059553146362305,0.0060158055275678635
CS-DP-BT-BU-BV,BT,0.8373399676666667,0.8571933507919312,0.003568579675629735
CS-DP-BT-BU-BV,BU,0.258298494,0.2520771324634552,0.004160428885370493
CS-DP-BT-BU-BV,BV,0.042783253333333326,0.001826841733418405,0.007684166543185711
CS-DP-BT-BU-BV,CS,0.004959891333333333,8.157387014762207e-07,0.008950438350439072
CS-DP-BT-BU-BV,DP,0.009851717666666667,0.0004777272406499833,0.0060127475298941135
CS-DP-BT-BU-BV-CA,CA,0.007007930666666666,0.00970623828470707,0.00014539483527187258
CS-DP-BT-BU-BV-CA,BT,0.6543779886666666,0.8615213632583618,0.0036805106792598963
CS-DP-BT-BU-BV-CA,BU,0.432480354,0.23443983495235443,0.004061738960444927
CS-DP-BT-BU-BV-CA,BV,0.028670955999999997,0.047147080302238464,0.007950332015752792
CS-DP-BT-BU-BV-CA,CS,0.0029409983333333334,2.2427268049796112e-05,0.008950440213084221
CS-DP-BT-BU-BV-CA,DP,0.009855107333333335,0.0034911895636469126,0.006015444174408913
CS-DP-BT-BU-BV-CA,CA,0.013973866333333335,0.013662667013704777,0.0001937748893396929
CS-DP-BT-BU-BV-CA,BT,0.672904892,0.8586155772209167,0.0035719177685678005
CS-DP-BT-BU-BV-CA,BU,0.41532315933333336,0.25179123878479004,0.004156031645834446
CS-DP-BT-BU-BV-CA,BV,0.029488734333333332,0.004123057704418898,0.007695271633565426
CS-DP-BT-BU-BV-CA,CS,0.005404638333333333,1.224885295414424e-06,0.008950438350439072
CS-DP-BT-BU-BV-CA,DP,0.008838055666666665,0.0003274842747487128,0.006012695841491222
CDanc-BU-BV,BU,0.2951363793333333,0.36082592606544495,0.007742924150079489
CDanc-BU-BV,CD,0.464533873,0.42532703280448914,0.036271993070840836
CDanc-BU-BV,BV,0.5793630683333334,0.44572341442108154,0.017603717744350433
CDanc-CH-BV,CD,0.19292742566666665,0.5297278761863708,0.06366759538650513
CDanc-CH-BV,BV,0.483559986,0.6350235342979431,0.0290286373347044
CDanc-CH-BV,CH,0.5953792626666666,0.08037225902080536,0.01578635349869728
CDanc-CS-DP-BV-CA,CA,0.012170694666666667,0.06041872501373291,0.013442480936646461
CDanc-CS-DP-BV-CA,CD,0.3580494216666667,0.5083763003349304,0.048681147396564484
CDanc-CS-DP-BV-CA,BV,0.744672381,0.6726513504981995,0.026158101856708527
CDanc-CS-DP-BV-CA,CS,0.006973396666666666,0.0003972446429543197,0.02635142020881176
CDanc-CS-DP-BV-CA,DP,0.013500779,0.019176848232746124,0.005734410602599382
CDanc-CS-DP-BV-CA,CA,0.038857643000000004,0.15238864719867706,0.023880397900938988
CDanc-CS-DP-BV-CA,CD,0.23262798966666667,0.5773365497589111,0.060167424380779266
CDanc-CS-DP-BV-CA,BV,0.8932105776666667,0.6188690662384033,0.025232486426830292
CDanc-CS-DP-BV-CA,CS,0.0037151443333333332,7.255492528202012e-05,0.026349132880568504
CDanc-CS-DP-BV-CA,DP,0.007855310666666665,0.0071454658173024654,0.005784640088677406
CDanc-DP-CA,CA,0.13929021033333333,0.30183514952659607,0.05803867056965828
CDanc-DP-CA,CD,0.33363458333333335,0.3395386040210724,0.0285805594176054
CDanc-DP-CA,DP,0.141408553,0.17005452513694763,0.00746549665927887
CDanc-CH-DP-CA,CA,0.22051517966666667,0.07211685180664062,0.0030205892398953438
CDanc-CH-DP-CA,CD,0.3768782673333333,0.3179660737514496,0.010666635818779469
CDanc-CH-DP-CA,DP,0.10633871333333333,0.16312339901924133,0.00886679906398058
CDanc-CH-DP-CA,CH,0.026334492,0.04026533663272858,0.0030206458177417517
CDanc-CH-DP-CA,CA,0.27783816866666666,0.22171302139759064,0.028885697945952415
CDanc-CH-DP-CA,CD,0.38850057033333335,0.3302097022533417,0.01278233714401722
CDanc-CH-DP-CA,DP,0.17141120299999998,0.177792489528656,0.009839803911745548
CDanc-CH-DP-CA,CH,0.02721672333333333,0.011719089932739735,0.004709693603217602
CS-BT-BU-CA,CA,0.012800851333333335,0.01777142845094204,0.00026682871975935996
CS-BT-BU-CA,BT,0.760218939,0.7533180713653564,0.00859194528311491
CS-BT-BU-CA,BU,0.3701356923333334,0.37893468141555786,0.00531938998028636
CS-BT-BU-CA,CS,0.00527784,4.4814487409894355e-06,0.007736534811556339
CS-BT-BU-CA,CA,0.019618006666666667,0.034252237528562546,0.0007362865726463497
CS-BT-BU-CA,BT,0.8192246470000001,0.7522681951522827,0.008786793798208237
CS-BT-BU-CA,BU,0.33519493666666667,0.3807312846183777,0.00554578797891736
CS-BT-BU-CA,CS,0.005229055666666667,2.1632211300026682e-10,0.007736534811556339
CS-DP-BU-BV-CA,CA,0.03221274266666667,0.033441487699747086,0.0007121162489056587
CS-DP-BU-BV-CA,BU,0.44697695033333334,0.8035054206848145,0.013297462835907936
CS-DP-BU-BV-CA,BV,0.5433888476666666,0.26429852843284607,0.011502282693982124
CS-DP-BU-BV-CA,CS,0.006010620666666667,0.0008755407761782408,0.007737210486084223
CS-DP-BU-BV-CA,DP,0.017177504333333333,0.005457693245261908,0.006410269998013973
CS-DP-BU-BV-CA,CA,0.14753356733333334,0.10786634683609009,0.0066415732726454735
CS-DP-BU-BV-CA,BU,0.41338980966666666,0.6494402885437012,0.013057179749011993
CS-DP-BU-BV-CA,BV,0.42990242799999995,0.4105887711048126,0.014998047612607479
CS-DP-BU-BV-CA,CS,0.008451177999999998,7.201084372354671e-05,0.007736890576779842
CS-DP-BU-BV-CA,DP,0.019223022000000003,0.000522360613103956,0.006406403612345457
DP-BT-BU-BV,BT,0.8443227283333333,0.7022855877876282,0.00962007511407137
DP-BT-BU-BV,BU,0.24560326133333332,0.37612783908843994,0.005667149554938078
DP-BT-BU-BV,BV,0.061455877,0.0683417096734047,0.009388778358697891
DP-BT-BU-BV,DP,0.009318092,0.003196394070982933,0.0064079309813678265
DP-BT-BU-BV,BT,0.8362880436666665,0.7382984757423401,0.009018823504447937
DP-BT-BU-BV,BU,0.25651095399999996,0.38817986845970154,0.005652217660099268
DP-BT-BU-BV,BV,0.04775776733333333,0.010906197130680084,0.009142992086708546
DP-BT-BU-BV,DP,0.010309897333333333,0.0003154640144202858,0.006406333297491074
CDanc-DP-BT,BT,1.0540576676666666,1.0414321422576904,0.006966333836317062
CDanc-DP-BT,CD,0.063412568,0.15526245534420013,0.003169732866808772
CDanc-DP-BT,DP,0.022229735,0.007229099050164223,0.008408640511333942
CS-CH-BT-BU,BT,0.861526892,0.8000150322914124,0.0068202270194888115
CS-CH-BT-BU,BU,0.31551637866666665,0.30952954292297363,0.00562624167650938
CS-CH-BT-BU,CS,0.004433860666666667,0.00011635741975624114,0.01404258981347084
CS-CH-BT-BU,CH,0.007322841,0.0018452316289767623,0.017294321209192276
CS-CH-BT-BU,BT,0.882383908,0.8098238110542297,0.006698496174067259
CS-CH-BT-BU,BU,0.284181434,0.2910615801811218,0.005490822717547417
CS-CH-BT-BU,CS,0.009436338666666667,2.4926746846176684e-05,0.014042263850569725
CS-CH-BT-BU,CH,0.012831630333333335,8.412413444602862e-05,0.017289992421865463
CS-CH-BT-BU-CA,CA,0.005985259,0.011445533484220505,0.00019710265041794628
CS-CH-BT-BU-CA,BT,0.8883526313333333,0.8045032024383545,0.006840089336037636
CS-CH-BT-BU-CA,BU,0.2851578733333333,0.3066926896572113,0.005633654538542032
CS-CH-BT-BU-CA,CS,0.0029307323333333337,0.00011178651038790122,0.0140426866710186
CS-CH-BT-BU-CA,CH,0.006540170666666667,0.00238670757971704,0.017297925427556038
CS-CH-BT-BU-CA,CA,0.011463806333333333,0.01923067308962345,0.00038243996095843613
CS-CH-BT-BU-CA,BT,0.8633133503333333,0.8053826093673706,0.006847316399216652
CS-CH-BT-BU-CA,BU,0.2875700763333333,0.2978818714618683,0.005647664424031973
CS-CH-BT-BU-CA,CS,0.005560663333333334,2.9916667699581012e-05,0.014042291790246964
CS-CH-BT-BU-CA,CH,0.011158756666666667,0.00020758081518579274,0.01729048416018486
CS-CH-DP-BU-BV-CA,CA,0.038634532666666666,0.018428262323141098,0.00035444003879092634
CS-CH-DP-BU-BV-CA,BU,0.7252041943333335,0.7263736128807068,0.00799090787768364
CS-CH-DP-BU-BV-CA,BV,0.24399692466666667,0.35671544075012207,0.011991235427558422
CS-CH-DP-BU-BV-CA,CS,0.007862266666666668,0.0006236900808289647,0.014046693220734596
CS-CH-DP-BU-BV-CA,DP,0.021603201666666665,0.006718621123582125,0.008376064710319042
CS-CH-DP-BU-BV-CA,CH,0.03506555,0.010350286029279232,0.017298126593232155
CS-CH-DP-BU-BV-CA,CA,0.07460211233333335,0.06942056864500046,0.003854424227029085
CS-CH-DP-BU-BV-CA,BU,0.551509147,0.6161731481552124,0.009358356706798077
CS-CH-DP-BU-BV-CA,BV,0.4031135736666666,0.3990284204483032,0.014442087151110172
CS-CH-DP-BU-BV-CA,CS,0.007798855666666667,0.000617323792539537,0.014069260098040104
CS-CH-DP-BU-BV-CA,DP,0.016609585333333333,0.0015269177965819836,0.00836823508143425
CS-CH-DP-BU-BV-CA,CH,0.03256672,0.003412422724068165,0.017294101417064667
CDanc-CS-CH-DP-BU-BV,BU,0.584254756,0.5474294424057007,0.1071566641330719
CDanc-CS-CH-DP-BU-BV,CD,0.3268841053333333,0.25143542885780334,0.008584216237068176
CDanc-CS-CH-DP-BU-BV,BV,0.15983935566666665,0.3459479808807373,0.013542061671614647
CDanc-CS-CH-DP-BU-BV,CS,0.007249005,2.025308987185781e-07,0.10654041171073914
CDanc-CS-CH-DP-BU-BV,DP,0.02715748833333333,0.014761069789528847,0.036665137857198715
CDanc-CS-CH-DP-BU-BV,CH,0.037381959,0.03568552806973457,0.002018749015405774
CDanc-CS-CH-DP-BU-BV,BU,0.4779719863333334,0.561734676361084,0.11650798469781876
CDanc-CS-CH-DP-BU-BV,CD,0.2686316853333333,0.22536911070346832,0.010810403153300285
CDanc-CS-CH-DP-BU-BV,BV,0.31207255066666667,0.3157711327075958,0.019376924261450768
CDanc-CS-CH-DP-BU-BV,CS,0.006713031666666667,1.6891769558623204e-13,0.10654041171073914
CDanc-CS-CH-DP-BU-BV,DP,0.016790743,0.040518589317798615,0.036929741501808167
CDanc-CS-CH-DP-BU-BV,CH,0.032986662,0.04830214008688927,0.0038282324094325304
CDanc-DP-BU-CA,CA,0.06303205333333334,0.05369628593325615,0.0030291990842670202
CDanc-DP-BU-CA,BU,0.7394425189999999,0.5726006031036377,0.11448231339454651
CDanc-DP-BU-CA,CD,0.327575065,0.321532666683197,0.010694612748920918
CDanc-DP-BU-CA,DP,0.025250379,0.02508227899670601,0.036673299968242645
CDanc-DP-BU-CA,CA,0.153087699,0.14703524112701416,0.008898170664906502
CDanc-DP-BU-CA,BU,0.7030969106666666,0.49002718925476074,0.09253384917974472
CDanc-DP-BU-CA,CD,0.25524769433333333,0.38994866609573364,0.015723425894975662
CDanc-DP-BU-CA,DP,0.036901002333333335,0.025315992534160614,0.036859285086393356
CS-BT-BV-CA,CA,0.013062110000000002,0.005866544786840677,0.0022016246803104877
CS-BT-BV-CA,BT,1.016049432,0.9163556098937988,0.05074083060026169
CS-BT-BV-CA,BV,0.11706853266666667,0.13545294106006622,0.011247523128986359
CS-BT-BV-CA,CS,0.005553278666666667,5.193251126911491e-05,0.10654066503047943
CS-BT-BV-CA,CA,0.022577469666666666,0.0041534174233675,0.0021994044072926044
CS-BT-BV-CA,BT,1.0108738546666667,0.92003333568573,0.05111236497759819
CS-BT-BV-CA,BV,0.07077148066666666,0.05371367931365967,0.010998223908245564
CS-BT-BV-CA,CS,0.007943872999999999,9.571642294758931e-05,0.10654131323099136
CS-CH-DP-CA,CA,0.27323695550000004,0.4965333640575409,0.09407632797956467
CS-CH-DP-CA,CS,0.0302080975,0.0882520079612732,0.11061450839042664
CS-CH-DP-CA,DP,0.2239934755,0.13874177634716034,0.039047133177518845
CS-CH-DP-CA,CH,0.0491114625,0.007752878591418266,0.0018977915169671178
CS-CH-DP-CA,CA,0.389091296,1.4133801460266113,3.1762173175811768
CS-CH-DP-CA,CS,0.022178747,1.219519019126892,4.313061237335205
CS-CH-DP-CA,DP,0.227023435,0.506327748298645,1.2401200532913208
CS-CH-DP-CA,CH,0.089406531,0.24172429740428925,1.5591824054718018
CDanc-BU-BT,BT,0.8637418669999999,0.8662972450256348,0.03579878434538841
CDanc-BU-BT,BU,0.1980428816666667,0.1901453584432602,0.004195280373096466
CDanc-BU-BT,CD,0.184748561,0.08357098698616028,0.011715498752892017
CH-DP-BU-CA,CA,0.022302464999999997,0.07642317563295364,0.004016320686787367
CH-DP-BU-CA,BU,1.0456962513333334,0.8649262189865112,0.023006392642855644
CH-DP-BU-CA,DP,0.02098095233333333,0.03981541097164154,0.009938456118106842
CH-DP-BU-CA,CH,0.04068697233333333,0.00177022407297045,0.02558373287320137
CH-DP-BU-CA,CA,0.06480778866666666,0.19751214981079102,0.025918755680322647
CH-DP-BU-CA,BU,0.9726620086666667,0.8215561509132385,0.023959839716553688
CH-DP-BU-CA,DP,0.023330725333333333,0.029357511550188065,0.009966107085347176
CH-DP-BU-CA,CH,0.050866151666666665,6.363244028761983e-05,0.025575703009963036
CS-CH-DP-BV-CA,CA,0.05967953433333333,0.02175561897456646,0.00042106176260858774
CS-CH-DP-BV-CA,BV,0.8834214399999999,0.8922184705734253,0.021118909120559692
CS-CH-DP-BV-CA,CS,0.012474514,0.0007012786227278411,0.018176760524511337
CS-CH-DP-BV-CA,DP,0.036030015666666665,0.0077454387210309505,0.009737486951053143
CS-CH-DP-BV-CA,CH,0.079461189,0.029949169605970383,0.02597864903509617
CS-CH-DP-BV-CA,CA,0.2541832976666667,0.08217576146125793,0.005695806350558996
CS-CH-DP-BV-CA,BV,0.8408658473333334,0.9030312895774841,0.021788688376545906
CS-CH-DP-BV-CA,CS,0.008023103,8.910118776839226e-05,0.018171221017837524
CS-CH-DP-BV-CA,DP,0.01916770333333333,0.009853226132690907,0.009823672473430634
CS-CH-DP-BV-CA,CH,0.026659996000000002,0.08435583859682083,0.028175823390483856
CS-DP-BT-BV-CA,CA,0.007005632,0.00964222103357315,0.0001612958003534004
CS-DP-BT-BV-CA,BT,1.0997645003333334,0.947959840297699,0.0424579419195652
CS-DP-BT-BV-CA,BV,0.06440025066666667,0.10548240691423416,0.011936054565012455
CS-DP-BT-BV-CA,CS,0.0028529003333333334,0.0004974617622792721,0.018189841881394386
CS-DP-BT-BV-CA,DP,0.009543401,0.006332150660455227,0.009727971628308296
CS-DP-BT-BV-CA,CA,0.01130066,0.019533034414052963,0.000870859541464597
CS-DP-BT-BV-CA,BT,1.066017131,0.9267348647117615,0.04923456162214279
CS-DP-BT-BV-CA,BV,0.040706584500000004,0.13385747373104095,0.9642711281776428
CS-DP-BT-BV-CA,CS,0.0053242465,0.024271676316857338,0.07638303190469742
CS-DP-BT-BV-CA,DP,0.0106513955,0.03956121578812599,0.1441446840763092
